date,station_id,station_name,daily_mean_aqi,daily_max_aqi,daily_min_aqi,daily_mean_pm25,daily_max_pm25,daily_min_pm25,daily_mean_pm10,aqi_category,primary_pollutant,data_source,data_quality
2026-06-03,BLR_ST01,Silk Board Junction,140,189,98,71.7,104.0,46.6,129.8,Moderate,PM2.5,DEMO,SIMULATED
2026-06-03,BLR_ST02,BTM Layout CAAQMS,90,122,63,47.3,68.6,30.7,89.6,Satisfactory,PM10,DEMO,SIMULATED
2026-06-03,BLR_ST03,Peenya Industrial Area,195,263,136,88.5,128.3,57.5,169.4,Moderate,PM2.5,DEMO,SIMULATED
2026-06-03,BLR_ST04,Hebbal CAAQMS,144,194,101,73.1,106.0,47.5,140.9,Moderate,PM2.5,DEMO,SIMULATED
2026-06-03,BLR_ST05,Whitefield Export Promotion Industrial Park,108,146,76,56.8,82.4,36.9,110.8,Moderate,PM10,DEMO,SIMULATED
2026-06-03,BLR_ST06,Indiranagar 100ft Road,82,111,57,43.1,62.5,28.0,81.4,Satisfactory,PM10,DEMO,SIMULATED
2026-06-03,BLR_ST07,Jayanagar 4th Block,67,90,47,34.8,50.5,22.6,66.0,Satisfactory,PM10,DEMO,SIMULATED
2026-06-03,BLR_ST08,City Railway Station / Majestic,153,207,107,75.8,109.9,49.3,141.6,Moderate,PM2.5,DEMO,SIMULATED
2026-06-03,BLR_ST09,Saneguruvanahalli (Basaveshwaranagar),78,105,55,41.0,59.4,26.7,77.5,Satisfactory,PM10,DEMO,SIMULATED
2026-06-03,BLR_ST10,BWSSB Kadabeesanahalli (Outer Ring Road),113,153,79,62.4,90.5,40.6,117.8,Moderate,PM10,DEMO,SIMULATED
2026-06-03,BLR_ST11,Hombegowda Nagar (Lalbagh Vicinity),67,90,47,35.6,51.6,23.1,66.2,Satisfactory,PM10,DEMO,SIMULATED
2026-06-03,BLR_ST12,Yelahanka New Town,70,94,49,36.8,53.4,23.9,69.0,Satisfactory,PM10,DEMO,SIMULATED
2026-06-03,BLR_ST13,Electronic City Phase 1,109,147,76,58.8,85.3,38.2,111.5,Moderate,PM10,DEMO,SIMULATED
2026-06-03,BLR_ST14,Mysore Road / Nayandahalli,119,161,83,65.6,95.1,42.6,125.4,Moderate,PM2.5,DEMO,SIMULATED
2026-06-04,BLR_ST01,Silk Board Junction,171,231,120,81.3,117.9,52.8,147.0,Moderate,PM2.5,DEMO,SIMULATED
2026-06-04,BLR_ST02,BTM Layout CAAQMS,90,122,63,47.7,69.2,31.0,90.2,Satisfactory,PM10,DEMO,SIMULATED
2026-06-04,BLR_ST03,Peenya Industrial Area,208,281,146,92.1,133.5,59.9,176.3,Poor,PM2.5,DEMO,SIMULATED
2026-06-04,BLR_ST04,Hebbal CAAQMS,135,182,94,70.4,102.1,45.8,135.7,Moderate,PM2.5,DEMO,SIMULATED
2026-06-04,BLR_ST05,Whitefield Export Promotion Industrial Park,105,142,74,54.1,78.4,35.2,105.5,Moderate,PM10,DEMO,SIMULATED
2026-06-04,BLR_ST06,Indiranagar 100ft Road,76,103,53,39.7,57.6,25.8,75.0,Satisfactory,PM10,DEMO,SIMULATED
2026-06-04,BLR_ST07,Jayanagar 4th Block,78,105,55,40.8,59.2,26.5,77.4,Satisfactory,PM10,DEMO,SIMULATED
2026-06-04,BLR_ST08,City Railway Station / Majestic,126,170,88,67.5,97.9,43.9,126.1,Moderate,PM2.5,DEMO,SIMULATED
2026-06-04,BLR_ST09,Saneguruvanahalli (Basaveshwaranagar),76,103,53,39.7,57.6,25.8,75.2,Satisfactory,PM10,DEMO,SIMULATED
2026-06-04,BLR_ST10,BWSSB Kadabeesanahalli (Outer Ring Road),132,178,92,69.3,100.5,45.0,130.9,Moderate,PM2.5,DEMO,SIMULATED
2026-06-04,BLR_ST11,Hombegowda Nagar (Lalbagh Vicinity),61,82,43,32.6,47.3,21.2,60.5,Satisfactory,PM10,DEMO,SIMULATED
2026-06-04,BLR_ST12,Yelahanka New Town,81,109,57,42.9,62.2,27.9,80.4,Satisfactory,PM10,DEMO,SIMULATED
2026-06-04,BLR_ST13,Electronic City Phase 1,107,144,75,57.6,83.5,37.4,109.3,Moderate,PM10,DEMO,SIMULATED
2026-06-04,BLR_ST14,Mysore Road / Nayandahalli,132,178,92,69.3,100.5,45.0,132.6,Moderate,PM2.5,DEMO,SIMULATED
2026-06-05,BLR_ST01,Silk Board Junction,163,220,114,78.9,114.4,51.3,142.7,Moderate,PM2.5,DEMO,SIMULATED
2026-06-05,BLR_ST02,BTM Layout CAAQMS,99,134,69,52.4,76.0,34.1,99.2,Satisfactory,PM10,DEMO,SIMULATED
2026-06-05,BLR_ST03,Peenya Industrial Area,194,262,136,88.2,127.9,57.3,168.9,Moderate,PM2.5,DEMO,SIMULATED
2026-06-05,BLR_ST04,Hebbal CAAQMS,115,155,80,62.8,91.1,40.8,121.1,Moderate,PM10,DEMO,SIMULATED
2026-06-05,BLR_ST05,Whitefield Export Promotion Industrial Park,119,161,83,65.1,94.4,42.3,127.1,Moderate,PM10,DEMO,SIMULATED
2026-06-05,BLR_ST06,Indiranagar 100ft Road,85,115,59,44.9,65.1,29.2,84.8,Satisfactory,PM10,DEMO,SIMULATED
2026-06-05,BLR_ST07,Jayanagar 4th Block,76,103,53,40.1,58.1,26.1,76.0,Satisfactory,PM10,DEMO,SIMULATED
2026-06-05,BLR_ST08,City Railway Station / Majestic,155,209,108,76.3,110.6,49.6,142.4,Moderate,PM2.5,DEMO,SIMULATED
2026-06-05,BLR_ST09,Saneguruvanahalli (Basaveshwaranagar),75,101,52,39.2,56.8,25.5,74.3,Satisfactory,PM10,DEMO,SIMULATED
2026-06-05,BLR_ST10,BWSSB Kadabeesanahalli (Outer Ring Road),139,188,97,71.6,103.8,46.5,135.2,Moderate,PM2.5,DEMO,SIMULATED
2026-06-05,BLR_ST11,Hombegowda Nagar (Lalbagh Vicinity),58,78,41,30.9,44.8,20.1,57.5,Satisfactory,PM10,DEMO,SIMULATED
2026-06-05,BLR_ST12,Yelahanka New Town,68,92,48,35.8,51.9,23.3,67.2,Satisfactory,PM10,DEMO,SIMULATED
2026-06-05,BLR_ST13,Electronic City Phase 1,98,132,69,51.7,75.0,33.6,98.1,Satisfactory,PM10,DEMO,SIMULATED
2026-06-05,BLR_ST14,Mysore Road / Nayandahalli,115,155,80,63.7,92.4,41.4,121.7,Moderate,PM10,DEMO,SIMULATED
2026-06-06,BLR_ST01,Silk Board Junction,137,185,96,70.9,102.8,46.1,128.2,Moderate,PM2.5,DEMO,SIMULATED
2026-06-06,BLR_ST02,BTM Layout CAAQMS,101,136,71,53.2,77.1,34.6,100.7,Moderate,PM10,DEMO,SIMULATED
2026-06-06,BLR_ST03,Peenya Industrial Area,187,252,131,86.2,125.0,56.0,165.1,Moderate,PM2.5,DEMO,SIMULATED
2026-06-06,BLR_ST04,Hebbal CAAQMS,116,157,81,63.6,92.2,41.3,122.7,Moderate,PM10,DEMO,SIMULATED
2026-06-06,BLR_ST05,Whitefield Export Promotion Industrial Park,105,142,74,54.6,79.2,35.5,106.7,Moderate,PM10,DEMO,SIMULATED
2026-06-06,BLR_ST06,Indiranagar 100ft Road,80,108,56,42.3,61.3,27.5,79.8,Satisfactory,PM10,DEMO,SIMULATED
2026-06-06,BLR_ST07,Jayanagar 4th Block,66,89,46,34.3,49.7,22.3,65.1,Satisfactory,PM10,DEMO,SIMULATED
2026-06-06,BLR_ST08,City Railway Station / Majestic,150,202,105,74.7,108.3,48.6,139.5,Moderate,PM2.5,DEMO,SIMULATED
2026-06-06,BLR_ST09,Saneguruvanahalli (Basaveshwaranagar),82,111,57,43.0,62.4,27.9,81.3,Satisfactory,PM10,DEMO,SIMULATED
2026-06-06,BLR_ST10,BWSSB Kadabeesanahalli (Outer Ring Road),140,189,98,71.8,104.1,46.7,135.6,Moderate,PM2.5,DEMO,SIMULATED
2026-06-06,BLR_ST11,Hombegowda Nagar (Lalbagh Vicinity),72,97,50,38.3,55.5,24.9,71.2,Satisfactory,PM10,DEMO,SIMULATED
2026-06-06,BLR_ST12,Yelahanka New Town,75,101,52,39.6,57.4,25.7,74.3,Satisfactory,PM10,DEMO,SIMULATED
2026-06-06,BLR_ST13,Electronic City Phase 1,106,143,74,56.6,82.1,36.8,107.3,Moderate,PM10,DEMO,SIMULATED
2026-06-06,BLR_ST14,Mysore Road / Nayandahalli,112,151,78,60.7,88.0,39.5,116.1,Moderate,PM10,DEMO,SIMULATED
2026-06-07,BLR_ST01,Silk Board Junction,144,194,101,73.0,105.8,47.5,132.0,Moderate,PM2.5,DEMO,SIMULATED
2026-06-07,BLR_ST02,BTM Layout CAAQMS,95,128,66,50.0,72.5,32.5,94.6,Satisfactory,PM10,DEMO,SIMULATED
2026-06-07,BLR_ST03,Peenya Industrial Area,155,209,108,76.4,110.8,49.7,146.4,Moderate,PM2.5,DEMO,SIMULATED
2026-06-07,BLR_ST04,Hebbal CAAQMS,114,154,80,62.4,90.5,40.6,120.3,Moderate,PM10,DEMO,SIMULATED
2026-06-07,BLR_ST05,Whitefield Export Promotion Industrial Park,103,139,72,52.5,76.1,34.1,102.6,Moderate,PM10,DEMO,SIMULATED
2026-06-07,BLR_ST06,Indiranagar 100ft Road,75,101,52,39.5,57.3,25.7,74.6,Satisfactory,PM10,DEMO,SIMULATED
2026-06-07,BLR_ST07,Jayanagar 4th Block,76,103,53,39.8,57.7,25.9,75.3,Satisfactory,PM10,DEMO,SIMULATED
2026-06-07,BLR_ST08,City Railway Station / Majestic,167,225,117,80.0,116.0,52.0,149.4,Moderate,PM2.5,DEMO,SIMULATED
2026-06-07,BLR_ST09,Saneguruvanahalli (Basaveshwaranagar),78,105,55,40.9,59.3,26.6,77.4,Satisfactory,PM10,DEMO,SIMULATED
2026-06-07,BLR_ST10,BWSSB Kadabeesanahalli (Outer Ring Road),131,177,92,69.0,100.0,44.9,130.2,Moderate,PM2.5,DEMO,SIMULATED
2026-06-07,BLR_ST11,Hombegowda Nagar (Lalbagh Vicinity),67,90,47,35.6,51.6,23.1,66.0,Satisfactory,PM10,DEMO,SIMULATED
2026-06-07,BLR_ST12,Yelahanka New Town,72,97,50,38.1,55.2,24.8,71.5,Satisfactory,PM10,DEMO,SIMULATED
2026-06-07,BLR_ST13,Electronic City Phase 1,111,150,78,61.0,88.5,39.6,115.7,Moderate,PM10,DEMO,SIMULATED
2026-06-07,BLR_ST14,Mysore Road / Nayandahalli,121,163,85,66.0,95.7,42.9,126.1,Moderate,PM2.5,DEMO,SIMULATED
2026-06-08,BLR_ST01,Silk Board Junction,129,174,90,68.4,99.2,44.5,123.7,Moderate,PM2.5,DEMO,SIMULATED
2026-06-08,BLR_ST02,BTM Layout CAAQMS,85,115,59,44.7,64.8,29.1,84.5,Satisfactory,PM10,DEMO,SIMULATED
2026-06-08,BLR_ST03,Peenya Industrial Area,203,274,142,90.5,131.2,58.8,173.3,Poor,PM2.5,DEMO,SIMULATED
2026-06-08,BLR_ST04,Hebbal CAAQMS,113,153,79,61.1,88.6,39.7,117.7,Moderate,PM10,DEMO,SIMULATED
2026-06-08,BLR_ST05,Whitefield Export Promotion Industrial Park,107,144,75,56.0,81.2,36.4,109.4,Moderate,PM10,DEMO,SIMULATED
2026-06-08,BLR_ST06,Indiranagar 100ft Road,82,111,57,43.5,63.1,28.3,82.1,Satisfactory,PM10,DEMO,SIMULATED
2026-06-08,BLR_ST07,Jayanagar 4th Block,65,88,46,33.9,49.2,22.0,64.2,Satisfactory,PM10,DEMO,SIMULATED
2026-06-08,BLR_ST08,City Railway Station / Majestic,137,185,96,70.9,102.8,46.1,132.4,Moderate,PM2.5,DEMO,SIMULATED
2026-06-08,BLR_ST09,Saneguruvanahalli (Basaveshwaranagar),82,111,57,43.0,62.4,27.9,81.4,Satisfactory,PM10,DEMO,SIMULATED
2026-06-08,BLR_ST10,BWSSB Kadabeesanahalli (Outer Ring Road),144,194,101,73.1,106.0,47.5,138.0,Moderate,PM2.5,DEMO,SIMULATED
2026-06-08,BLR_ST11,Hombegowda Nagar (Lalbagh Vicinity),64,86,45,34.3,49.7,22.3,63.7,Satisfactory,PM10,DEMO,SIMULATED
2026-06-08,BLR_ST12,Yelahanka New Town,67,90,47,35.1,50.9,22.8,65.9,Satisfactory,PM10,DEMO,SIMULATED
2026-06-08,BLR_ST13,Electronic City Phase 1,97,131,68,50.9,73.8,33.1,96.6,Satisfactory,PM10,DEMO,SIMULATED
2026-06-08,BLR_ST14,Mysore Road / Nayandahalli,135,182,94,70.2,101.8,45.6,134.2,Moderate,PM2.5,DEMO,SIMULATED
2026-06-09,BLR_ST01,Silk Board Junction,172,232,120,81.5,118.2,53.0,147.4,Moderate,PM2.5,DEMO,SIMULATED
2026-06-09,BLR_ST02,BTM Layout CAAQMS,92,124,64,48.5,70.3,31.5,91.8,Satisfactory,PM10,DEMO,SIMULATED
2026-06-09,BLR_ST03,Peenya Industrial Area,205,277,144,91.3,132.4,59.3,174.9,Poor,PM2.5,DEMO,SIMULATED
2026-06-09,BLR_ST04,Hebbal CAAQMS,107,144,75,56.9,82.5,37.0,109.7,Moderate,PM10,DEMO,SIMULATED
2026-06-09,BLR_ST05,Whitefield Export Promotion Industrial Park,115,155,80,62.1,90.0,40.4,121.2,Moderate,PM10,DEMO,SIMULATED
2026-06-09,BLR_ST06,Indiranagar 100ft Road,82,111,57,43.3,62.8,28.1,81.8,Satisfactory,PM10,DEMO,SIMULATED
2026-06-09,BLR_ST07,Jayanagar 4th Block,78,105,55,40.9,59.3,26.6,77.5,Satisfactory,PM10,DEMO,SIMULATED
2026-06-09,BLR_ST08,City Railway Station / Majestic,116,157,81,64.5,93.5,41.9,120.4,Moderate,PM2.5,DEMO,SIMULATED
2026-06-09,BLR_ST09,Saneguruvanahalli (Basaveshwaranagar),83,112,58,43.7,63.4,28.4,82.7,Satisfactory,PM10,DEMO,SIMULATED
2026-06-09,BLR_ST10,BWSSB Kadabeesanahalli (Outer Ring Road),142,192,99,72.5,105.1,47.1,136.9,Moderate,PM2.5,DEMO,SIMULATED
2026-06-09,BLR_ST11,Hombegowda Nagar (Lalbagh Vicinity),60,81,42,32.1,46.5,20.9,59.6,Satisfactory,PM10,DEMO,SIMULATED
2026-06-09,BLR_ST12,Yelahanka New Town,81,109,57,43.2,62.6,28.1,80.9,Satisfactory,PM10,DEMO,SIMULATED
2026-06-09,BLR_ST13,Electronic City Phase 1,104,140,73,55.2,80.0,35.9,104.7,Moderate,PM10,DEMO,SIMULATED
2026-06-09,BLR_ST14,Mysore Road / Nayandahalli,115,155,80,63.1,91.5,41.0,120.7,Moderate,PM10,DEMO,SIMULATED
2026-06-10,BLR_ST01,Silk Board Junction,170,230,119,81.0,117.5,52.6,146.5,Moderate,PM2.5,DEMO,SIMULATED
2026-06-10,BLR_ST02,BTM Layout CAAQMS,93,126,65,49.1,71.2,31.9,92.9,Satisfactory,PM10,DEMO,SIMULATED
2026-06-10,BLR_ST03,Peenya Industrial Area,215,290,150,94.3,136.7,61.3,180.7,Poor,PM2.5,DEMO,SIMULATED
2026-06-10,BLR_ST04,Hebbal CAAQMS,127,171,89,67.9,98.5,44.1,130.8,Moderate,PM2.5,DEMO,SIMULATED
2026-06-10,BLR_ST05,Whitefield Export Promotion Industrial Park,106,143,74,55.0,79.8,35.8,107.3,Moderate,PM10,DEMO,SIMULATED
2026-06-10,BLR_ST06,Indiranagar 100ft Road,87,117,61,45.8,66.4,29.8,86.5,Satisfactory,PM10,DEMO,SIMULATED
2026-06-10,BLR_ST07,Jayanagar 4th Block,71,96,50,37.2,53.9,24.2,70.5,Satisfactory,PM10,DEMO,SIMULATED
2026-06-10,BLR_ST08,City Railway Station / Majestic,129,174,90,68.4,99.2,44.5,127.7,Moderate,PM2.5,DEMO,SIMULATED
2026-06-10,BLR_ST09,Saneguruvanahalli (Basaveshwaranagar),80,108,56,42.3,61.3,27.5,80.1,Satisfactory,PM10,DEMO,SIMULATED
2026-06-10,BLR_ST10,BWSSB Kadabeesanahalli (Outer Ring Road),135,182,94,70.2,101.8,45.6,132.5,Moderate,PM2.5,DEMO,SIMULATED
2026-06-10,BLR_ST11,Hombegowda Nagar (Lalbagh Vicinity),58,78,41,30.9,44.8,20.1,57.3,Satisfactory,PM10,DEMO,SIMULATED
2026-06-10,BLR_ST12,Yelahanka New Town,66,89,46,35.0,50.8,22.8,65.7,Satisfactory,PM10,DEMO,SIMULATED
2026-06-10,BLR_ST13,Electronic City Phase 1,98,132,69,51.7,75.0,33.6,98.0,Satisfactory,PM10,DEMO,SIMULATED
2026-06-10,BLR_ST14,Mysore Road / Nayandahalli,111,150,78,60.6,87.9,39.4,115.8,Moderate,PM10,DEMO,SIMULATED
2026-06-11,BLR_ST01,Silk Board Junction,124,167,87,66.9,97.0,43.5,121.1,Moderate,PM2.5,DEMO,SIMULATED
2026-06-11,BLR_ST02,BTM Layout CAAQMS,91,123,64,47.8,69.3,31.1,90.5,Satisfactory,PM10,DEMO,SIMULATED
2026-06-11,BLR_ST03,Peenya Industrial Area,165,223,115,79.5,115.3,51.7,152.3,Moderate,PM2.5,DEMO,SIMULATED
2026-06-11,BLR_ST04,Hebbal CAAQMS,116,157,81,63.9,92.7,41.5,123.2,Moderate,PM10,DEMO,SIMULATED
2026-06-11,BLR_ST05,Whitefield Export Promotion Industrial Park,107,144,75,55.9,81.1,36.3,109.1,Moderate,PM10,DEMO,SIMULATED
2026-06-11,BLR_ST06,Indiranagar 100ft Road,84,113,59,44.5,64.5,28.9,84.0,Satisfactory,PM10,DEMO,SIMULATED
2026-06-11,BLR_ST07,Jayanagar 4th Block,66,89,46,34.4,49.9,22.4,65.2,Satisfactory,PM10,DEMO,SIMULATED
2026-06-11,BLR_ST08,City Railway Station / Majestic,123,166,86,66.6,96.6,43.3,124.4,Moderate,PM2.5,DEMO,SIMULATED
2026-06-11,BLR_ST09,Saneguruvanahalli (Basaveshwaranagar),83,112,58,43.5,63.1,28.3,82.3,Satisfactory,PM10,DEMO,SIMULATED
2026-06-11,BLR_ST10,BWSSB Kadabeesanahalli (Outer Ring Road),152,205,106,75.6,109.6,49.1,142.7,Moderate,PM2.5,DEMO,SIMULATED
2026-06-11,BLR_ST11,Hombegowda Nagar (Lalbagh Vicinity),65,88,46,34.8,50.5,22.6,64.7,Satisfactory,PM10,DEMO,SIMULATED
2026-06-11,BLR_ST12,Yelahanka New Town,65,88,46,34.4,49.9,22.4,64.6,Satisfactory,PM10,DEMO,SIMULATED
2026-06-11,BLR_ST13,Electronic City Phase 1,112,151,78,61.5,89.2,40.0,116.6,Moderate,PM10,DEMO,SIMULATED
2026-06-11,BLR_ST14,Mysore Road / Nayandahalli,132,178,92,69.3,100.5,45.0,132.5,Moderate,PM2.5,DEMO,SIMULATED
2026-06-12,BLR_ST01,Silk Board Junction,174,235,122,82.0,118.9,53.3,148.3,Moderate,PM2.5,DEMO,SIMULATED
2026-06-12,BLR_ST02,BTM Layout CAAQMS,104,140,73,55.2,80.0,35.9,104.4,Moderate,PM10,DEMO,SIMULATED
2026-06-12,BLR_ST03,Peenya Industrial Area,204,275,143,90.9,131.8,59.1,174.0,Poor,PM2.5,DEMO,SIMULATED
2026-06-12,BLR_ST04,Hebbal CAAQMS,108,146,76,57.4,83.2,37.3,110.6,Moderate,PM10,DEMO,SIMULATED
2026-06-12,BLR_ST05,Whitefield Export Promotion Industrial Park,116,157,81,63.2,91.6,41.1,123.3,Moderate,PM10,DEMO,SIMULATED
2026-06-12,BLR_ST06,Indiranagar 100ft Road,75,101,52,39.7,57.6,25.8,74.9,Satisfactory,PM10,DEMO,SIMULATED
2026-06-12,BLR_ST07,Jayanagar 4th Block,72,97,50,37.9,55.0,24.6,71.8,Satisfactory,PM10,DEMO,SIMULATED
2026-06-12,BLR_ST08,City Railway Station / Majestic,153,207,107,75.7,109.8,49.2,141.5,Moderate,PM2.5,DEMO,SIMULATED
2026-06-12,BLR_ST09,Saneguruvanahalli (Basaveshwaranagar),81,109,57,42.4,61.5,27.6,80.2,Satisfactory,PM10,DEMO,SIMULATED
2026-06-12,BLR_ST10,BWSSB Kadabeesanahalli (Outer Ring Road),135,182,94,70.2,101.8,45.6,132.5,Moderate,PM2.5,DEMO,SIMULATED
2026-06-12,BLR_ST11,Hombegowda Nagar (Lalbagh Vicinity),62,84,43,33.1,48.0,21.5,61.5,Satisfactory,PM10,DEMO,SIMULATED
2026-06-12,BLR_ST12,Yelahanka New Town,73,99,51,38.7,56.1,25.2,72.5,Satisfactory,PM10,DEMO,SIMULATED
2026-06-12,BLR_ST13,Electronic City Phase 1,99,134,69,52.0,75.4,33.8,98.6,Satisfactory,PM10,DEMO,SIMULATED
2026-06-12,BLR_ST14,Mysore Road / Nayandahalli,115,155,80,63.2,91.6,41.1,120.8,Moderate,PM10,DEMO,SIMULATED
2026-06-13,BLR_ST01,Silk Board Junction,145,196,102,73.2,106.1,47.6,132.5,Moderate,PM2.5,DEMO,SIMULATED
2026-06-13,BLR_ST02,BTM Layout CAAQMS,96,130,67,50.7,73.5,33.0,95.9,Satisfactory,PM10,DEMO,SIMULATED
2026-06-13,BLR_ST03,Peenya Industrial Area,203,274,142,90.6,131.4,58.9,173.6,Poor,PM2.5,DEMO,SIMULATED
2026-06-13,BLR_ST04,Hebbal CAAQMS,107,144,75,56.6,82.1,36.8,109.0,Moderate,PM10,DEMO,SIMULATED
2026-06-13,BLR_ST05,Whitefield Export Promotion Industrial Park,110,148,77,58.0,84.1,37.7,113.2,Moderate,PM10,DEMO,SIMULATED
2026-06-13,BLR_ST06,Indiranagar 100ft Road,76,103,53,39.8,57.7,25.9,75.1,Satisfactory,PM10,DEMO,SIMULATED
2026-06-13,BLR_ST07,Jayanagar 4th Block,76,103,53,39.6,57.4,25.7,75.1,Satisfactory,PM10,DEMO,SIMULATED
2026-06-13,BLR_ST08,City Railway Station / Majestic,126,170,88,67.7,98.2,44.0,126.4,Moderate,PM2.5,DEMO,SIMULATED
2026-06-13,BLR_ST09,Saneguruvanahalli (Basaveshwaranagar),84,113,59,43.9,63.7,28.5,83.2,Satisfactory,PM10,DEMO,SIMULATED
2026-06-13,BLR_ST10,BWSSB Kadabeesanahalli (Outer Ring Road),115,155,80,64.2,93.1,41.7,121.2,Moderate,PM2.5,DEMO,SIMULATED
2026-06-13,BLR_ST11,Hombegowda Nagar (Lalbagh Vicinity),55,74,38,29.1,42.2,18.9,54.0,Satisfactory,PM10,DEMO,SIMULATED
2026-06-13,BLR_ST12,Yelahanka New Town,76,103,53,40.2,58.3,26.1,75.5,Satisfactory,PM10,DEMO,SIMULATED
2026-06-13,BLR_ST13,Electronic City Phase 1,107,144,75,57.8,83.8,37.6,109.6,Moderate,PM10,DEMO,SIMULATED
2026-06-13,BLR_ST14,Mysore Road / Nayandahalli,126,170,88,67.7,98.2,44.0,129.5,Moderate,PM2.5,DEMO,SIMULATED
2026-06-14,BLR_ST01,Silk Board Junction,144,194,101,73.0,105.8,47.5,132.0,Moderate,PM2.5,DEMO,SIMULATED
2026-06-14,BLR_ST02,BTM Layout CAAQMS,96,130,67,50.8,73.7,33.0,96.0,Satisfactory,PM10,DEMO,SIMULATED
2026-06-14,BLR_ST03,Peenya Industrial Area,166,224,116,79.8,115.7,51.9,152.8,Moderate,PM2.5,DEMO,SIMULATED
2026-06-14,BLR_ST04,Hebbal CAAQMS,106,143,74,55.8,80.9,36.3,107.6,Moderate,PM10,DEMO,SIMULATED
2026-06-14,BLR_ST05,Whitefield Export Promotion Industrial Park,110,148,77,57.9,84.0,37.6,113.1,Moderate,PM10,DEMO,SIMULATED
2026-06-14,BLR_ST06,Indiranagar 100ft Road,74,100,52,39.0,56.5,25.4,73.5,Satisfactory,PM10,DEMO,SIMULATED
2026-06-14,BLR_ST07,Jayanagar 4th Block,67,90,47,35.1,50.9,22.8,66.5,Satisfactory,PM10,DEMO,SIMULATED
2026-06-14,BLR_ST08,City Railway Station / Majestic,117,158,82,64.7,93.8,42.1,120.8,Moderate,PM2.5,DEMO,SIMULATED
2026-06-14,BLR_ST09,Saneguruvanahalli (Basaveshwaranagar),71,96,50,37.2,53.9,24.2,70.5,Satisfactory,PM10,DEMO,SIMULATED
2026-06-14,BLR_ST10,BWSSB Kadabeesanahalli (Outer Ring Road),140,189,98,71.9,104.3,46.7,135.7,Moderate,PM2.5,DEMO,SIMULATED
2026-06-14,BLR_ST11,Hombegowda Nagar (Lalbagh Vicinity),60,81,42,31.6,45.8,20.5,58.7,Satisfactory,PM10,DEMO,SIMULATED
2026-06-14,BLR_ST12,Yelahanka New Town,72,97,50,38.3,55.5,24.9,71.7,Satisfactory,PM10,DEMO,SIMULATED
2026-06-14,BLR_ST13,Electronic City Phase 1,104,140,73,55.3,80.2,35.9,104.9,Moderate,PM10,DEMO,SIMULATED
2026-06-14,BLR_ST14,Mysore Road / Nayandahalli,115,155,80,63.6,92.2,41.3,121.6,Moderate,PM10,DEMO,SIMULATED
2026-06-15,BLR_ST01,Silk Board Junction,136,184,95,70.6,102.4,45.9,127.7,Moderate,PM2.5,DEMO,SIMULATED
2026-06-15,BLR_ST02,BTM Layout CAAQMS,96,130,67,50.7,73.5,33.0,95.9,Satisfactory,PM10,DEMO,SIMULATED
2026-06-15,BLR_ST03,Peenya Industrial Area,145,196,102,73.3,106.3,47.6,140.3,Moderate,PM2.5,DEMO,SIMULATED
2026-06-15,BLR_ST04,Hebbal CAAQMS,106,143,74,56.1,81.3,36.5,108.1,Moderate,PM10,DEMO,SIMULATED
2026-06-15,BLR_ST05,Whitefield Export Promotion Industrial Park,114,154,80,61.1,88.6,39.7,119.2,Moderate,PM10,DEMO,SIMULATED
2026-06-15,BLR_ST06,Indiranagar 100ft Road,78,105,55,41.2,59.7,26.8,77.7,Satisfactory,PM10,DEMO,SIMULATED
2026-06-15,BLR_ST07,Jayanagar 4th Block,62,84,43,32.3,46.8,21.0,61.2,Satisfactory,PM10,DEMO,SIMULATED
2026-06-15,BLR_ST08,City Railway Station / Majestic,151,204,106,75.1,108.9,48.8,140.2,Moderate,PM2.5,DEMO,SIMULATED
2026-06-15,BLR_ST09,Saneguruvanahalli (Basaveshwaranagar),74,100,52,38.7,56.1,25.2,73.2,Satisfactory,PM10,DEMO,SIMULATED
2026-06-15,BLR_ST10,BWSSB Kadabeesanahalli (Outer Ring Road),108,146,76,58.4,84.7,38.0,110.2,Moderate,PM10,DEMO,SIMULATED
2026-06-15,BLR_ST11,Hombegowda Nagar (Lalbagh Vicinity),68,92,48,36.3,52.6,23.6,67.4,Satisfactory,PM10,DEMO,SIMULATED
2026-06-15,BLR_ST12,Yelahanka New Town,66,89,46,34.7,50.3,22.6,65.1,Satisfactory,PM10,DEMO,SIMULATED
2026-06-15,BLR_ST13,Electronic City Phase 1,106,143,74,56.6,82.1,36.8,107.4,Moderate,PM10,DEMO,SIMULATED
2026-06-15,BLR_ST14,Mysore Road / Nayandahalli,108,146,76,57.9,84.0,37.6,110.7,Moderate,PM10,DEMO,SIMULATED
2026-06-16,BLR_ST01,Silk Board Junction,152,205,106,75.6,109.6,49.1,136.7,Moderate,PM2.5,DEMO,SIMULATED
2026-06-16,BLR_ST02,BTM Layout CAAQMS,84,113,59,44.4,64.4,28.9,83.9,Satisfactory,PM10,DEMO,SIMULATED
2026-06-16,BLR_ST03,Peenya Industrial Area,202,273,141,90.3,130.9,58.7,172.8,Poor,PM2.5,DEMO,SIMULATED
2026-06-16,BLR_ST04,Hebbal CAAQMS,109,147,76,58.3,84.5,37.9,112.5,Moderate,PM10,DEMO,SIMULATED
2026-06-16,BLR_ST05,Whitefield Export Promotion Industrial Park,111,150,78,59.0,85.5,38.4,115.1,Moderate,PM10,DEMO,SIMULATED
2026-06-16,BLR_ST06,Indiranagar 100ft Road,74,100,52,38.9,56.4,25.3,73.4,Satisfactory,PM10,DEMO,SIMULATED
2026-06-16,BLR_ST07,Jayanagar 4th Block,66,89,46,34.2,49.6,22.2,64.8,Satisfactory,PM10,DEMO,SIMULATED
2026-06-16,BLR_ST08,City Railway Station / Majestic,152,205,106,75.4,109.3,49.0,140.8,Moderate,PM2.5,DEMO,SIMULATED
2026-06-16,BLR_ST09,Saneguruvanahalli (Basaveshwaranagar),69,93,48,35.9,52.1,23.3,67.9,Satisfactory,PM10,DEMO,SIMULATED
2026-06-16,BLR_ST10,BWSSB Kadabeesanahalli (Outer Ring Road),115,155,80,64.3,93.2,41.8,121.4,Moderate,PM2.5,DEMO,SIMULATED
2026-06-16,BLR_ST11,Hombegowda Nagar (Lalbagh Vicinity),58,78,41,31.0,44.9,20.2,57.6,Satisfactory,PM10,DEMO,SIMULATED
2026-06-16,BLR_ST12,Yelahanka New Town,74,100,52,38.9,56.4,25.3,73.0,Satisfactory,PM10,DEMO,SIMULATED
2026-06-16,BLR_ST13,Electronic City Phase 1,96,130,67,50.4,73.1,32.8,95.7,Satisfactory,PM10,DEMO,SIMULATED
2026-06-16,BLR_ST14,Mysore Road / Nayandahalli,119,161,83,65.5,95.0,42.6,125.3,Moderate,PM2.5,DEMO,SIMULATED
2026-06-17,BLR_ST01,Silk Board Junction,154,208,108,76.1,110.3,49.5,137.6,Moderate,PM2.5,DEMO,SIMULATED
2026-06-17,BLR_ST02,BTM Layout CAAQMS,80,108,56,42.3,61.3,27.5,80.0,Satisfactory,PM10,DEMO,SIMULATED
2026-06-17,BLR_ST03,Peenya Industrial Area,170,230,119,80.9,117.3,52.6,154.8,Moderate,PM2.5,DEMO,SIMULATED
2026-06-17,BLR_ST04,Hebbal CAAQMS,106,143,74,56.0,81.2,36.4,107.9,Moderate,PM10,DEMO,SIMULATED
2026-06-17,BLR_ST05,Whitefield Export Promotion Industrial Park,103,139,72,52.8,76.6,34.3,103.2,Moderate,PM10,DEMO,SIMULATED
2026-06-17,BLR_ST06,Indiranagar 100ft Road,81,109,57,42.9,62.2,27.9,81.0,Satisfactory,PM10,DEMO,SIMULATED
2026-06-17,BLR_ST07,Jayanagar 4th Block,60,81,42,31.0,44.9,20.2,58.7,Satisfactory,PM10,DEMO,SIMULATED
2026-06-17,BLR_ST08,City Railway Station / Majestic,139,188,97,71.6,103.8,46.5,133.7,Moderate,PM2.5,DEMO,SIMULATED
2026-06-17,BLR_ST09,Saneguruvanahalli (Basaveshwaranagar),80,108,56,41.8,60.6,27.2,79.1,Satisfactory,PM10,DEMO,SIMULATED
2026-06-17,BLR_ST10,BWSSB Kadabeesanahalli (Outer Ring Road),145,196,102,73.3,106.3,47.6,138.3,Moderate,PM2.5,DEMO,SIMULATED
2026-06-17,BLR_ST11,Hombegowda Nagar (Lalbagh Vicinity),60,81,42,31.7,46.0,20.6,58.9,Satisfactory,PM10,DEMO,SIMULATED
2026-06-17,BLR_ST12,Yelahanka New Town,64,86,45,33.7,48.9,21.9,63.2,Satisfactory,PM10,DEMO,SIMULATED
2026-06-17,BLR_ST13,Electronic City Phase 1,91,123,64,48.1,69.7,31.3,91.2,Satisfactory,PM10,DEMO,SIMULATED
2026-06-17,BLR_ST14,Mysore Road / Nayandahalli,112,151,78,61.1,88.6,39.7,116.8,Moderate,PM10,DEMO,SIMULATED
2026-06-18,BLR_ST01,Silk Board Junction,154,208,108,76.1,110.3,49.5,137.7,Moderate,PM2.5,DEMO,SIMULATED
2026-06-18,BLR_ST02,BTM Layout CAAQMS,82,111,57,43.2,62.6,28.1,81.8,Satisfactory,PM10,DEMO,SIMULATED
2026-06-18,BLR_ST03,Peenya Industrial Area,158,213,111,77.3,112.1,50.2,147.9,Moderate,PM2.5,DEMO,SIMULATED
2026-06-18,BLR_ST04,Hebbal CAAQMS,123,166,86,66.6,96.6,43.3,128.4,Moderate,PM2.5,DEMO,SIMULATED
2026-06-18,BLR_ST05,Whitefield Export Promotion Industrial Park,101,136,71,51.3,74.4,33.3,100.3,Moderate,PM10,DEMO,SIMULATED
2026-06-18,BLR_ST06,Indiranagar 100ft Road,83,112,58,43.6,63.2,28.3,82.3,Satisfactory,PM10,DEMO,SIMULATED
2026-06-18,BLR_ST07,Jayanagar 4th Block,71,96,50,37.0,53.6,24.1,70.2,Satisfactory,PM10,DEMO,SIMULATED
2026-06-18,BLR_ST08,City Railway Station / Majestic,111,150,78,62.0,89.9,40.3,115.8,Moderate,PM10,DEMO,SIMULATED
2026-06-18,BLR_ST09,Saneguruvanahalli (Basaveshwaranagar),82,111,57,43.2,62.6,28.1,81.7,Satisfactory,PM10,DEMO,SIMULATED
2026-06-18,BLR_ST10,BWSSB Kadabeesanahalli (Outer Ring Road),109,147,76,59.7,86.6,38.8,112.6,Moderate,PM10,DEMO,SIMULATED
2026-06-18,BLR_ST11,Hombegowda Nagar (Lalbagh Vicinity),61,82,43,32.4,47.0,21.1,60.2,Satisfactory,PM10,DEMO,SIMULATED
2026-06-18,BLR_ST12,Yelahanka New Town,62,84,43,32.4,47.0,21.1,60.8,Satisfactory,PM10,DEMO,SIMULATED
2026-06-18,BLR_ST13,Electronic City Phase 1,104,140,73,55.2,80.0,35.9,104.7,Moderate,PM10,DEMO,SIMULATED
2026-06-18,BLR_ST14,Mysore Road / Nayandahalli,113,153,79,61.6,89.3,40.0,117.8,Moderate,PM10,DEMO,SIMULATED
2026-06-19,BLR_ST01,Silk Board Junction,152,205,106,75.6,109.6,49.1,136.7,Moderate,PM2.5,DEMO,SIMULATED
2026-06-19,BLR_ST02,BTM Layout CAAQMS,93,126,65,49.0,71.0,31.9,92.7,Satisfactory,PM10,DEMO,SIMULATED
2026-06-19,BLR_ST03,Peenya Industrial Area,146,197,102,73.7,106.9,47.9,141.1,Moderate,PM2.5,DEMO,SIMULATED
2026-06-19,BLR_ST04,Hebbal CAAQMS,111,150,78,59.4,86.1,38.6,114.5,Moderate,PM10,DEMO,SIMULATED
2026-06-19,BLR_ST05,Whitefield Export Promotion Industrial Park,110,148,77,58.4,84.7,38.0,114.1,Moderate,PM10,DEMO,SIMULATED
2026-06-19,BLR_ST06,Indiranagar 100ft Road,84,113,59,44.2,64.1,28.7,83.4,Satisfactory,PM10,DEMO,SIMULATED
2026-06-19,BLR_ST07,Jayanagar 4th Block,60,81,42,31.3,45.4,20.3,59.3,Satisfactory,PM10,DEMO,SIMULATED
2026-06-19,BLR_ST08,City Railway Station / Majestic,110,148,77,61.2,88.7,39.8,114.2,Moderate,PM10,DEMO,SIMULATED
2026-06-19,BLR_ST09,Saneguruvanahalli (Basaveshwaranagar),78,105,55,40.7,59.0,26.5,77.1,Satisfactory,PM10,DEMO,SIMULATED
2026-06-19,BLR_ST10,BWSSB Kadabeesanahalli (Outer Ring Road),122,165,85,66.3,96.1,43.1,125.1,Moderate,PM2.5,DEMO,SIMULATED
2026-06-19,BLR_ST11,Hombegowda Nagar (Lalbagh Vicinity),59,80,41,31.1,45.1,20.2,57.8,Satisfactory,PM10,DEMO,SIMULATED
2026-06-19,BLR_ST12,Yelahanka New Town,77,104,54,40.6,58.9,26.4,76.2,Satisfactory,PM10,DEMO,SIMULATED
2026-06-19,BLR_ST13,Electronic City Phase 1,96,130,67,50.7,73.5,33.0,96.1,Satisfactory,PM10,DEMO,SIMULATED
2026-06-19,BLR_ST14,Mysore Road / Nayandahalli,107,144,75,56.8,82.4,36.9,108.6,Moderate,PM10,DEMO,SIMULATED
2026-06-20,BLR_ST01,Silk Board Junction,126,170,88,67.5,97.9,43.9,122.2,Moderate,PM2.5,DEMO,SIMULATED
2026-06-20,BLR_ST02,BTM Layout CAAQMS,81,109,57,42.6,61.8,27.7,80.5,Satisfactory,PM10,DEMO,SIMULATED
2026-06-20,BLR_ST03,Peenya Industrial Area,170,230,119,81.0,117.5,52.6,155.1,Moderate,PM2.5,DEMO,SIMULATED
2026-06-20,BLR_ST04,Hebbal CAAQMS,114,154,80,61.8,89.6,40.2,119.1,Moderate,PM10,DEMO,SIMULATED
2026-06-20,BLR_ST05,Whitefield Export Promotion Industrial Park,109,147,76,57.1,82.8,37.1,111.4,Moderate,PM10,DEMO,SIMULATED
2026-06-20,BLR_ST06,Indiranagar 100ft Road,82,111,57,43.2,62.6,28.1,81.5,Satisfactory,PM10,DEMO,SIMULATED
2026-06-20,BLR_ST07,Jayanagar 4th Block,69,93,48,36.1,52.3,23.5,68.4,Satisfactory,PM10,DEMO,SIMULATED
2026-06-20,BLR_ST08,City Railway Station / Majestic,144,194,101,72.9,105.7,47.4,136.1,Moderate,PM2.5,DEMO,SIMULATED
2026-06-20,BLR_ST09,Saneguruvanahalli (Basaveshwaranagar),76,103,53,39.6,57.4,25.7,75.0,Satisfactory,PM10,DEMO,SIMULATED
2026-06-20,BLR_ST10,BWSSB Kadabeesanahalli (Outer Ring Road),112,151,78,61.5,89.2,40.0,116.0,Moderate,PM10,DEMO,SIMULATED
2026-06-20,BLR_ST11,Hombegowda Nagar (Lalbagh Vicinity),60,81,42,32.0,46.4,20.8,59.3,Satisfactory,PM10,DEMO,SIMULATED
2026-06-20,BLR_ST12,Yelahanka New Town,69,93,48,36.4,52.8,23.7,68.3,Satisfactory,PM10,DEMO,SIMULATED
2026-06-20,BLR_ST13,Electronic City Phase 1,105,142,74,55.9,81.1,36.3,105.9,Moderate,PM10,DEMO,SIMULATED
2026-06-20,BLR_ST14,Mysore Road / Nayandahalli,109,147,76,58.8,85.3,38.2,112.4,Moderate,PM10,DEMO,SIMULATED
2026-06-21,BLR_ST01,Silk Board Junction,112,151,78,63.4,91.9,41.2,114.6,Moderate,PM2.5,DEMO,SIMULATED
2026-06-21,BLR_ST02,BTM Layout CAAQMS,97,131,68,51.5,74.7,33.5,97.4,Satisfactory,PM10,DEMO,SIMULATED
2026-06-21,BLR_ST03,Peenya Industrial Area,194,262,136,88.2,127.9,57.3,168.9,Moderate,PM2.5,DEMO,SIMULATED
2026-06-21,BLR_ST04,Hebbal CAAQMS,111,150,78,59.9,86.9,38.9,115.6,Moderate,PM10,DEMO,SIMULATED
2026-06-21,BLR_ST05,Whitefield Export Promotion Industrial Park,98,132,69,50.2,72.8,32.6,98.0,Satisfactory,PM10,DEMO,SIMULATED
2026-06-21,BLR_ST06,Indiranagar 100ft Road,76,103,53,40.2,58.3,26.1,75.9,Satisfactory,PM10,DEMO,SIMULATED
2026-06-21,BLR_ST07,Jayanagar 4th Block,67,90,47,35.1,50.9,22.8,66.6,Satisfactory,PM10,DEMO,SIMULATED
2026-06-21,BLR_ST08,City Railway Station / Majestic,125,169,88,67.3,97.6,43.7,125.8,Moderate,PM2.5,DEMO,SIMULATED
2026-06-21,BLR_ST09,Saneguruvanahalli (Basaveshwaranagar),80,108,56,42.3,61.3,27.5,80.1,Satisfactory,PM10,DEMO,SIMULATED
2026-06-21,BLR_ST10,BWSSB Kadabeesanahalli (Outer Ring Road),140,189,98,71.7,104.0,46.6,135.3,Moderate,PM2.5,DEMO,SIMULATED
2026-06-21,BLR_ST11,Hombegowda Nagar (Lalbagh Vicinity),66,89,46,34.9,50.6,22.7,64.9,Satisfactory,PM10,DEMO,SIMULATED
2026-06-21,BLR_ST12,Yelahanka New Town,63,85,44,33.0,47.9,21.4,61.8,Satisfactory,PM10,DEMO,SIMULATED
2026-06-21,BLR_ST13,Electronic City Phase 1,106,143,74,57.0,82.6,37.1,108.0,Moderate,PM10,DEMO,SIMULATED
2026-06-21,BLR_ST14,Mysore Road / Nayandahalli,114,154,80,62.5,90.6,40.6,119.4,Moderate,PM10,DEMO,SIMULATED
2026-06-22,BLR_ST01,Silk Board Junction,128,173,90,68.3,99.0,44.4,123.5,Moderate,PM2.5,DEMO,SIMULATED
2026-06-22,BLR_ST02,BTM Layout CAAQMS,92,124,64,48.8,70.8,31.7,92.3,Satisfactory,PM10,DEMO,SIMULATED
2026-06-22,BLR_ST03,Peenya Industrial Area,181,244,127,84.1,121.9,54.7,161.0,Moderate,PM2.5,DEMO,SIMULATED
2026-06-22,BLR_ST04,Hebbal CAAQMS,121,163,85,66.2,96.0,43.0,127.6,Moderate,PM2.5,DEMO,SIMULATED
2026-06-22,BLR_ST05,Whitefield Export Promotion Industrial Park,111,150,78,58.6,85.0,38.1,114.4,Moderate,PM10,DEMO,SIMULATED
2026-06-22,BLR_ST06,Indiranagar 100ft Road,67,90,47,35.4,51.3,23.0,66.7,Satisfactory,PM10,DEMO,SIMULATED
2026-06-22,BLR_ST07,Jayanagar 4th Block,59,80,41,30.6,44.4,19.9,58.0,Satisfactory,PM10,DEMO,SIMULATED
2026-06-22,BLR_ST08,City Railway Station / Majestic,112,151,78,62.7,90.9,40.8,117.1,Moderate,PM10,DEMO,SIMULATED
2026-06-22,BLR_ST09,Saneguruvanahalli (Basaveshwaranagar),64,86,45,33.6,48.7,21.8,63.6,Satisfactory,PM10,DEMO,SIMULATED
2026-06-22,BLR_ST10,BWSSB Kadabeesanahalli (Outer Ring Road),106,143,74,57.1,82.8,37.1,107.7,Moderate,PM10,DEMO,SIMULATED
2026-06-22,BLR_ST11,Hombegowda Nagar (Lalbagh Vicinity),63,85,44,33.6,48.7,21.8,62.5,Satisfactory,PM10,DEMO,SIMULATED
2026-06-22,BLR_ST12,Yelahanka New Town,68,92,48,36.0,52.2,23.4,67.5,Satisfactory,PM10,DEMO,SIMULATED
2026-06-22,BLR_ST13,Electronic City Phase 1,102,138,71,53.7,77.9,34.9,101.9,Moderate,PM10,DEMO,SIMULATED
2026-06-22,BLR_ST14,Mysore Road / Nayandahalli,112,151,78,61.1,88.6,39.7,116.9,Moderate,PM10,DEMO,SIMULATED
2026-06-23,BLR_ST01,Silk Board Junction,130,176,91,68.7,99.6,44.7,124.3,Moderate,PM2.5,DEMO,SIMULATED
2026-06-23,BLR_ST02,BTM Layout CAAQMS,92,124,64,48.7,70.6,31.7,92.2,Satisfactory,PM10,DEMO,SIMULATED
2026-06-23,BLR_ST03,Peenya Industrial Area,137,185,96,70.8,102.7,46.0,135.5,Moderate,PM2.5,DEMO,SIMULATED
2026-06-23,BLR_ST04,Hebbal CAAQMS,111,150,78,59.9,86.9,38.9,115.4,Moderate,PM10,DEMO,SIMULATED
2026-06-23,BLR_ST05,Whitefield Export Promotion Industrial Park,107,144,75,56.2,81.5,36.5,109.8,Moderate,PM10,DEMO,SIMULATED
2026-06-23,BLR_ST06,Indiranagar 100ft Road,72,97,50,37.6,54.5,24.4,71.1,Satisfactory,PM10,DEMO,SIMULATED
2026-06-23,BLR_ST07,Jayanagar 4th Block,62,84,43,32.4,47.0,21.1,61.4,Satisfactory,PM10,DEMO,SIMULATED
2026-06-23,BLR_ST08,City Railway Station / Majestic,122,165,85,66.3,96.1,43.1,123.8,Moderate,PM2.5,DEMO,SIMULATED
2026-06-23,BLR_ST09,Saneguruvanahalli (Basaveshwaranagar),67,90,47,34.9,50.6,22.7,66.0,Satisfactory,PM10,DEMO,SIMULATED
2026-06-23,BLR_ST10,BWSSB Kadabeesanahalli (Outer Ring Road),128,173,90,68.1,98.7,44.3,128.6,Moderate,PM2.5,DEMO,SIMULATED
2026-06-23,BLR_ST11,Hombegowda Nagar (Lalbagh Vicinity),59,80,41,31.6,45.8,20.5,58.6,Satisfactory,PM10,DEMO,SIMULATED
2026-06-23,BLR_ST12,Yelahanka New Town,66,89,46,34.8,50.5,22.6,65.3,Satisfactory,PM10,DEMO,SIMULATED
2026-06-23,BLR_ST13,Electronic City Phase 1,102,138,71,53.5,77.6,34.8,101.5,Moderate,PM10,DEMO,SIMULATED
2026-06-23,BLR_ST14,Mysore Road / Nayandahalli,120,162,84,65.7,95.3,42.7,125.5,Moderate,PM2.5,DEMO,SIMULATED
2026-06-24,BLR_ST01,Silk Board Junction,143,193,100,72.8,105.6,47.3,131.7,Moderate,PM2.5,DEMO,SIMULATED
2026-06-24,BLR_ST02,BTM Layout CAAQMS,79,107,55,41.4,60.0,26.9,78.3,Satisfactory,PM10,DEMO,SIMULATED
2026-06-24,BLR_ST03,Peenya Industrial Area,173,234,121,81.9,118.8,53.2,156.9,Moderate,PM2.5,DEMO,SIMULATED
2026-06-24,BLR_ST04,Hebbal CAAQMS,114,154,80,62.3,90.3,40.5,120.0,Moderate,PM10,DEMO,SIMULATED
2026-06-24,BLR_ST05,Whitefield Export Promotion Industrial Park,111,150,78,58.9,85.4,38.3,115.0,Moderate,PM10,DEMO,SIMULATED
2026-06-24,BLR_ST06,Indiranagar 100ft Road,67,90,47,35.3,51.2,22.9,66.7,Satisfactory,PM10,DEMO,SIMULATED
2026-06-24,BLR_ST07,Jayanagar 4th Block,58,78,41,30.4,44.1,19.8,57.6,Satisfactory,PM10,DEMO,SIMULATED
2026-06-24,BLR_ST08,City Railway Station / Majestic,117,158,82,64.7,93.8,42.1,120.9,Moderate,PM2.5,DEMO,SIMULATED
2026-06-24,BLR_ST09,Saneguruvanahalli (Basaveshwaranagar),71,96,50,36.9,53.5,24.0,69.9,Satisfactory,PM10,DEMO,SIMULATED
2026-06-24,BLR_ST10,BWSSB Kadabeesanahalli (Outer Ring Road),117,158,82,64.7,93.8,42.1,122.2,Moderate,PM2.5,DEMO,SIMULATED
2026-06-24,BLR_ST11,Hombegowda Nagar (Lalbagh Vicinity),56,76,39,29.7,43.1,19.3,55.1,Satisfactory,PM10,DEMO,SIMULATED
2026-06-24,BLR_ST12,Yelahanka New Town,71,96,50,37.6,54.5,24.4,70.5,Satisfactory,PM10,DEMO,SIMULATED
2026-06-24,BLR_ST13,Electronic City Phase 1,103,139,72,54.5,79.0,35.4,103.4,Moderate,PM10,DEMO,SIMULATED
2026-06-24,BLR_ST14,Mysore Road / Nayandahalli,104,140,73,54.9,79.6,35.7,105.0,Moderate,PM10,DEMO,SIMULATED
2026-06-25,BLR_ST01,Silk Board Junction,143,193,100,72.8,105.6,47.3,131.7,Moderate,PM2.5,DEMO,SIMULATED
2026-06-25,BLR_ST02,BTM Layout CAAQMS,91,123,64,48.2,69.9,31.3,91.1,Satisfactory,PM10,DEMO,SIMULATED
2026-06-25,BLR_ST03,Peenya Industrial Area,139,188,97,71.5,103.7,46.5,136.9,Moderate,PM2.5,DEMO,SIMULATED
2026-06-25,BLR_ST04,Hebbal CAAQMS,118,159,83,65.0,94.2,42.2,125.4,Moderate,PM2.5,DEMO,SIMULATED
2026-06-25,BLR_ST05,Whitefield Export Promotion Industrial Park,105,142,74,54.4,78.9,35.4,106.2,Moderate,PM10,DEMO,SIMULATED
2026-06-25,BLR_ST06,Indiranagar 100ft Road,80,108,56,42.0,60.9,27.3,79.3,Satisfactory,PM10,DEMO,SIMULATED
2026-06-25,BLR_ST07,Jayanagar 4th Block,68,92,48,35.4,51.3,23.0,67.0,Satisfactory,PM10,DEMO,SIMULATED
2026-06-25,BLR_ST08,City Railway Station / Majestic,109,147,76,60.2,87.3,39.1,112.3,Moderate,PM10,DEMO,SIMULATED
2026-06-25,BLR_ST09,Saneguruvanahalli (Basaveshwaranagar),65,88,46,33.8,49.0,22.0,63.9,Satisfactory,PM10,DEMO,SIMULATED
2026-06-25,BLR_ST10,BWSSB Kadabeesanahalli (Outer Ring Road),124,167,87,67.0,97.1,43.6,126.4,Moderate,PM2.5,DEMO,SIMULATED
2026-06-25,BLR_ST11,Hombegowda Nagar (Lalbagh Vicinity),55,74,38,29.2,42.3,19.0,54.2,Satisfactory,PM10,DEMO,SIMULATED
2026-06-25,BLR_ST12,Yelahanka New Town,73,99,51,38.6,56.0,25.1,72.4,Satisfactory,PM10,DEMO,SIMULATED
2026-06-25,BLR_ST13,Electronic City Phase 1,103,139,72,54.6,79.2,35.5,103.5,Moderate,PM10,DEMO,SIMULATED
2026-06-25,BLR_ST14,Mysore Road / Nayandahalli,102,138,71,53.3,77.3,34.6,101.9,Moderate,PM10,DEMO,SIMULATED
2026-06-26,BLR_ST01,Silk Board Junction,147,198,103,74.0,107.3,48.1,133.9,Moderate,PM2.5,DEMO,SIMULATED
2026-06-26,BLR_ST02,BTM Layout CAAQMS,82,111,57,43.2,62.6,28.1,81.7,Satisfactory,PM10,DEMO,SIMULATED
2026-06-26,BLR_ST03,Peenya Industrial Area,131,177,92,69.2,100.3,45.0,132.5,Moderate,PM2.5,DEMO,SIMULATED
2026-06-26,BLR_ST04,Hebbal CAAQMS,113,153,79,61.3,88.9,39.8,118.2,Moderate,PM10,DEMO,SIMULATED
2026-06-26,BLR_ST05,Whitefield Export Promotion Industrial Park,106,143,74,54.7,79.3,35.6,106.9,Moderate,PM10,DEMO,SIMULATED
2026-06-26,BLR_ST06,Indiranagar 100ft Road,67,90,47,35.1,50.9,22.8,66.3,Satisfactory,PM10,DEMO,SIMULATED
2026-06-26,BLR_ST07,Jayanagar 4th Block,63,85,44,33.0,47.9,21.4,62.6,Satisfactory,PM10,DEMO,SIMULATED
2026-06-26,BLR_ST08,City Railway Station / Majestic,112,151,78,62.8,91.1,40.8,117.3,Moderate,PM10,DEMO,SIMULATED
2026-06-26,BLR_ST09,Saneguruvanahalli (Basaveshwaranagar),70,94,49,36.9,53.5,24.0,69.8,Satisfactory,PM10,DEMO,SIMULATED
2026-06-26,BLR_ST10,BWSSB Kadabeesanahalli (Outer Ring Road),114,154,80,63.4,91.9,41.2,119.6,Moderate,PM10,DEMO,SIMULATED
2026-06-26,BLR_ST11,Hombegowda Nagar (Lalbagh Vicinity),56,76,39,29.8,43.2,19.4,55.3,Satisfactory,PM10,DEMO,SIMULATED
2026-06-26,BLR_ST12,Yelahanka New Town,63,85,44,33.1,48.0,21.5,62.0,Satisfactory,PM10,DEMO,SIMULATED
2026-06-26,BLR_ST13,Electronic City Phase 1,88,119,62,46.1,66.8,30.0,87.4,Satisfactory,PM10,DEMO,SIMULATED
2026-06-26,BLR_ST14,Mysore Road / Nayandahalli,112,151,78,60.8,88.2,39.5,116.2,Moderate,PM10,DEMO,SIMULATED
2026-06-27,BLR_ST01,Silk Board Junction,141,190,99,72.2,104.7,46.9,130.6,Moderate,PM2.5,DEMO,SIMULATED
2026-06-27,BLR_ST02,BTM Layout CAAQMS,81,109,57,42.4,61.5,27.6,80.3,Satisfactory,PM10,DEMO,SIMULATED
2026-06-27,BLR_ST03,Peenya Industrial Area,157,212,110,77.0,111.6,50.1,147.4,Moderate,PM2.5,DEMO,SIMULATED
2026-06-27,BLR_ST04,Hebbal CAAQMS,100,135,70,51.6,74.8,33.5,99.5,Satisfactory,PM10,DEMO,SIMULATED
2026-06-27,BLR_ST05,Whitefield Export Promotion Industrial Park,110,148,77,58.1,84.2,37.8,113.4,Moderate,PM10,DEMO,SIMULATED
2026-06-27,BLR_ST06,Indiranagar 100ft Road,70,94,49,36.5,52.9,23.7,68.9,Satisfactory,PM10,DEMO,SIMULATED
2026-06-27,BLR_ST07,Jayanagar 4th Block,63,85,44,33.0,47.9,21.4,62.4,Satisfactory,PM10,DEMO,SIMULATED
2026-06-27,BLR_ST08,City Railway Station / Majestic,112,151,78,62.8,91.1,40.8,117.3,Moderate,PM10,DEMO,SIMULATED
2026-06-27,BLR_ST09,Saneguruvanahalli (Basaveshwaranagar),64,86,45,33.6,48.7,21.8,63.6,Satisfactory,PM10,DEMO,SIMULATED
2026-06-27,BLR_ST10,BWSSB Kadabeesanahalli (Outer Ring Road),129,174,90,68.4,99.2,44.5,129.1,Moderate,PM2.5,DEMO,SIMULATED
2026-06-27,BLR_ST11,Hombegowda Nagar (Lalbagh Vicinity),62,84,43,33.2,48.1,21.6,61.6,Satisfactory,PM10,DEMO,SIMULATED
2026-06-27,BLR_ST12,Yelahanka New Town,67,90,47,35.4,51.3,23.0,66.3,Satisfactory,PM10,DEMO,SIMULATED
2026-06-27,BLR_ST13,Electronic City Phase 1,105,142,74,55.7,80.8,36.2,105.6,Moderate,PM10,DEMO,SIMULATED
2026-06-27,BLR_ST14,Mysore Road / Nayandahalli,114,154,80,62.8,91.1,40.8,120.1,Moderate,PM10,DEMO,SIMULATED
2026-06-28,BLR_ST01,Silk Board Junction,123,166,86,66.8,96.9,43.4,120.9,Moderate,PM2.5,DEMO,SIMULATED
2026-06-28,BLR_ST02,BTM Layout CAAQMS,82,111,57,43.2,62.6,28.1,81.8,Satisfactory,PM10,DEMO,SIMULATED
2026-06-28,BLR_ST03,Peenya Industrial Area,150,202,105,74.9,108.6,48.7,143.3,Moderate,PM2.5,DEMO,SIMULATED
2026-06-28,BLR_ST04,Hebbal CAAQMS,112,151,78,60.7,88.0,39.5,117.0,Moderate,PM10,DEMO,SIMULATED
2026-06-28,BLR_ST05,Whitefield Export Promotion Industrial Park,98,132,69,50.2,72.8,32.6,98.0,Satisfactory,PM10,DEMO,SIMULATED
2026-06-28,BLR_ST06,Indiranagar 100ft Road,66,89,46,34.7,50.3,22.6,65.5,Satisfactory,PM10,DEMO,SIMULATED
2026-06-28,BLR_ST07,Jayanagar 4th Block,61,82,43,32.0,46.4,20.8,60.6,Satisfactory,PM10,DEMO,SIMULATED
2026-06-28,BLR_ST08,City Railway Station / Majestic,115,155,80,64.3,93.2,41.8,120.0,Moderate,PM2.5,DEMO,SIMULATED
2026-06-28,BLR_ST09,Saneguruvanahalli (Basaveshwaranagar),76,103,53,40.0,58.0,26.0,75.7,Satisfactory,PM10,DEMO,SIMULATED
2026-06-28,BLR_ST10,BWSSB Kadabeesanahalli (Outer Ring Road),106,143,74,56.9,82.5,37.0,107.4,Moderate,PM10,DEMO,SIMULATED
2026-06-28,BLR_ST11,Hombegowda Nagar (Lalbagh Vicinity),61,82,43,32.6,47.3,21.2,60.5,Satisfactory,PM10,DEMO,SIMULATED
2026-06-28,BLR_ST12,Yelahanka New Town,73,99,51,38.7,56.1,25.2,72.6,Satisfactory,PM10,DEMO,SIMULATED
2026-06-28,BLR_ST13,Electronic City Phase 1,105,142,74,55.8,80.9,36.3,105.9,Moderate,PM10,DEMO,SIMULATED
2026-06-28,BLR_ST14,Mysore Road / Nayandahalli,102,138,71,52.9,76.7,34.4,101.2,Moderate,PM10,DEMO,SIMULATED
2026-06-29,BLR_ST01,Silk Board Junction,125,169,88,67.2,97.4,43.7,121.5,Moderate,PM2.5,DEMO,SIMULATED
2026-06-29,BLR_ST02,BTM Layout CAAQMS,81,109,57,42.5,61.6,27.6,80.5,Satisfactory,PM10,DEMO,SIMULATED
2026-06-29,BLR_ST03,Peenya Industrial Area,174,235,122,82.2,119.2,53.4,157.4,Moderate,PM2.5,DEMO,SIMULATED
2026-06-29,BLR_ST04,Hebbal CAAQMS,105,142,74,54.9,79.6,35.7,105.9,Moderate,PM10,DEMO,SIMULATED
2026-06-29,BLR_ST05,Whitefield Export Promotion Industrial Park,104,140,73,53.5,77.6,34.8,104.4,Moderate,PM10,DEMO,SIMULATED
2026-06-29,BLR_ST06,Indiranagar 100ft Road,65,88,46,33.9,49.2,22.0,63.9,Satisfactory,PM10,DEMO,SIMULATED
2026-06-29,BLR_ST07,Jayanagar 4th Block,59,80,41,30.4,44.1,19.8,57.7,Satisfactory,PM10,DEMO,SIMULATED
2026-06-29,BLR_ST08,City Railway Station / Majestic,117,158,82,64.8,94.0,42.1,121.1,Moderate,PM2.5,DEMO,SIMULATED
2026-06-29,BLR_ST09,Saneguruvanahalli (Basaveshwaranagar),66,89,46,34.5,50.0,22.4,65.4,Satisfactory,PM10,DEMO,SIMULATED
2026-06-29,BLR_ST10,BWSSB Kadabeesanahalli (Outer Ring Road),114,154,80,63.1,91.5,41.0,119.0,Moderate,PM10,DEMO,SIMULATED
2026-06-29,BLR_ST11,Hombegowda Nagar (Lalbagh Vicinity),56,76,39,29.9,43.4,19.4,55.6,Satisfactory,PM10,DEMO,SIMULATED
2026-06-29,BLR_ST12,Yelahanka New Town,67,90,47,35.3,51.2,22.9,66.1,Satisfactory,PM10,DEMO,SIMULATED
2026-06-29,BLR_ST13,Electronic City Phase 1,95,128,66,50.0,72.5,32.5,94.8,Satisfactory,PM10,DEMO,SIMULATED
2026-06-29,BLR_ST14,Mysore Road / Nayandahalli,114,154,80,62.5,90.6,40.6,119.5,Moderate,PM10,DEMO,SIMULATED
2026-06-30,BLR_ST01,Silk Board Junction,110,148,77,62.4,90.5,40.6,112.9,Moderate,PM10,DEMO,SIMULATED
2026-06-30,BLR_ST02,BTM Layout CAAQMS,93,126,65,48.9,70.9,31.8,92.5,Satisfactory,PM10,DEMO,SIMULATED
2026-06-30,BLR_ST03,Peenya Industrial Area,168,227,118,80.2,116.3,52.1,153.6,Moderate,PM2.5,DEMO,SIMULATED
2026-06-30,BLR_ST04,Hebbal CAAQMS,103,139,72,53.5,77.6,34.8,103.1,Moderate,PM10,DEMO,SIMULATED
2026-06-30,BLR_ST05,Whitefield Export Promotion Industrial Park,91,123,64,46.3,67.1,30.1,90.4,Satisfactory,PM10,DEMO,SIMULATED
2026-06-30,BLR_ST06,Indiranagar 100ft Road,71,96,50,37.3,54.1,24.2,70.5,Satisfactory,PM10,DEMO,SIMULATED
2026-06-30,BLR_ST07,Jayanagar 4th Block,59,80,41,30.5,44.2,19.8,57.8,Satisfactory,PM10,DEMO,SIMULATED
2026-06-30,BLR_ST08,City Railway Station / Majestic,110,148,77,61.1,88.6,39.7,114.2,Moderate,PM10,DEMO,SIMULATED
2026-06-30,BLR_ST09,Saneguruvanahalli (Basaveshwaranagar),74,100,52,39.0,56.5,25.4,73.7,Satisfactory,PM10,DEMO,SIMULATED
2026-06-30,BLR_ST10,BWSSB Kadabeesanahalli (Outer Ring Road),122,165,85,66.4,96.3,43.2,125.3,Moderate,PM2.5,DEMO,SIMULATED
2026-06-30,BLR_ST11,Hombegowda Nagar (Lalbagh Vicinity),63,85,44,33.3,48.3,21.6,61.8,Satisfactory,PM10,DEMO,SIMULATED
2026-06-30,BLR_ST12,Yelahanka New Town,57,77,40,30.2,43.8,19.6,56.6,Satisfactory,PM10,DEMO,SIMULATED
2026-06-30,BLR_ST13,Electronic City Phase 1,98,132,69,51.6,74.8,33.5,97.9,Satisfactory,PM10,DEMO,SIMULATED
2026-06-30,BLR_ST14,Mysore Road / Nayandahalli,115,155,80,63.2,91.6,41.1,120.8,Moderate,PM10,DEMO,SIMULATED
2026-07-01,BLR_ST01,Silk Board Junction,136,184,95,70.6,102.4,45.9,127.7,Moderate,PM2.5,DEMO,SIMULATED
2026-07-01,BLR_ST02,BTM Layout CAAQMS,76,103,53,40.1,58.1,26.1,75.9,Satisfactory,PM10,DEMO,SIMULATED
2026-07-01,BLR_ST03,Peenya Industrial Area,152,205,106,75.6,109.6,49.1,144.7,Moderate,PM2.5,DEMO,SIMULATED
2026-07-01,BLR_ST04,Hebbal CAAQMS,103,139,72,53.1,77.0,34.5,102.3,Moderate,PM10,DEMO,SIMULATED
2026-07-01,BLR_ST05,Whitefield Export Promotion Industrial Park,102,138,71,52.1,75.5,33.9,101.7,Moderate,PM10,DEMO,SIMULATED
2026-07-01,BLR_ST06,Indiranagar 100ft Road,65,88,46,33.9,49.2,22.0,64.1,Satisfactory,PM10,DEMO,SIMULATED
2026-07-01,BLR_ST07,Jayanagar 4th Block,69,93,48,36.3,52.6,23.6,68.7,Satisfactory,PM10,DEMO,SIMULATED
2026-07-01,BLR_ST08,City Railway Station / Majestic,122,165,85,66.3,96.1,43.1,123.8,Moderate,PM2.5,DEMO,SIMULATED
2026-07-01,BLR_ST09,Saneguruvanahalli (Basaveshwaranagar),62,84,43,32.3,46.8,21.0,61.2,Satisfactory,PM10,DEMO,SIMULATED
2026-07-01,BLR_ST10,BWSSB Kadabeesanahalli (Outer Ring Road),123,166,86,66.7,96.7,43.4,125.8,Moderate,PM2.5,DEMO,SIMULATED
2026-07-01,BLR_ST11,Hombegowda Nagar (Lalbagh Vicinity),61,82,43,32.7,47.4,21.3,60.7,Satisfactory,PM10,DEMO,SIMULATED
2026-07-01,BLR_ST12,Yelahanka New Town,65,88,46,34.3,49.7,22.3,64.2,Satisfactory,PM10,DEMO,SIMULATED
2026-07-01,BLR_ST13,Electronic City Phase 1,98,132,69,51.8,75.1,33.7,98.3,Satisfactory,PM10,DEMO,SIMULATED
2026-07-01,BLR_ST14,Mysore Road / Nayandahalli,106,143,74,56.2,81.5,36.5,107.4,Moderate,PM10,DEMO,SIMULATED
2026-07-02,BLR_ST01,Silk Board Junction,148,200,104,74.1,107.4,48.2,134.0,Moderate,PM2.5,DEMO,SIMULATED
2026-07-02,BLR_ST02,BTM Layout CAAQMS,76,103,53,39.7,57.6,25.8,75.1,Satisfactory,PM10,DEMO,SIMULATED
2026-07-02,BLR_ST03,Peenya Industrial Area,125,169,88,67.3,97.6,43.7,128.9,Moderate,PM2.5,DEMO,SIMULATED
2026-07-02,BLR_ST04,Hebbal CAAQMS,99,134,69,51.3,74.4,33.3,98.9,Satisfactory,PM10,DEMO,SIMULATED
2026-07-02,BLR_ST05,Whitefield Export Promotion Industrial Park,107,144,75,55.8,80.9,36.3,109.0,Moderate,PM10,DEMO,SIMULATED
2026-07-02,BLR_ST06,Indiranagar 100ft Road,65,88,46,33.9,49.2,22.0,63.9,Satisfactory,PM10,DEMO,SIMULATED
2026-07-02,BLR_ST07,Jayanagar 4th Block,63,85,44,32.7,47.4,21.3,62.0,Satisfactory,PM10,DEMO,SIMULATED
2026-07-02,BLR_ST08,City Railway Station / Majestic,111,150,78,61.7,89.5,40.1,115.3,Moderate,PM10,DEMO,SIMULATED
2026-07-02,BLR_ST09,Saneguruvanahalli (Basaveshwaranagar),75,101,52,39.6,57.4,25.7,74.9,Satisfactory,PM10,DEMO,SIMULATED
2026-07-02,BLR_ST10,BWSSB Kadabeesanahalli (Outer Ring Road),105,142,74,56.4,81.8,36.7,106.4,Moderate,PM10,DEMO,SIMULATED
2026-07-02,BLR_ST11,Hombegowda Nagar (Lalbagh Vicinity),53,72,37,28.0,40.6,18.2,51.9,Satisfactory,PM10,DEMO,SIMULATED
2026-07-02,BLR_ST12,Yelahanka New Town,61,82,43,32.4,47.0,21.1,60.7,Satisfactory,PM10,DEMO,SIMULATED
2026-07-02,BLR_ST13,Electronic City Phase 1,100,135,70,52.7,76.4,34.3,99.9,Satisfactory,PM10,DEMO,SIMULATED
2026-07-02,BLR_ST14,Mysore Road / Nayandahalli,111,150,78,60.4,87.6,39.3,115.5,Moderate,PM10,DEMO,SIMULATED
2026-07-03,BLR_ST01,Silk Board Junction,134,181,94,69.9,101.4,45.4,126.4,Moderate,PM2.5,DEMO,SIMULATED
2026-07-03,BLR_ST02,BTM Layout CAAQMS,80,108,56,41.9,60.8,27.2,79.3,Satisfactory,PM10,DEMO,SIMULATED
2026-07-03,BLR_ST03,Peenya Industrial Area,134,181,94,70.1,101.6,45.6,134.2,Moderate,PM2.5,DEMO,SIMULATED
2026-07-03,BLR_ST04,Hebbal CAAQMS,97,131,68,50.2,72.8,32.6,96.8,Satisfactory,PM10,DEMO,SIMULATED
2026-07-03,BLR_ST05,Whitefield Export Promotion Industrial Park,94,127,66,47.9,69.5,31.1,93.5,Satisfactory,PM10,DEMO,SIMULATED
2026-07-03,BLR_ST06,Indiranagar 100ft Road,76,103,53,40.0,58.0,26.0,75.5,Satisfactory,PM10,DEMO,SIMULATED
2026-07-03,BLR_ST07,Jayanagar 4th Block,63,85,44,32.7,47.4,21.3,61.9,Satisfactory,PM10,DEMO,SIMULATED
2026-07-03,BLR_ST08,City Railway Station / Majestic,105,142,74,57.2,82.9,37.2,106.8,Moderate,PM10,DEMO,SIMULATED
2026-07-03,BLR_ST09,Saneguruvanahalli (Basaveshwaranagar),62,84,43,32.5,47.1,21.1,61.6,Satisfactory,PM10,DEMO,SIMULATED
2026-07-03,BLR_ST10,BWSSB Kadabeesanahalli (Outer Ring Road),109,147,76,59.3,86.0,38.5,111.9,Moderate,PM10,DEMO,SIMULATED
2026-07-03,BLR_ST11,Hombegowda Nagar (Lalbagh Vicinity),54,73,38,28.8,41.8,18.7,53.5,Satisfactory,PM10,DEMO,SIMULATED
2026-07-03,BLR_ST12,Yelahanka New Town,64,86,45,34.0,49.3,22.1,63.7,Satisfactory,PM10,DEMO,SIMULATED
2026-07-03,BLR_ST13,Electronic City Phase 1,103,139,72,54.3,78.7,35.3,103.0,Moderate,PM10,DEMO,SIMULATED
2026-07-03,BLR_ST14,Mysore Road / Nayandahalli,102,138,71,53.3,77.3,34.6,101.8,Moderate,PM10,DEMO,SIMULATED
2026-07-04,BLR_ST01,Silk Board Junction,110,148,77,62.7,90.9,40.8,113.4,Moderate,PM2.5,DEMO,SIMULATED
2026-07-04,BLR_ST02,BTM Layout CAAQMS,78,105,55,41.1,59.6,26.7,77.7,Satisfactory,PM10,DEMO,SIMULATED
2026-07-04,BLR_ST03,Peenya Industrial Area,124,167,87,66.9,97.0,43.5,128.2,Moderate,PM2.5,DEMO,SIMULATED
2026-07-04,BLR_ST04,Hebbal CAAQMS,98,132,69,51.0,74.0,33.1,98.3,Satisfactory,PM10,DEMO,SIMULATED
2026-07-04,BLR_ST05,Whitefield Export Promotion Industrial Park,104,140,73,53.5,77.6,34.8,104.5,Moderate,PM10,DEMO,SIMULATED
2026-07-04,BLR_ST06,Indiranagar 100ft Road,76,103,53,40.2,58.3,26.1,75.8,Satisfactory,PM10,DEMO,SIMULATED
2026-07-04,BLR_ST07,Jayanagar 4th Block,64,86,45,33.3,48.3,21.6,63.1,Satisfactory,PM10,DEMO,SIMULATED
2026-07-04,BLR_ST08,City Railway Station / Majestic,103,139,72,55.1,79.9,35.8,102.9,Moderate,PM10,DEMO,SIMULATED
2026-07-04,BLR_ST09,Saneguruvanahalli (Basaveshwaranagar),72,97,50,38.0,55.1,24.7,71.9,Satisfactory,PM10,DEMO,SIMULATED
2026-07-04,BLR_ST10,BWSSB Kadabeesanahalli (Outer Ring Road),106,143,74,57.0,82.6,37.1,107.5,Moderate,PM10,DEMO,SIMULATED
2026-07-04,BLR_ST11,Hombegowda Nagar (Lalbagh Vicinity),49,66,34,26.4,38.3,17.2,49.1,Good,PM10,DEMO,SIMULATED
2026-07-04,BLR_ST12,Yelahanka New Town,60,81,42,31.5,45.7,20.5,59.0,Satisfactory,PM10,DEMO,SIMULATED
2026-07-04,BLR_ST13,Electronic City Phase 1,89,120,62,46.9,68.0,30.5,88.9,Satisfactory,PM10,DEMO,SIMULATED
2026-07-04,BLR_ST14,Mysore Road / Nayandahalli,107,144,75,57.1,82.8,37.1,109.2,Moderate,PM10,DEMO,SIMULATED
2026-07-05,BLR_ST01,Silk Board Junction,128,173,90,68.1,98.7,44.3,123.2,Moderate,PM2.5,DEMO,SIMULATED
2026-07-05,BLR_ST02,BTM Layout CAAQMS,78,105,55,40.8,59.2,26.5,77.2,Satisfactory,PM10,DEMO,SIMULATED
2026-07-05,BLR_ST03,Peenya Industrial Area,173,234,121,81.8,118.6,53.2,156.7,Moderate,PM2.5,DEMO,SIMULATED
2026-07-05,BLR_ST04,Hebbal CAAQMS,95,128,66,49.0,71.0,31.9,94.5,Satisfactory,PM10,DEMO,SIMULATED
2026-07-05,BLR_ST05,Whitefield Export Promotion Industrial Park,97,131,68,49.7,72.1,32.3,97.1,Satisfactory,PM10,DEMO,SIMULATED
2026-07-05,BLR_ST06,Indiranagar 100ft Road,70,94,49,36.6,53.1,23.8,69.1,Satisfactory,PM10,DEMO,SIMULATED
2026-07-05,BLR_ST07,Jayanagar 4th Block,64,86,45,33.5,48.6,21.8,63.5,Satisfactory,PM10,DEMO,SIMULATED
2026-07-05,BLR_ST08,City Railway Station / Majestic,106,143,74,57.9,84.0,37.6,108.1,Moderate,PM10,DEMO,SIMULATED
2026-07-05,BLR_ST09,Saneguruvanahalli (Basaveshwaranagar),66,89,46,34.6,50.2,22.5,65.5,Satisfactory,PM10,DEMO,SIMULATED
2026-07-05,BLR_ST10,BWSSB Kadabeesanahalli (Outer Ring Road),114,154,80,63.4,91.9,41.2,119.6,Moderate,PM10,DEMO,SIMULATED
2026-07-05,BLR_ST11,Hombegowda Nagar (Lalbagh Vicinity),49,66,34,26.6,38.6,17.3,49.4,Good,PM10,DEMO,SIMULATED
2026-07-05,BLR_ST12,Yelahanka New Town,56,76,39,29.4,42.6,19.1,55.1,Satisfactory,PM10,DEMO,SIMULATED
2026-07-05,BLR_ST13,Electronic City Phase 1,99,134,69,52.1,75.5,33.9,98.8,Satisfactory,PM10,DEMO,SIMULATED
2026-07-05,BLR_ST14,Mysore Road / Nayandahalli,115,155,80,63.1,91.5,41.0,120.7,Moderate,PM10,DEMO,SIMULATED
2026-07-06,BLR_ST01,Silk Board Junction,106,143,74,59.2,85.8,38.5,107.0,Moderate,PM10,DEMO,SIMULATED
2026-07-06,BLR_ST02,BTM Layout CAAQMS,88,119,62,46.3,67.1,30.1,87.7,Satisfactory,PM10,DEMO,SIMULATED
2026-07-06,BLR_ST03,Peenya Industrial Area,136,184,95,70.5,102.2,45.8,135.0,Moderate,PM2.5,DEMO,SIMULATED
2026-07-06,BLR_ST04,Hebbal CAAQMS,107,144,75,56.6,82.1,36.8,109.1,Moderate,PM10,DEMO,SIMULATED
2026-07-06,BLR_ST05,Whitefield Export Promotion Industrial Park,102,138,71,52.4,76.0,34.1,102.2,Moderate,PM10,DEMO,SIMULATED
2026-07-06,BLR_ST06,Indiranagar 100ft Road,71,96,50,37.5,54.4,24.4,70.8,Satisfactory,PM10,DEMO,SIMULATED
2026-07-06,BLR_ST07,Jayanagar 4th Block,57,77,40,29.6,42.9,19.2,56.1,Satisfactory,PM10,DEMO,SIMULATED
2026-07-06,BLR_ST08,City Railway Station / Majestic,120,162,84,65.8,95.4,42.8,122.8,Moderate,PM2.5,DEMO,SIMULATED
2026-07-06,BLR_ST09,Saneguruvanahalli (Basaveshwaranagar),59,80,41,30.7,44.5,20.0,58.2,Satisfactory,PM10,DEMO,SIMULATED
2026-07-06,BLR_ST10,BWSSB Kadabeesanahalli (Outer Ring Road),99,134,69,52.6,76.3,34.2,99.2,Satisfactory,PM10,DEMO,SIMULATED
2026-07-06,BLR_ST11,Hombegowda Nagar (Lalbagh Vicinity),60,81,42,31.7,46.0,20.6,58.9,Satisfactory,PM10,DEMO,SIMULATED
2026-07-06,BLR_ST12,Yelahanka New Town,62,84,43,32.6,47.3,21.2,61.2,Satisfactory,PM10,DEMO,SIMULATED
2026-07-06,BLR_ST13,Electronic City Phase 1,83,112,58,43.7,63.4,28.4,82.8,Satisfactory,PM10,DEMO,SIMULATED
2026-07-06,BLR_ST14,Mysore Road / Nayandahalli,113,153,79,61.7,89.5,40.1,117.9,Moderate,PM10,DEMO,SIMULATED
2026-07-07,BLR_ST01,Silk Board Junction,133,180,93,69.6,100.9,45.2,125.9,Moderate,PM2.5,DEMO,SIMULATED
2026-07-07,BLR_ST02,BTM Layout CAAQMS,78,105,55,41.0,59.4,26.7,77.6,Satisfactory,PM10,DEMO,SIMULATED
2026-07-07,BLR_ST03,Peenya Industrial Area,116,157,81,64.4,93.4,41.9,123.3,Moderate,PM2.5,DEMO,SIMULATED
2026-07-07,BLR_ST04,Hebbal CAAQMS,104,140,73,54.0,78.3,35.1,104.2,Moderate,PM10,DEMO,SIMULATED
2026-07-07,BLR_ST05,Whitefield Export Promotion Industrial Park,91,123,64,46.3,67.1,30.1,90.4,Satisfactory,PM10,DEMO,SIMULATED
2026-07-07,BLR_ST06,Indiranagar 100ft Road,71,96,50,37.2,53.9,24.2,70.2,Satisfactory,PM10,DEMO,SIMULATED
2026-07-07,BLR_ST07,Jayanagar 4th Block,64,86,45,33.6,48.7,21.8,63.7,Satisfactory,PM10,DEMO,SIMULATED
2026-07-07,BLR_ST08,City Railway Station / Majestic,108,146,76,59.3,86.0,38.5,110.7,Moderate,PM10,DEMO,SIMULATED
2026-07-07,BLR_ST09,Saneguruvanahalli (Basaveshwaranagar),59,80,41,30.6,44.4,19.9,57.9,Satisfactory,PM10,DEMO,SIMULATED
2026-07-07,BLR_ST10,BWSSB Kadabeesanahalli (Outer Ring Road),111,150,78,60.9,88.3,39.6,114.9,Moderate,PM10,DEMO,SIMULATED
2026-07-07,BLR_ST11,Hombegowda Nagar (Lalbagh Vicinity),49,66,34,26.5,38.4,17.2,49.2,Good,PM10,DEMO,SIMULATED
2026-07-07,BLR_ST12,Yelahanka New Town,58,78,41,30.6,44.4,19.9,57.4,Satisfactory,PM10,DEMO,SIMULATED
2026-07-07,BLR_ST13,Electronic City Phase 1,84,113,59,44.1,63.9,28.7,83.6,Satisfactory,PM10,DEMO,SIMULATED
2026-07-07,BLR_ST14,Mysore Road / Nayandahalli,102,138,71,52.9,76.7,34.4,101.2,Moderate,PM10,DEMO,SIMULATED
2026-07-08,BLR_ST01,Silk Board Junction,134,181,94,70.0,101.5,45.5,126.6,Moderate,PM2.5,DEMO,SIMULATED
2026-07-08,BLR_ST02,BTM Layout CAAQMS,72,97,50,37.7,54.7,24.5,71.4,Satisfactory,PM10,DEMO,SIMULATED
2026-07-08,BLR_ST03,Peenya Industrial Area,147,198,103,73.9,107.2,48.0,141.5,Moderate,PM2.5,DEMO,SIMULATED
2026-07-08,BLR_ST04,Hebbal CAAQMS,98,132,69,50.9,73.8,33.1,98.1,Satisfactory,PM10,DEMO,SIMULATED
2026-07-08,BLR_ST05,Whitefield Export Promotion Industrial Park,93,126,65,47.5,68.9,30.9,92.8,Satisfactory,PM10,DEMO,SIMULATED
2026-07-08,BLR_ST06,Indiranagar 100ft Road,68,92,48,35.6,51.6,23.1,67.1,Satisfactory,PM10,DEMO,SIMULATED
2026-07-08,BLR_ST07,Jayanagar 4th Block,60,81,42,31.4,45.5,20.4,59.5,Satisfactory,PM10,DEMO,SIMULATED
2026-07-08,BLR_ST08,City Railway Station / Majestic,102,138,71,54.1,78.4,35.2,101.0,Moderate,PM10,DEMO,SIMULATED
2026-07-08,BLR_ST09,Saneguruvanahalli (Basaveshwaranagar),62,84,43,32.5,47.1,21.1,61.5,Satisfactory,PM10,DEMO,SIMULATED
2026-07-08,BLR_ST10,BWSSB Kadabeesanahalli (Outer Ring Road),100,135,70,52.9,76.7,34.4,99.9,Satisfactory,PM10,DEMO,SIMULATED
2026-07-08,BLR_ST11,Hombegowda Nagar (Lalbagh Vicinity),49,66,34,26.5,38.4,17.2,49.2,Good,PM10,DEMO,SIMULATED
2026-07-08,BLR_ST12,Yelahanka New Town,68,92,48,35.7,51.8,23.2,66.9,Satisfactory,PM10,DEMO,SIMULATED
2026-07-08,BLR_ST13,Electronic City Phase 1,91,123,64,47.7,69.2,31.0,90.4,Satisfactory,PM10,DEMO,SIMULATED
2026-07-08,BLR_ST14,Mysore Road / Nayandahalli,107,144,75,57.3,83.1,37.2,109.5,Moderate,PM10,DEMO,SIMULATED
2026-07-09,BLR_ST01,Silk Board Junction,128,173,90,68.3,99.0,44.4,123.6,Moderate,PM2.5,DEMO,SIMULATED
2026-07-09,BLR_ST02,BTM Layout CAAQMS,86,116,60,45.2,65.5,29.4,85.5,Satisfactory,PM10,DEMO,SIMULATED
2026-07-09,BLR_ST03,Peenya Industrial Area,166,224,116,79.8,115.7,51.9,152.8,Moderate,PM2.5,DEMO,SIMULATED
2026-07-09,BLR_ST04,Hebbal CAAQMS,108,146,76,57.5,83.4,37.4,110.9,Moderate,PM10,DEMO,SIMULATED
2026-07-09,BLR_ST05,Whitefield Export Promotion Industrial Park,94,127,66,48.0,69.6,31.2,93.7,Satisfactory,PM10,DEMO,SIMULATED
2026-07-09,BLR_ST06,Indiranagar 100ft Road,70,94,49,36.5,52.9,23.7,68.9,Satisfactory,PM10,DEMO,SIMULATED
2026-07-09,BLR_ST07,Jayanagar 4th Block,59,80,41,30.7,44.5,20.0,58.2,Satisfactory,PM10,DEMO,SIMULATED
2026-07-09,BLR_ST08,City Railway Station / Majestic,121,163,85,66.0,95.7,42.9,123.2,Moderate,PM2.5,DEMO,SIMULATED
2026-07-09,BLR_ST09,Saneguruvanahalli (Basaveshwaranagar),65,88,46,34.1,49.4,22.2,64.5,Satisfactory,PM10,DEMO,SIMULATED
2026-07-09,BLR_ST10,BWSSB Kadabeesanahalli (Outer Ring Road),105,142,74,56.1,81.3,36.5,105.8,Moderate,PM10,DEMO,SIMULATED
2026-07-09,BLR_ST11,Hombegowda Nagar (Lalbagh Vicinity),49,66,34,26.2,38.0,17.0,48.7,Good,PM10,DEMO,SIMULATED
2026-07-09,BLR_ST12,Yelahanka New Town,59,80,41,31.0,44.9,20.2,58.2,Satisfactory,PM10,DEMO,SIMULATED
2026-07-09,BLR_ST13,Electronic City Phase 1,84,113,59,43.9,63.7,28.5,83.2,Satisfactory,PM10,DEMO,SIMULATED
2026-07-09,BLR_ST14,Mysore Road / Nayandahalli,111,150,78,60.4,87.6,39.3,115.5,Moderate,PM10,DEMO,SIMULATED
2026-07-10,BLR_ST01,Silk Board Junction,126,170,88,67.5,97.9,43.9,122.1,Moderate,PM2.5,DEMO,SIMULATED
2026-07-10,BLR_ST02,BTM Layout CAAQMS,71,96,50,37.5,54.4,24.4,70.9,Satisfactory,PM10,DEMO,SIMULATED
2026-07-10,BLR_ST03,Peenya Industrial Area,165,223,115,79.3,115.0,51.5,151.9,Moderate,PM2.5,DEMO,SIMULATED
2026-07-10,BLR_ST04,Hebbal CAAQMS,104,140,73,53.9,78.2,35.0,103.9,Moderate,PM10,DEMO,SIMULATED
2026-07-10,BLR_ST05,Whitefield Export Promotion Industrial Park,103,139,72,52.5,76.1,34.1,102.5,Moderate,PM10,DEMO,SIMULATED
2026-07-10,BLR_ST06,Indiranagar 100ft Road,76,103,53,40.2,58.3,26.1,75.8,Satisfactory,PM10,DEMO,SIMULATED
2026-07-10,BLR_ST07,Jayanagar 4th Block,65,88,46,34.1,49.4,22.2,64.7,Satisfactory,PM10,DEMO,SIMULATED
2026-07-10,BLR_ST08,City Railway Station / Majestic,101,136,71,53.9,78.2,35.0,100.7,Moderate,PM10,DEMO,SIMULATED
2026-07-10,BLR_ST09,Saneguruvanahalli (Basaveshwaranagar),67,90,47,35.1,50.9,22.8,66.5,Satisfactory,PM10,DEMO,SIMULATED
2026-07-10,BLR_ST10,BWSSB Kadabeesanahalli (Outer Ring Road),102,138,71,54.0,78.3,35.1,102.0,Moderate,PM10,DEMO,SIMULATED
2026-07-10,BLR_ST11,Hombegowda Nagar (Lalbagh Vicinity),57,77,40,30.4,44.1,19.8,56.4,Satisfactory,PM10,DEMO,SIMULATED
2026-07-10,BLR_ST12,Yelahanka New Town,67,90,47,35.5,51.5,23.1,66.5,Satisfactory,PM10,DEMO,SIMULATED
2026-07-10,BLR_ST13,Electronic City Phase 1,80,108,56,41.8,60.6,27.2,79.2,Satisfactory,PM10,DEMO,SIMULATED
2026-07-10,BLR_ST14,Mysore Road / Nayandahalli,112,151,78,61.4,89.0,39.9,117.3,Moderate,PM10,DEMO,SIMULATED
2026-07-11,BLR_ST01,Silk Board Junction,105,142,74,58.7,85.1,38.2,106.1,Moderate,PM10,DEMO,SIMULATED
2026-07-11,BLR_ST02,BTM Layout CAAQMS,86,116,60,45.1,65.4,29.3,85.4,Satisfactory,PM10,DEMO,SIMULATED
2026-07-11,BLR_ST03,Peenya Industrial Area,152,205,106,75.5,109.5,49.1,144.6,Moderate,PM2.5,DEMO,SIMULATED
2026-07-11,BLR_ST04,Hebbal CAAQMS,99,134,69,51.3,74.4,33.3,99.0,Satisfactory,PM10,DEMO,SIMULATED
2026-07-11,BLR_ST05,Whitefield Export Promotion Industrial Park,103,139,72,53.0,76.8,34.5,103.5,Moderate,PM10,DEMO,SIMULATED
2026-07-11,BLR_ST06,Indiranagar 100ft Road,73,99,51,38.6,56.0,25.1,72.9,Satisfactory,PM10,DEMO,SIMULATED
2026-07-11,BLR_ST07,Jayanagar 4th Block,54,73,38,28.1,40.7,18.3,53.2,Satisfactory,PM10,DEMO,SIMULATED
2026-07-11,BLR_ST08,City Railway Station / Majestic,110,148,77,60.6,87.9,39.4,113.2,Moderate,PM10,DEMO,SIMULATED
2026-07-11,BLR_ST09,Saneguruvanahalli (Basaveshwaranagar),69,93,48,36.1,52.3,23.5,68.4,Satisfactory,PM10,DEMO,SIMULATED
2026-07-11,BLR_ST10,BWSSB Kadabeesanahalli (Outer Ring Road),109,147,76,59.6,86.4,38.7,112.4,Moderate,PM10,DEMO,SIMULATED
2026-07-11,BLR_ST11,Hombegowda Nagar (Lalbagh Vicinity),58,78,41,30.8,44.7,20.0,57.2,Satisfactory,PM10,DEMO,SIMULATED
2026-07-11,BLR_ST12,Yelahanka New Town,54,73,38,28.4,41.2,18.5,53.3,Satisfactory,PM10,DEMO,SIMULATED
2026-07-11,BLR_ST13,Electronic City Phase 1,93,126,65,48.7,70.6,31.7,92.4,Satisfactory,PM10,DEMO,SIMULATED
2026-07-11,BLR_ST14,Mysore Road / Nayandahalli,111,150,78,60.3,87.4,39.2,115.3,Moderate,PM10,DEMO,SIMULATED
2026-07-12,BLR_ST01,Silk Board Junction,112,151,78,63.4,91.9,41.2,114.8,Moderate,PM2.5,DEMO,SIMULATED
2026-07-12,BLR_ST02,BTM Layout CAAQMS,80,108,56,42.0,60.9,27.3,79.5,Satisfactory,PM10,DEMO,SIMULATED
2026-07-12,BLR_ST03,Peenya Industrial Area,117,158,82,64.8,94.0,42.1,124.1,Moderate,PM2.5,DEMO,SIMULATED
2026-07-12,BLR_ST04,Hebbal CAAQMS,110,148,77,59.0,85.5,38.4,113.8,Moderate,PM10,DEMO,SIMULATED
2026-07-12,BLR_ST05,Whitefield Export Promotion Industrial Park,104,140,73,53.2,77.1,34.6,103.8,Moderate,PM10,DEMO,SIMULATED
2026-07-12,BLR_ST06,Indiranagar 100ft Road,67,90,47,35.4,51.3,23.0,66.7,Satisfactory,PM10,DEMO,SIMULATED
2026-07-12,BLR_ST07,Jayanagar 4th Block,56,76,39,28.9,41.9,18.8,54.7,Satisfactory,PM10,DEMO,SIMULATED
2026-07-12,BLR_ST08,City Railway Station / Majestic,107,144,75,58.8,85.3,38.2,109.8,Moderate,PM10,DEMO,SIMULATED
2026-07-12,BLR_ST09,Saneguruvanahalli (Basaveshwaranagar),58,78,41,30.1,43.6,19.6,57.1,Satisfactory,PM10,DEMO,SIMULATED
2026-07-12,BLR_ST10,BWSSB Kadabeesanahalli (Outer Ring Road),100,135,70,52.9,76.7,34.4,99.8,Satisfactory,PM10,DEMO,SIMULATED
2026-07-12,BLR_ST11,Hombegowda Nagar (Lalbagh Vicinity),48,65,34,26.0,37.7,16.9,48.3,Good,PM10,DEMO,SIMULATED
2026-07-12,BLR_ST12,Yelahanka New Town,61,82,43,32.0,46.4,20.8,60.1,Satisfactory,PM10,DEMO,SIMULATED
2026-07-12,BLR_ST13,Electronic City Phase 1,78,105,55,40.6,58.9,26.4,77.1,Satisfactory,PM10,DEMO,SIMULATED
2026-07-12,BLR_ST14,Mysore Road / Nayandahalli,110,148,77,59.6,86.4,38.7,113.9,Moderate,PM10,DEMO,SIMULATED
2026-07-13,BLR_ST01,Silk Board Junction,104,140,73,57.6,83.5,37.4,104.3,Moderate,PM10,DEMO,SIMULATED
2026-07-13,BLR_ST02,BTM Layout CAAQMS,71,96,50,37.5,54.4,24.4,70.9,Satisfactory,PM10,DEMO,SIMULATED
2026-07-13,BLR_ST03,Peenya Industrial Area,145,196,102,73.2,106.1,47.6,140.2,Moderate,PM2.5,DEMO,SIMULATED
2026-07-13,BLR_ST04,Hebbal CAAQMS,109,147,76,57.8,83.8,37.6,111.4,Moderate,PM10,DEMO,SIMULATED
2026-07-13,BLR_ST05,Whitefield Export Promotion Industrial Park,103,139,72,52.4,76.0,34.1,102.3,Moderate,PM10,DEMO,SIMULATED
2026-07-13,BLR_ST06,Indiranagar 100ft Road,64,86,45,33.7,48.9,21.9,63.6,Satisfactory,PM10,DEMO,SIMULATED
2026-07-13,BLR_ST07,Jayanagar 4th Block,51,69,36,26.6,38.6,17.3,50.4,Satisfactory,PM10,DEMO,SIMULATED
2026-07-13,BLR_ST08,City Railway Station / Majestic,109,147,76,59.8,86.7,38.9,111.6,Moderate,PM10,DEMO,SIMULATED
2026-07-13,BLR_ST09,Saneguruvanahalli (Basaveshwaranagar),70,94,49,36.5,52.9,23.7,69.2,Satisfactory,PM10,DEMO,SIMULATED
2026-07-13,BLR_ST10,BWSSB Kadabeesanahalli (Outer Ring Road),110,148,77,59.9,86.9,38.9,113.0,Moderate,PM10,DEMO,SIMULATED
2026-07-13,BLR_ST11,Hombegowda Nagar (Lalbagh Vicinity),57,77,40,30.0,43.5,19.5,55.7,Satisfactory,PM10,DEMO,SIMULATED
2026-07-13,BLR_ST12,Yelahanka New Town,65,88,46,34.4,49.9,22.4,64.5,Satisfactory,PM10,DEMO,SIMULATED
2026-07-13,BLR_ST13,Electronic City Phase 1,97,131,68,50.9,73.8,33.1,96.6,Satisfactory,PM10,DEMO,SIMULATED
2026-07-13,BLR_ST14,Mysore Road / Nayandahalli,100,135,70,52.2,75.7,33.9,99.7,Satisfactory,PM10,DEMO,SIMULATED
2026-07-14,BLR_ST01,Silk Board Junction,128,173,90,68.2,98.9,44.3,123.4,Moderate,PM2.5,DEMO,SIMULATED
2026-07-14,BLR_ST02,BTM Layout CAAQMS,76,103,53,39.8,57.7,25.9,75.4,Satisfactory,PM10,DEMO,SIMULATED
2026-07-14,BLR_ST03,Peenya Industrial Area,114,154,80,62.5,90.6,40.6,119.8,Moderate,PM10,DEMO,SIMULATED
2026-07-14,BLR_ST04,Hebbal CAAQMS,96,130,67,49.7,72.1,32.3,95.8,Satisfactory,PM10,DEMO,SIMULATED
2026-07-14,BLR_ST05,Whitefield Export Promotion Industrial Park,86,116,60,43.9,63.7,28.5,85.7,Satisfactory,PM10,DEMO,SIMULATED
2026-07-14,BLR_ST06,Indiranagar 100ft Road,61,82,43,32.1,46.5,20.9,60.6,Satisfactory,PM10,DEMO,SIMULATED
2026-07-14,BLR_ST07,Jayanagar 4th Block,63,85,44,33.1,48.0,21.5,62.7,Satisfactory,PM10,DEMO,SIMULATED
2026-07-14,BLR_ST08,City Railway Station / Majestic,112,151,78,62.2,90.2,40.4,116.2,Moderate,PM10,DEMO,SIMULATED
2026-07-14,BLR_ST09,Saneguruvanahalli (Basaveshwaranagar),70,94,49,36.7,53.2,23.9,69.4,Satisfactory,PM10,DEMO,SIMULATED
2026-07-14,BLR_ST10,BWSSB Kadabeesanahalli (Outer Ring Road),107,144,75,57.8,83.8,37.6,109.1,Moderate,PM10,DEMO,SIMULATED
2026-07-14,BLR_ST11,Hombegowda Nagar (Lalbagh Vicinity),47,63,33,25.4,36.8,16.5,47.1,Good,PM10,DEMO,SIMULATED
2026-07-14,BLR_ST12,Yelahanka New Town,66,89,46,35.0,50.8,22.8,65.6,Satisfactory,PM10,DEMO,SIMULATED
2026-07-14,BLR_ST13,Electronic City Phase 1,91,123,64,47.7,69.2,31.0,90.5,Satisfactory,PM10,DEMO,SIMULATED
2026-07-14,BLR_ST14,Mysore Road / Nayandahalli,109,147,76,58.9,85.4,38.3,112.7,Moderate,PM10,DEMO,SIMULATED
2026-07-15,BLR_ST01,Silk Board Junction,119,161,83,65.5,95.0,42.6,118.5,Moderate,PM2.5,DEMO,SIMULATED
2026-07-15,BLR_ST02,BTM Layout CAAQMS,72,97,50,37.9,55.0,24.6,71.7,Satisfactory,PM10,DEMO,SIMULATED
2026-07-15,BLR_ST03,Peenya Industrial Area,135,182,94,70.2,101.8,45.6,134.4,Moderate,PM2.5,DEMO,SIMULATED
2026-07-15,BLR_ST04,Hebbal CAAQMS,92,124,64,47.8,69.3,31.1,92.2,Satisfactory,PM10,DEMO,SIMULATED
2026-07-15,BLR_ST05,Whitefield Export Promotion Industrial Park,89,120,62,45.6,66.1,29.6,89.0,Satisfactory,PM10,DEMO,SIMULATED
2026-07-15,BLR_ST06,Indiranagar 100ft Road,69,93,48,36.3,52.6,23.6,68.6,Satisfactory,PM10,DEMO,SIMULATED
2026-07-15,BLR_ST07,Jayanagar 4th Block,52,70,36,27.0,39.1,17.6,51.2,Satisfactory,PM10,DEMO,SIMULATED
2026-07-15,BLR_ST08,City Railway Station / Majestic,110,148,77,61.0,88.5,39.6,113.8,Moderate,PM10,DEMO,SIMULATED
2026-07-15,BLR_ST09,Saneguruvanahalli (Basaveshwaranagar),69,93,48,36.3,52.6,23.6,68.8,Satisfactory,PM10,DEMO,SIMULATED
2026-07-15,BLR_ST10,BWSSB Kadabeesanahalli (Outer Ring Road),111,150,78,61.4,89.0,39.9,115.9,Moderate,PM10,DEMO,SIMULATED
2026-07-15,BLR_ST11,Hombegowda Nagar (Lalbagh Vicinity),49,66,34,26.6,38.6,17.3,49.4,Good,PM10,DEMO,SIMULATED
2026-07-15,BLR_ST12,Yelahanka New Town,66,89,46,34.9,50.6,22.7,65.5,Satisfactory,PM10,DEMO,SIMULATED
2026-07-15,BLR_ST13,Electronic City Phase 1,96,130,67,50.3,72.9,32.7,95.5,Satisfactory,PM10,DEMO,SIMULATED
2026-07-15,BLR_ST14,Mysore Road / Nayandahalli,90,122,63,47.1,68.3,30.6,90.1,Satisfactory,PM10,DEMO,SIMULATED
2026-07-16,BLR_ST01,Silk Board Junction,110,148,77,62.4,90.5,40.6,112.9,Moderate,PM10,DEMO,SIMULATED
2026-07-16,BLR_ST02,BTM Layout CAAQMS,84,113,59,44.4,64.4,28.9,84.1,Satisfactory,PM10,DEMO,SIMULATED
2026-07-16,BLR_ST03,Peenya Industrial Area,153,207,107,75.9,110.1,49.3,145.4,Moderate,PM2.5,DEMO,SIMULATED
2026-07-16,BLR_ST04,Hebbal CAAQMS,93,126,65,48.1,69.7,31.3,92.7,Satisfactory,PM10,DEMO,SIMULATED
2026-07-16,BLR_ST05,Whitefield Export Promotion Industrial Park,94,127,66,48.2,69.9,31.3,94.2,Satisfactory,PM10,DEMO,SIMULATED
2026-07-16,BLR_ST06,Indiranagar 100ft Road,73,99,51,38.1,55.2,24.8,72.0,Satisfactory,PM10,DEMO,SIMULATED
2026-07-16,BLR_ST07,Jayanagar 4th Block,52,70,36,26.9,39.0,17.5,51.0,Satisfactory,PM10,DEMO,SIMULATED
2026-07-16,BLR_ST08,City Railway Station / Majestic,110,148,77,60.8,88.2,39.5,113.5,Moderate,PM10,DEMO,SIMULATED
2026-07-16,BLR_ST09,Saneguruvanahalli (Basaveshwaranagar),59,80,41,30.5,44.2,19.8,57.8,Satisfactory,PM10,DEMO,SIMULATED
2026-07-16,BLR_ST10,BWSSB Kadabeesanahalli (Outer Ring Road),112,151,78,61.5,89.2,40.0,116.0,Moderate,PM10,DEMO,SIMULATED
2026-07-16,BLR_ST11,Hombegowda Nagar (Lalbagh Vicinity),46,62,32,25.0,36.2,16.2,46.4,Good,PM10,DEMO,SIMULATED
2026-07-16,BLR_ST12,Yelahanka New Town,64,86,45,33.9,49.2,22.0,63.6,Satisfactory,PM10,DEMO,SIMULATED
2026-07-16,BLR_ST13,Electronic City Phase 1,77,104,54,40.6,58.9,26.4,76.9,Satisfactory,PM10,DEMO,SIMULATED
2026-07-16,BLR_ST14,Mysore Road / Nayandahalli,105,142,74,55.4,80.3,36.0,105.9,Moderate,PM10,DEMO,SIMULATED
2026-07-17,BLR_ST01,Silk Board Junction,110,148,77,62.5,90.6,40.6,113.1,Moderate,PM10,DEMO,SIMULATED
2026-07-17,BLR_ST02,BTM Layout CAAQMS,83,112,58,43.8,63.5,28.5,82.9,Satisfactory,PM10,DEMO,SIMULATED
2026-07-17,BLR_ST03,Peenya Industrial Area,124,167,87,67.0,97.1,43.6,128.2,Moderate,PM2.5,DEMO,SIMULATED
2026-07-17,BLR_ST04,Hebbal CAAQMS,93,126,65,48.3,70.0,31.4,93.1,Satisfactory,PM10,DEMO,SIMULATED
2026-07-17,BLR_ST05,Whitefield Export Promotion Industrial Park,87,117,61,44.3,64.2,28.8,86.6,Satisfactory,PM10,DEMO,SIMULATED
2026-07-17,BLR_ST06,Indiranagar 100ft Road,59,80,41,30.7,44.5,20.0,58.0,Satisfactory,PM10,DEMO,SIMULATED
2026-07-17,BLR_ST07,Jayanagar 4th Block,53,72,37,27.6,40.0,17.9,52.3,Satisfactory,PM10,DEMO,SIMULATED
2026-07-17,BLR_ST08,City Railway Station / Majestic,97,131,68,51.7,75.0,33.6,96.5,Satisfactory,PM10,DEMO,SIMULATED
2026-07-17,BLR_ST09,Saneguruvanahalli (Basaveshwaranagar),55,74,38,28.5,41.3,18.5,54.0,Satisfactory,PM10,DEMO,SIMULATED
2026-07-17,BLR_ST10,BWSSB Kadabeesanahalli (Outer Ring Road),101,136,71,53.2,77.1,34.6,100.5,Moderate,PM10,DEMO,SIMULATED
2026-07-17,BLR_ST11,Hombegowda Nagar (Lalbagh Vicinity),54,73,38,28.5,41.3,18.5,52.9,Satisfactory,PM10,DEMO,SIMULATED
2026-07-17,BLR_ST12,Yelahanka New Town,65,88,46,34.3,49.7,22.3,64.3,Satisfactory,PM10,DEMO,SIMULATED
2026-07-17,BLR_ST13,Electronic City Phase 1,93,126,65,48.8,70.8,31.7,92.6,Satisfactory,PM10,DEMO,SIMULATED
2026-07-17,BLR_ST14,Mysore Road / Nayandahalli,101,136,71,52.3,75.8,34.0,100.1,Moderate,PM10,DEMO,SIMULATED
2026-07-18,BLR_ST01,Silk Board Junction,105,142,74,58.4,84.7,38.0,105.6,Moderate,PM10,DEMO,SIMULATED
2026-07-18,BLR_ST02,BTM Layout CAAQMS,77,104,54,40.3,58.4,26.2,76.2,Satisfactory,PM10,DEMO,SIMULATED
2026-07-18,BLR_ST03,Peenya Industrial Area,112,151,78,61.0,88.5,39.6,116.7,Moderate,PM10,DEMO,SIMULATED
2026-07-18,BLR_ST04,Hebbal CAAQMS,98,132,69,50.6,73.4,32.9,97.6,Satisfactory,PM10,DEMO,SIMULATED
2026-07-18,BLR_ST05,Whitefield Export Promotion Industrial Park,100,135,70,51.0,74.0,33.1,99.5,Satisfactory,PM10,DEMO,SIMULATED
2026-07-18,BLR_ST06,Indiranagar 100ft Road,67,90,47,35.3,51.2,22.9,66.7,Satisfactory,PM10,DEMO,SIMULATED
2026-07-18,BLR_ST07,Jayanagar 4th Block,58,78,41,30.4,44.1,19.8,57.6,Satisfactory,PM10,DEMO,SIMULATED
2026-07-18,BLR_ST08,City Railway Station / Majestic,97,131,68,52.1,75.5,33.9,97.3,Satisfactory,PM10,DEMO,SIMULATED
2026-07-18,BLR_ST09,Saneguruvanahalli (Basaveshwaranagar),56,76,39,28.9,41.9,18.8,54.7,Satisfactory,PM10,DEMO,SIMULATED
2026-07-18,BLR_ST10,BWSSB Kadabeesanahalli (Outer Ring Road),108,146,76,58.9,85.4,38.3,111.2,Moderate,PM10,DEMO,SIMULATED
2026-07-18,BLR_ST11,Hombegowda Nagar (Lalbagh Vicinity),47,63,33,25.5,37.0,16.6,47.3,Good,PM10,DEMO,SIMULATED
2026-07-18,BLR_ST12,Yelahanka New Town,56,76,39,29.3,42.5,19.0,54.9,Satisfactory,PM10,DEMO,SIMULATED
2026-07-18,BLR_ST13,Electronic City Phase 1,94,127,66,49.2,71.3,32.0,93.4,Satisfactory,PM10,DEMO,SIMULATED
2026-07-18,BLR_ST14,Mysore Road / Nayandahalli,90,122,63,46.8,67.9,30.4,89.4,Satisfactory,PM10,DEMO,SIMULATED
2026-07-19,BLR_ST01,Silk Board Junction,100,135,70,55.0,79.8,35.8,99.5,Satisfactory,PM10,DEMO,SIMULATED
2026-07-19,BLR_ST02,BTM Layout CAAQMS,73,99,51,38.4,55.7,25.0,72.6,Satisfactory,PM10,DEMO,SIMULATED
2026-07-19,BLR_ST03,Peenya Industrial Area,136,184,95,70.7,102.5,46.0,135.4,Moderate,PM2.5,DEMO,SIMULATED
2026-07-19,BLR_ST04,Hebbal CAAQMS,99,134,69,51.1,74.1,33.2,98.5,Satisfactory,PM10,DEMO,SIMULATED
2026-07-19,BLR_ST05,Whitefield Export Promotion Industrial Park,100,135,70,51.0,74.0,33.1,99.6,Satisfactory,PM10,DEMO,SIMULATED
2026-07-19,BLR_ST06,Indiranagar 100ft Road,59,80,41,30.6,44.4,19.9,57.7,Satisfactory,PM10,DEMO,SIMULATED
2026-07-19,BLR_ST07,Jayanagar 4th Block,57,77,40,29.6,42.9,19.2,56.0,Satisfactory,PM10,DEMO,SIMULATED
2026-07-19,BLR_ST08,City Railway Station / Majestic,106,143,74,57.8,83.8,37.6,108.0,Moderate,PM10,DEMO,SIMULATED
2026-07-19,BLR_ST09,Saneguruvanahalli (Basaveshwaranagar),61,82,43,31.8,46.1,20.7,60.2,Satisfactory,PM10,DEMO,SIMULATED
2026-07-19,BLR_ST10,BWSSB Kadabeesanahalli (Outer Ring Road),91,123,64,47.9,69.5,31.1,90.5,Satisfactory,PM10,DEMO,SIMULATED
2026-07-19,BLR_ST11,Hombegowda Nagar (Lalbagh Vicinity),56,76,39,29.5,42.8,19.2,54.7,Satisfactory,PM10,DEMO,SIMULATED
2026-07-19,BLR_ST12,Yelahanka New Town,53,72,37,28.0,40.6,18.2,52.5,Satisfactory,PM10,DEMO,SIMULATED
2026-07-19,BLR_ST13,Electronic City Phase 1,92,124,64,48.3,70.0,31.4,91.5,Satisfactory,PM10,DEMO,SIMULATED
2026-07-19,BLR_ST14,Mysore Road / Nayandahalli,91,123,64,47.5,68.9,30.9,90.8,Satisfactory,PM10,DEMO,SIMULATED
2026-07-20,BLR_ST01,Silk Board Junction,97,131,68,53.7,77.9,34.9,97.1,Satisfactory,PM10,DEMO,SIMULATED
2026-07-20,BLR_ST02,BTM Layout CAAQMS,70,94,49,36.5,52.9,23.7,69.1,Satisfactory,PM10,DEMO,SIMULATED
2026-07-20,BLR_ST03,Peenya Industrial Area,113,153,79,61.6,89.3,40.0,117.9,Moderate,PM10,DEMO,SIMULATED
2026-07-20,BLR_ST04,Hebbal CAAQMS,102,138,71,52.6,76.3,34.2,101.4,Moderate,PM10,DEMO,SIMULATED
2026-07-20,BLR_ST05,Whitefield Export Promotion Industrial Park,95,128,66,48.7,70.6,31.7,95.2,Satisfactory,PM10,DEMO,SIMULATED
2026-07-20,BLR_ST06,Indiranagar 100ft Road,68,92,48,35.5,51.5,23.1,67.0,Satisfactory,PM10,DEMO,SIMULATED
2026-07-20,BLR_ST07,Jayanagar 4th Block,52,70,36,27.1,39.3,17.6,51.4,Satisfactory,PM10,DEMO,SIMULATED
2026-07-20,BLR_ST08,City Railway Station / Majestic,99,134,69,53.0,76.8,34.5,99.0,Satisfactory,PM10,DEMO,SIMULATED
2026-07-20,BLR_ST09,Saneguruvanahalli (Basaveshwaranagar),57,77,40,29.8,43.2,19.4,56.3,Satisfactory,PM10,DEMO,SIMULATED
2026-07-20,BLR_ST10,BWSSB Kadabeesanahalli (Outer Ring Road),91,123,64,47.9,69.5,31.1,90.4,Satisfactory,PM10,DEMO,SIMULATED
2026-07-20,BLR_ST11,Hombegowda Nagar (Lalbagh Vicinity),50,68,35,26.9,39.0,17.5,50.0,Good,PM10,DEMO,SIMULATED
2026-07-20,BLR_ST12,Yelahanka New Town,62,84,43,32.7,47.4,21.3,61.3,Satisfactory,PM10,DEMO,SIMULATED
2026-07-20,BLR_ST13,Electronic City Phase 1,77,104,54,40.2,58.3,26.1,76.3,Satisfactory,PM10,DEMO,SIMULATED
2026-07-20,BLR_ST14,Mysore Road / Nayandahalli,95,128,66,49.7,72.1,32.3,95.0,Satisfactory,PM10,DEMO,SIMULATED
2026-07-21,BLR_ST01,Silk Board Junction,104,140,73,57.9,84.0,37.6,104.8,Moderate,PM10,DEMO,SIMULATED
2026-07-21,BLR_ST02,BTM Layout CAAQMS,71,96,50,37.1,53.8,24.1,70.3,Satisfactory,PM10,DEMO,SIMULATED
2026-07-21,BLR_ST03,Peenya Industrial Area,130,176,91,68.7,99.6,44.7,131.5,Moderate,PM2.5,DEMO,SIMULATED
2026-07-21,BLR_ST04,Hebbal CAAQMS,99,134,69,51.1,74.1,33.2,98.5,Satisfactory,PM10,DEMO,SIMULATED
2026-07-21,BLR_ST05,Whitefield Export Promotion Industrial Park,84,113,59,42.7,61.9,27.8,83.3,Satisfactory,PM10,DEMO,SIMULATED
2026-07-21,BLR_ST06,Indiranagar 100ft Road,57,77,40,29.6,42.9,19.2,55.9,Satisfactory,PM10,DEMO,SIMULATED
2026-07-21,BLR_ST07,Jayanagar 4th Block,50,68,35,26.3,38.1,17.1,49.8,Good,PM10,DEMO,SIMULATED
2026-07-21,BLR_ST08,City Railway Station / Majestic,99,134,69,52.8,76.6,34.3,98.6,Satisfactory,PM10,DEMO,SIMULATED
2026-07-21,BLR_ST09,Saneguruvanahalli (Basaveshwaranagar),55,74,38,28.4,41.2,18.5,53.7,Satisfactory,PM10,DEMO,SIMULATED
2026-07-21,BLR_ST10,BWSSB Kadabeesanahalli (Outer Ring Road),107,144,75,57.7,83.7,37.5,109.0,Moderate,PM10,DEMO,SIMULATED
2026-07-21,BLR_ST11,Hombegowda Nagar (Lalbagh Vicinity),47,63,33,25.1,36.4,16.3,46.6,Good,PM10,DEMO,SIMULATED
2026-07-21,BLR_ST12,Yelahanka New Town,56,76,39,29.3,42.5,19.0,55.0,Satisfactory,PM10,DEMO,SIMULATED
2026-07-21,BLR_ST13,Electronic City Phase 1,83,112,58,43.5,63.1,28.3,82.4,Satisfactory,PM10,DEMO,SIMULATED
2026-07-21,BLR_ST14,Mysore Road / Nayandahalli,102,138,71,53.1,77.0,34.5,101.4,Moderate,PM10,DEMO,SIMULATED
2026-07-22,BLR_ST01,Silk Board Junction,96,130,67,52.8,76.6,34.3,95.6,Satisfactory,PM10,DEMO,SIMULATED
2026-07-22,BLR_ST02,BTM Layout CAAQMS,75,101,52,39.2,56.8,25.5,74.2,Satisfactory,PM10,DEMO,SIMULATED
2026-07-22,BLR_ST03,Peenya Industrial Area,112,151,78,60.7,88.0,39.5,116.2,Moderate,PM10,DEMO,SIMULATED
2026-07-22,BLR_ST04,Hebbal CAAQMS,104,140,73,54.1,78.4,35.2,104.4,Moderate,PM10,DEMO,SIMULATED
2026-07-22,BLR_ST05,Whitefield Export Promotion Industrial Park,87,117,61,44.2,64.1,28.7,86.4,Satisfactory,PM10,DEMO,SIMULATED
2026-07-22,BLR_ST06,Indiranagar 100ft Road,63,85,44,32.8,47.6,21.3,61.9,Satisfactory,PM10,DEMO,SIMULATED
2026-07-22,BLR_ST07,Jayanagar 4th Block,52,70,36,26.7,38.7,17.4,50.7,Satisfactory,PM10,DEMO,SIMULATED
2026-07-22,BLR_ST08,City Railway Station / Majestic,103,139,72,54.8,79.5,35.6,102.3,Moderate,PM10,DEMO,SIMULATED
2026-07-22,BLR_ST09,Saneguruvanahalli (Basaveshwaranagar),56,76,39,29.3,42.5,19.0,55.4,Satisfactory,PM10,DEMO,SIMULATED
2026-07-22,BLR_ST10,BWSSB Kadabeesanahalli (Outer Ring Road),95,128,66,50.0,72.5,32.5,94.5,Satisfactory,PM10,DEMO,SIMULATED
2026-07-22,BLR_ST11,Hombegowda Nagar (Lalbagh Vicinity),45,61,31,23.4,33.9,15.2,43.4,Good,O3,DEMO,SIMULATED
2026-07-22,BLR_ST12,Yelahanka New Town,60,81,42,31.7,46.0,20.6,59.4,Satisfactory,PM10,DEMO,SIMULATED
2026-07-22,BLR_ST13,Electronic City Phase 1,86,116,60,45.0,65.2,29.2,85.4,Satisfactory,PM10,DEMO,SIMULATED
2026-07-22,BLR_ST14,Mysore Road / Nayandahalli,88,119,62,45.7,66.3,29.7,87.4,Satisfactory,PM10,DEMO,SIMULATED
2026-07-23,BLR_ST01,Silk Board Junction,102,138,71,56.0,81.2,36.4,101.3,Moderate,PM10,DEMO,SIMULATED
2026-07-23,BLR_ST02,BTM Layout CAAQMS,74,100,52,38.9,56.4,25.3,73.7,Satisfactory,PM10,DEMO,SIMULATED
2026-07-23,BLR_ST03,Peenya Industrial Area,143,193,100,72.6,105.3,47.2,139.1,Moderate,PM2.5,DEMO,SIMULATED
2026-07-23,BLR_ST04,Hebbal CAAQMS,97,131,68,50.3,72.9,32.7,97.0,Satisfactory,PM10,DEMO,SIMULATED
2026-07-23,BLR_ST05,Whitefield Export Promotion Industrial Park,90,122,63,46.0,66.7,29.9,89.7,Satisfactory,PM10,DEMO,SIMULATED
2026-07-23,BLR_ST06,Indiranagar 100ft Road,68,92,48,35.7,51.8,23.2,67.4,Satisfactory,PM10,DEMO,SIMULATED
2026-07-23,BLR_ST07,Jayanagar 4th Block,58,78,41,30.3,43.9,19.7,57.5,Satisfactory,PM10,DEMO,SIMULATED
2026-07-23,BLR_ST08,City Railway Station / Majestic,101,136,71,53.8,78.0,35.0,100.5,Moderate,PM10,DEMO,SIMULATED
2026-07-23,BLR_ST09,Saneguruvanahalli (Basaveshwaranagar),60,81,42,31.4,45.5,20.4,59.5,Satisfactory,PM10,DEMO,SIMULATED
2026-07-23,BLR_ST10,BWSSB Kadabeesanahalli (Outer Ring Road),106,143,74,57.3,83.1,37.2,108.1,Moderate,PM10,DEMO,SIMULATED
2026-07-23,BLR_ST11,Hombegowda Nagar (Lalbagh Vicinity),48,65,34,25.8,37.4,16.8,47.9,Good,PM10,DEMO,SIMULATED
2026-07-23,BLR_ST12,Yelahanka New Town,61,82,43,32.4,47.0,21.1,60.7,Satisfactory,PM10,DEMO,SIMULATED
2026-07-23,BLR_ST13,Electronic City Phase 1,81,109,57,42.8,62.1,27.8,81.1,Satisfactory,PM10,DEMO,SIMULATED
2026-07-23,BLR_ST14,Mysore Road / Nayandahalli,87,117,61,45.3,65.7,29.4,86.7,Satisfactory,PM10,DEMO,SIMULATED
2026-07-24,BLR_ST01,Silk Board Junction,112,151,78,63.4,91.9,41.2,114.7,Moderate,PM2.5,DEMO,SIMULATED
2026-07-24,BLR_ST02,BTM Layout CAAQMS,77,104,54,40.3,58.4,26.2,76.2,Satisfactory,PM10,DEMO,SIMULATED
2026-07-24,BLR_ST03,Peenya Industrial Area,117,158,82,64.9,94.1,42.2,124.2,Moderate,PM2.5,DEMO,SIMULATED
2026-07-24,BLR_ST04,Hebbal CAAQMS,103,139,72,53.6,77.7,34.8,103.4,Moderate,PM10,DEMO,SIMULATED
2026-07-24,BLR_ST05,Whitefield Export Promotion Industrial Park,95,128,66,48.3,70.0,31.4,94.4,Satisfactory,PM10,DEMO,SIMULATED
2026-07-24,BLR_ST06,Indiranagar 100ft Road,65,88,46,34.2,49.6,22.2,64.5,Satisfactory,PM10,DEMO,SIMULATED
2026-07-24,BLR_ST07,Jayanagar 4th Block,56,76,39,28.8,41.8,18.7,54.6,Satisfactory,PM10,DEMO,SIMULATED
2026-07-24,BLR_ST08,City Railway Station / Majestic,93,126,65,49.5,71.8,32.2,92.5,Satisfactory,PM10,DEMO,SIMULATED
2026-07-24,BLR_ST09,Saneguruvanahalli (Basaveshwaranagar),63,85,44,32.9,47.7,21.4,62.2,Satisfactory,PM10,DEMO,SIMULATED
2026-07-24,BLR_ST10,BWSSB Kadabeesanahalli (Outer Ring Road),91,123,64,48.2,69.9,31.3,91.0,Satisfactory,PM10,DEMO,SIMULATED
2026-07-24,BLR_ST11,Hombegowda Nagar (Lalbagh Vicinity),54,73,38,28.8,41.8,18.7,53.5,Satisfactory,PM10,DEMO,SIMULATED
2026-07-24,BLR_ST12,Yelahanka New Town,62,84,43,32.8,47.6,21.3,61.5,Satisfactory,PM10,DEMO,SIMULATED
2026-07-24,BLR_ST13,Electronic City Phase 1,87,117,61,45.9,66.6,29.8,87.0,Satisfactory,PM10,DEMO,SIMULATED
2026-07-24,BLR_ST14,Mysore Road / Nayandahalli,87,117,61,45.6,66.1,29.6,87.2,Satisfactory,PM10,DEMO,SIMULATED
2026-07-25,BLR_ST01,Silk Board Junction,102,138,71,56.4,81.8,36.7,102.0,Moderate,PM10,DEMO,SIMULATED
2026-07-25,BLR_ST02,BTM Layout CAAQMS,81,109,57,42.5,61.6,27.6,80.5,Satisfactory,PM10,DEMO,SIMULATED
2026-07-25,BLR_ST03,Peenya Industrial Area,115,155,80,63.4,91.9,41.2,121.4,Moderate,PM10,DEMO,SIMULATED
2026-07-25,BLR_ST04,Hebbal CAAQMS,104,140,73,54.4,78.9,35.4,104.9,Moderate,PM10,DEMO,SIMULATED
2026-07-25,BLR_ST05,Whitefield Export Promotion Industrial Park,90,122,63,46.2,67.0,30.0,90.1,Satisfactory,PM10,DEMO,SIMULATED
2026-07-25,BLR_ST06,Indiranagar 100ft Road,67,90,47,35.2,51.0,22.9,66.4,Satisfactory,PM10,DEMO,SIMULATED
2026-07-25,BLR_ST07,Jayanagar 4th Block,50,68,35,26.2,38.0,17.0,49.6,Good,PM10,DEMO,SIMULATED
2026-07-25,BLR_ST08,City Railway Station / Majestic,108,146,76,59.5,86.3,38.7,111.1,Moderate,PM10,DEMO,SIMULATED
2026-07-25,BLR_ST09,Saneguruvanahalli (Basaveshwaranagar),65,88,46,33.8,49.0,22.0,64.0,Satisfactory,PM10,DEMO,SIMULATED
2026-07-25,BLR_ST10,BWSSB Kadabeesanahalli (Outer Ring Road),88,119,62,46.6,67.6,30.3,87.9,Satisfactory,PM10,DEMO,SIMULATED
2026-07-25,BLR_ST11,Hombegowda Nagar (Lalbagh Vicinity),46,62,32,24.9,36.1,16.2,46.3,Good,PM10,DEMO,SIMULATED
2026-07-25,BLR_ST12,Yelahanka New Town,54,73,38,28.6,41.5,18.6,53.5,Satisfactory,PM10,DEMO,SIMULATED
2026-07-25,BLR_ST13,Electronic City Phase 1,78,105,55,40.7,59.0,26.5,77.2,Satisfactory,PM10,DEMO,SIMULATED
2026-07-25,BLR_ST14,Mysore Road / Nayandahalli,90,122,63,47.1,68.3,30.6,90.0,Satisfactory,PM10,DEMO,SIMULATED
2026-07-26,BLR_ST01,Silk Board Junction,102,138,71,56.5,81.9,36.7,102.2,Moderate,PM10,DEMO,SIMULATED
2026-07-26,BLR_ST02,BTM Layout CAAQMS,78,105,55,41.2,59.7,26.8,78.0,Satisfactory,PM10,DEMO,SIMULATED
2026-07-26,BLR_ST03,Peenya Industrial Area,129,174,90,68.4,99.2,44.5,131.0,Moderate,PM2.5,DEMO,SIMULATED
2026-07-26,BLR_ST04,Hebbal CAAQMS,96,130,67,49.7,72.1,32.3,95.8,Satisfactory,PM10,DEMO,SIMULATED
2026-07-26,BLR_ST05,Whitefield Export Promotion Industrial Park,88,119,62,44.7,64.8,29.1,87.4,Satisfactory,PM10,DEMO,SIMULATED
2026-07-26,BLR_ST06,Indiranagar 100ft Road,61,82,43,31.7,46.0,20.6,59.9,Satisfactory,PM10,DEMO,SIMULATED
2026-07-26,BLR_ST07,Jayanagar 4th Block,52,70,36,27.1,39.3,17.6,51.3,Satisfactory,PM10,DEMO,SIMULATED
2026-07-26,BLR_ST08,City Railway Station / Majestic,92,124,64,49.3,71.5,32.0,92.0,Satisfactory,PM10,DEMO,SIMULATED
2026-07-26,BLR_ST09,Saneguruvanahalli (Basaveshwaranagar),60,81,42,31.2,45.2,20.3,59.0,Satisfactory,PM10,DEMO,SIMULATED
2026-07-26,BLR_ST10,BWSSB Kadabeesanahalli (Outer Ring Road),103,139,72,54.8,79.5,35.6,103.5,Moderate,PM10,DEMO,SIMULATED
2026-07-26,BLR_ST11,Hombegowda Nagar (Lalbagh Vicinity),53,72,37,28.1,40.7,18.3,52.3,Satisfactory,PM10,DEMO,SIMULATED
2026-07-26,BLR_ST12,Yelahanka New Town,61,82,43,32.1,46.5,20.9,60.1,Satisfactory,PM10,DEMO,SIMULATED
2026-07-26,BLR_ST13,Electronic City Phase 1,82,111,57,42.8,62.1,27.8,81.2,Satisfactory,PM10,DEMO,SIMULATED
2026-07-26,BLR_ST14,Mysore Road / Nayandahalli,86,116,60,44.7,64.8,29.1,85.5,Satisfactory,PM10,DEMO,SIMULATED
2026-07-27,BLR_ST01,Silk Board Junction,97,131,68,53.8,78.0,35.0,97.3,Satisfactory,PM10,DEMO,SIMULATED
2026-07-27,BLR_ST02,BTM Layout CAAQMS,72,97,50,37.9,55.0,24.6,71.7,Satisfactory,PM10,DEMO,SIMULATED
2026-07-27,BLR_ST03,Peenya Industrial Area,112,151,78,61.2,88.7,39.8,117.2,Moderate,PM10,DEMO,SIMULATED
2026-07-27,BLR_ST04,Hebbal CAAQMS,91,123,64,46.9,68.0,30.5,90.5,Satisfactory,PM10,DEMO,SIMULATED
2026-07-27,BLR_ST05,Whitefield Export Promotion Industrial Park,84,113,59,43.0,62.4,27.9,83.9,Satisfactory,PM10,DEMO,SIMULATED
2026-07-27,BLR_ST06,Indiranagar 100ft Road,61,82,43,32.0,46.4,20.8,60.5,Satisfactory,PM10,DEMO,SIMULATED
2026-07-27,BLR_ST07,Jayanagar 4th Block,54,73,38,28.2,40.9,18.3,53.4,Satisfactory,PM10,DEMO,SIMULATED
2026-07-27,BLR_ST08,City Railway Station / Majestic,89,120,62,47.5,68.9,30.9,88.8,Satisfactory,PM10,DEMO,SIMULATED
2026-07-27,BLR_ST09,Saneguruvanahalli (Basaveshwaranagar),55,74,38,28.7,41.6,18.7,54.3,Satisfactory,PM10,DEMO,SIMULATED
2026-07-27,BLR_ST10,BWSSB Kadabeesanahalli (Outer Ring Road),89,120,62,46.9,68.0,30.5,88.5,Satisfactory,PM10,DEMO,SIMULATED
2026-07-27,BLR_ST11,Hombegowda Nagar (Lalbagh Vicinity),48,65,34,25.9,37.6,16.8,48.2,Good,PM10,DEMO,SIMULATED
2026-07-27,BLR_ST12,Yelahanka New Town,58,78,41,30.2,43.8,19.6,56.7,Satisfactory,PM10,DEMO,SIMULATED
2026-07-27,BLR_ST13,Electronic City Phase 1,71,96,50,37.3,54.1,24.2,70.7,Satisfactory,PM10,DEMO,SIMULATED
2026-07-27,BLR_ST14,Mysore Road / Nayandahalli,103,139,72,53.7,77.9,34.9,102.7,Moderate,PM10,DEMO,SIMULATED
2026-07-28,BLR_ST01,Silk Board Junction,98,132,69,54.1,78.4,35.2,97.8,Satisfactory,PM10,DEMO,SIMULATED
2026-07-28,BLR_ST02,BTM Layout CAAQMS,67,90,47,35.0,50.8,22.8,66.2,Satisfactory,PM10,DEMO,SIMULATED
2026-07-28,BLR_ST03,Peenya Industrial Area,124,167,87,66.9,97.0,43.5,128.1,Moderate,PM2.5,DEMO,SIMULATED
2026-07-28,BLR_ST04,Hebbal CAAQMS,102,138,71,52.5,76.1,34.1,101.2,Moderate,PM10,DEMO,SIMULATED
2026-07-28,BLR_ST05,Whitefield Export Promotion Industrial Park,94,127,66,48.1,69.7,31.3,94.0,Satisfactory,PM10,DEMO,SIMULATED
2026-07-28,BLR_ST06,Indiranagar 100ft Road,54,73,38,28.3,41.0,18.4,53.4,Satisfactory,PM10,DEMO,SIMULATED
2026-07-28,BLR_ST07,Jayanagar 4th Block,56,76,39,29.4,42.6,19.1,55.6,Satisfactory,PM10,DEMO,SIMULATED
2026-07-28,BLR_ST08,City Railway Station / Majestic,95,128,66,50.6,73.4,32.9,94.5,Satisfactory,PM10,DEMO,SIMULATED
2026-07-28,BLR_ST09,Saneguruvanahalli (Basaveshwaranagar),55,74,38,28.6,41.5,18.6,54.1,Satisfactory,PM10,DEMO,SIMULATED
2026-07-28,BLR_ST10,BWSSB Kadabeesanahalli (Outer Ring Road),96,130,67,50.9,73.8,33.1,96.0,Satisfactory,PM10,DEMO,SIMULATED
2026-07-28,BLR_ST11,Hombegowda Nagar (Lalbagh Vicinity),49,66,34,26.3,38.1,17.1,48.9,Good,PM10,DEMO,SIMULATED
2026-07-28,BLR_ST12,Yelahanka New Town,49,66,34,25.9,37.6,16.8,48.6,Good,PM10,DEMO,SIMULATED
2026-07-28,BLR_ST13,Electronic City Phase 1,86,116,60,45.3,65.7,29.4,86.0,Satisfactory,PM10,DEMO,SIMULATED
2026-07-28,BLR_ST14,Mysore Road / Nayandahalli,85,115,59,44.5,64.5,28.9,85.1,Satisfactory,PM10,DEMO,SIMULATED
2026-07-29,BLR_ST01,Silk Board Junction,109,147,76,62.4,90.5,40.6,112.8,Moderate,PM2.5,DEMO,SIMULATED
2026-07-29,BLR_ST02,BTM Layout CAAQMS,70,94,49,36.6,53.1,23.8,69.2,Satisfactory,PM10,DEMO,SIMULATED
2026-07-29,BLR_ST03,Peenya Industrial Area,126,170,88,67.7,98.2,44.0,129.6,Moderate,PM2.5,DEMO,SIMULATED
2026-07-29,BLR_ST04,Hebbal CAAQMS,86,116,60,44.7,64.8,29.1,86.2,Satisfactory,PM10,DEMO,SIMULATED
2026-07-29,BLR_ST05,Whitefield Export Promotion Industrial Park,84,113,59,42.8,62.1,27.8,83.5,Satisfactory,PM10,DEMO,SIMULATED
2026-07-29,BLR_ST06,Indiranagar 100ft Road,63,85,44,32.8,47.6,21.3,62.0,Satisfactory,PM10,DEMO,SIMULATED
2026-07-29,BLR_ST07,Jayanagar 4th Block,48,65,34,25.1,36.4,16.3,47.5,Good,PM10,DEMO,SIMULATED
2026-07-29,BLR_ST08,City Railway Station / Majestic,92,124,64,49.1,71.2,31.9,91.7,Satisfactory,PM10,DEMO,SIMULATED
2026-07-29,BLR_ST09,Saneguruvanahalli (Basaveshwaranagar),62,84,43,32.3,46.8,21.0,61.1,Satisfactory,PM10,DEMO,SIMULATED
2026-07-29,BLR_ST10,BWSSB Kadabeesanahalli (Outer Ring Road),102,138,71,53.6,77.7,34.8,101.1,Moderate,PM10,DEMO,SIMULATED
2026-07-29,BLR_ST11,Hombegowda Nagar (Lalbagh Vicinity),49,66,34,26.5,38.4,17.2,49.2,Good,PM10,DEMO,SIMULATED
2026-07-29,BLR_ST12,Yelahanka New Town,59,80,41,31.0,44.9,20.2,58.2,Satisfactory,PM10,DEMO,SIMULATED
2026-07-29,BLR_ST13,Electronic City Phase 1,85,115,59,44.6,64.7,29.0,84.5,Satisfactory,PM10,DEMO,SIMULATED
2026-07-29,BLR_ST14,Mysore Road / Nayandahalli,93,126,65,48.7,70.6,31.7,93.1,Satisfactory,PM10,DEMO,SIMULATED
2026-07-30,BLR_ST01,Silk Board Junction,93,126,65,51.1,74.1,33.2,92.4,Satisfactory,PM10,DEMO,SIMULATED
2026-07-30,BLR_ST02,BTM Layout CAAQMS,67,90,47,35.2,51.0,22.9,66.6,Satisfactory,PM10,DEMO,SIMULATED
2026-07-30,BLR_ST03,Peenya Industrial Area,114,154,80,62.5,90.6,40.6,119.6,Moderate,PM10,DEMO,SIMULATED
2026-07-30,BLR_ST04,Hebbal CAAQMS,83,112,58,42.9,62.2,27.9,82.8,Satisfactory,PM10,DEMO,SIMULATED
2026-07-30,BLR_ST05,Whitefield Export Promotion Industrial Park,92,124,64,47.0,68.1,30.6,91.8,Satisfactory,PM10,DEMO,SIMULATED
2026-07-30,BLR_ST06,Indiranagar 100ft Road,66,89,46,34.4,49.9,22.4,64.9,Satisfactory,PM10,DEMO,SIMULATED
2026-07-30,BLR_ST07,Jayanagar 4th Block,45,61,31,23.9,34.7,15.5,45.3,Good,PM10,DEMO,SIMULATED
2026-07-30,BLR_ST08,City Railway Station / Majestic,91,123,64,48.6,70.5,31.6,90.7,Satisfactory,PM10,DEMO,SIMULATED
2026-07-30,BLR_ST09,Saneguruvanahalli (Basaveshwaranagar),62,84,43,32.1,46.5,20.9,60.8,Satisfactory,PM10,DEMO,SIMULATED
2026-07-30,BLR_ST10,BWSSB Kadabeesanahalli (Outer Ring Road),103,139,72,54.4,78.9,35.4,102.6,Moderate,PM10,DEMO,SIMULATED
2026-07-30,BLR_ST11,Hombegowda Nagar (Lalbagh Vicinity),45,61,31,23.3,33.8,15.1,43.3,Good,O3,DEMO,SIMULATED
2026-07-30,BLR_ST12,Yelahanka New Town,54,73,38,28.0,40.6,18.2,52.6,Satisfactory,PM10,DEMO,SIMULATED
2026-07-30,BLR_ST13,Electronic City Phase 1,86,116,60,45.2,65.5,29.4,85.8,Satisfactory,PM10,DEMO,SIMULATED
2026-07-30,BLR_ST14,Mysore Road / Nayandahalli,97,131,68,50.6,73.4,32.9,96.6,Satisfactory,PM10,DEMO,SIMULATED
2026-07-31,BLR_ST01,Silk Board Junction,95,128,66,52.3,75.8,34.0,94.6,Satisfactory,PM10,DEMO,SIMULATED
2026-07-31,BLR_ST02,BTM Layout CAAQMS,75,101,52,39.5,57.3,25.7,74.7,Satisfactory,PM10,DEMO,SIMULATED
2026-07-31,BLR_ST03,Peenya Industrial Area,113,153,79,62.0,89.9,40.3,118.8,Moderate,PM10,DEMO,SIMULATED
2026-07-31,BLR_ST04,Hebbal CAAQMS,93,126,65,48.3,70.0,31.4,93.1,Satisfactory,PM10,DEMO,SIMULATED
2026-07-31,BLR_ST05,Whitefield Export Promotion Industrial Park,77,104,54,39.2,56.8,25.5,76.5,Satisfactory,PM10,DEMO,SIMULATED
2026-07-31,BLR_ST06,Indiranagar 100ft Road,53,72,37,27.8,40.3,18.1,52.5,Satisfactory,PM10,DEMO,SIMULATED
2026-07-31,BLR_ST07,Jayanagar 4th Block,49,66,34,25.9,37.6,16.8,49.1,Good,PM10,DEMO,SIMULATED
2026-07-31,BLR_ST08,City Railway Station / Majestic,100,135,70,53.3,77.3,34.6,99.5,Satisfactory,PM10,DEMO,SIMULATED
2026-07-31,BLR_ST09,Saneguruvanahalli (Basaveshwaranagar),53,72,37,27.3,39.6,17.7,51.6,Satisfactory,PM10,DEMO,SIMULATED
2026-07-31,BLR_ST10,BWSSB Kadabeesanahalli (Outer Ring Road),103,139,72,54.4,78.9,35.4,102.7,Moderate,PM10,DEMO,SIMULATED
2026-07-31,BLR_ST11,Hombegowda Nagar (Lalbagh Vicinity),47,63,33,25.2,36.5,16.4,46.7,Good,PM10,DEMO,SIMULATED
2026-07-31,BLR_ST12,Yelahanka New Town,52,70,36,27.1,39.3,17.6,50.9,Satisfactory,PM10,DEMO,SIMULATED
2026-07-31,BLR_ST13,Electronic City Phase 1,72,97,50,37.5,54.4,24.4,71.2,Satisfactory,PM10,DEMO,SIMULATED
2026-07-31,BLR_ST14,Mysore Road / Nayandahalli,101,136,71,52.4,76.0,34.1,100.2,Moderate,PM10,DEMO,SIMULATED
2026-08-01,BLR_ST01,Silk Board Junction,104,140,73,58.2,84.4,37.8,105.3,Moderate,PM10,DEMO,SIMULATED
2026-08-01,BLR_ST02,BTM Layout CAAQMS,73,99,51,38.0,55.1,24.7,72.0,Satisfactory,PM10,DEMO,SIMULATED
2026-08-01,BLR_ST03,Peenya Industrial Area,109,147,76,58.4,84.7,38.0,111.8,Moderate,PM10,DEMO,SIMULATED
2026-08-01,BLR_ST04,Hebbal CAAQMS,87,117,61,45.2,65.5,29.4,87.1,Satisfactory,PM10,DEMO,SIMULATED
2026-08-01,BLR_ST05,Whitefield Export Promotion Industrial Park,77,104,54,39.4,57.1,25.6,76.8,Satisfactory,PM10,DEMO,SIMULATED
2026-08-01,BLR_ST06,Indiranagar 100ft Road,61,82,43,31.7,46.0,20.6,59.8,Satisfactory,PM10,DEMO,SIMULATED
2026-08-01,BLR_ST07,Jayanagar 4th Block,57,77,40,29.6,42.9,19.2,56.0,Satisfactory,PM10,DEMO,SIMULATED
2026-08-01,BLR_ST08,City Railway Station / Majestic,104,140,73,56.2,81.5,36.5,105.0,Moderate,PM10,DEMO,SIMULATED
2026-08-01,BLR_ST09,Saneguruvanahalli (Basaveshwaranagar),58,78,41,30.4,44.1,19.8,57.6,Satisfactory,PM10,DEMO,SIMULATED
2026-08-01,BLR_ST10,BWSSB Kadabeesanahalli (Outer Ring Road),98,132,69,51.8,75.1,33.7,97.7,Satisfactory,PM10,DEMO,SIMULATED
2026-08-01,BLR_ST11,Hombegowda Nagar (Lalbagh Vicinity),45,61,31,23.1,33.5,15.0,43.0,Good,O3,DEMO,SIMULATED
2026-08-01,BLR_ST12,Yelahanka New Town,52,70,36,27.4,39.7,17.8,51.3,Satisfactory,PM10,DEMO,SIMULATED
2026-08-01,BLR_ST13,Electronic City Phase 1,69,93,48,35.9,52.1,23.3,68.1,Satisfactory,PM10,DEMO,SIMULATED
2026-08-01,BLR_ST14,Mysore Road / Nayandahalli,97,131,68,50.8,73.7,33.0,97.1,Satisfactory,PM10,DEMO,SIMULATED
2026-08-02,BLR_ST01,Silk Board Junction,104,140,73,58.1,84.2,37.8,105.1,Moderate,PM10,DEMO,SIMULATED
2026-08-02,BLR_ST02,BTM Layout CAAQMS,61,82,43,31.9,46.3,20.7,60.3,Satisfactory,PM10,DEMO,SIMULATED
2026-08-02,BLR_ST03,Peenya Industrial Area,125,169,88,67.2,97.4,43.7,128.7,Moderate,PM2.5,DEMO,SIMULATED
2026-08-02,BLR_ST04,Hebbal CAAQMS,92,124,64,47.8,69.3,31.1,92.1,Satisfactory,PM10,DEMO,SIMULATED
2026-08-02,BLR_ST05,Whitefield Export Promotion Industrial Park,85,115,59,43.6,63.2,28.3,85.1,Satisfactory,PM10,DEMO,SIMULATED
2026-08-02,BLR_ST06,Indiranagar 100ft Road,52,70,36,27.3,39.6,17.7,51.5,Satisfactory,PM10,DEMO,SIMULATED
2026-08-02,BLR_ST07,Jayanagar 4th Block,47,63,33,24.8,36.0,16.1,47.1,Good,PM10,DEMO,SIMULATED
2026-08-02,BLR_ST08,City Railway Station / Majestic,103,139,72,55.2,80.0,35.9,103.1,Moderate,PM10,DEMO,SIMULATED
2026-08-02,BLR_ST09,Saneguruvanahalli (Basaveshwaranagar),54,73,38,27.8,40.3,18.1,52.7,Satisfactory,PM10,DEMO,SIMULATED
2026-08-02,BLR_ST10,BWSSB Kadabeesanahalli (Outer Ring Road),103,139,72,54.9,79.6,35.7,103.6,Moderate,PM10,DEMO,SIMULATED
2026-08-02,BLR_ST11,Hombegowda Nagar (Lalbagh Vicinity),47,63,33,25.2,36.5,16.4,46.7,Good,PM10,DEMO,SIMULATED
2026-08-02,BLR_ST12,Yelahanka New Town,52,70,36,27.3,39.6,17.7,51.2,Satisfactory,PM10,DEMO,SIMULATED
2026-08-02,BLR_ST13,Electronic City Phase 1,75,101,52,39.1,56.7,25.4,74.2,Satisfactory,PM10,DEMO,SIMULATED
2026-08-02,BLR_ST14,Mysore Road / Nayandahalli,87,117,61,45.6,66.1,29.6,87.1,Satisfactory,PM10,DEMO,SIMULATED
2026-08-03,BLR_ST01,Silk Board Junction,92,124,64,51.0,74.0,33.1,92.3,Satisfactory,PM10,DEMO,SIMULATED
2026-08-03,BLR_ST02,BTM Layout CAAQMS,68,92,48,35.6,51.6,23.1,67.4,Satisfactory,PM10,DEMO,SIMULATED
2026-08-03,BLR_ST03,Peenya Industrial Area,115,155,80,63.4,91.9,41.2,121.3,Moderate,PM10,DEMO,SIMULATED
2026-08-03,BLR_ST04,Hebbal CAAQMS,95,128,66,49.4,71.6,32.1,95.3,Satisfactory,PM10,DEMO,SIMULATED
2026-08-03,BLR_ST05,Whitefield Export Promotion Industrial Park,81,109,57,41.2,59.7,26.8,80.5,Satisfactory,PM10,DEMO,SIMULATED
2026-08-03,BLR_ST06,Indiranagar 100ft Road,53,72,37,27.8,40.3,18.1,52.5,Satisfactory,PM10,DEMO,SIMULATED
2026-08-03,BLR_ST07,Jayanagar 4th Block,50,68,35,26.3,38.1,17.1,49.9,Good,PM10,DEMO,SIMULATED
2026-08-03,BLR_ST08,City Railway Station / Majestic,99,134,69,53.1,77.0,34.5,99.2,Satisfactory,PM10,DEMO,SIMULATED
2026-08-03,BLR_ST09,Saneguruvanahalli (Basaveshwaranagar),60,81,42,31.4,45.5,20.4,59.4,Satisfactory,PM10,DEMO,SIMULATED
2026-08-03,BLR_ST10,BWSSB Kadabeesanahalli (Outer Ring Road),90,122,63,47.6,69.0,30.9,89.8,Satisfactory,PM10,DEMO,SIMULATED
2026-08-03,BLR_ST11,Hombegowda Nagar (Lalbagh Vicinity),46,62,32,25.0,36.2,16.2,46.5,Good,PM10,DEMO,SIMULATED
2026-08-03,BLR_ST12,Yelahanka New Town,54,73,38,28.4,41.2,18.5,53.2,Satisfactory,PM10,DEMO,SIMULATED
2026-08-03,BLR_ST13,Electronic City Phase 1,73,99,51,38.1,55.2,24.8,72.3,Satisfactory,PM10,DEMO,SIMULATED
2026-08-03,BLR_ST14,Mysore Road / Nayandahalli,82,111,57,42.6,61.8,27.7,81.4,Satisfactory,PM10,DEMO,SIMULATED
2026-08-04,BLR_ST01,Silk Board Junction,88,119,62,48.2,69.9,31.3,87.3,Satisfactory,PM10,DEMO,SIMULATED
2026-08-04,BLR_ST02,BTM Layout CAAQMS,76,103,53,39.9,57.9,25.9,75.5,Satisfactory,PM10,DEMO,SIMULATED
2026-08-04,BLR_ST03,Peenya Industrial Area,114,154,80,62.4,90.5,40.6,119.6,Moderate,PM10,DEMO,SIMULATED
2026-08-04,BLR_ST04,Hebbal CAAQMS,96,130,67,49.5,71.8,32.2,95.5,Satisfactory,PM10,DEMO,SIMULATED
2026-08-04,BLR_ST05,Whitefield Export Promotion Industrial Park,78,105,55,39.6,57.4,25.7,77.3,Satisfactory,PM10,DEMO,SIMULATED
2026-08-04,BLR_ST06,Indiranagar 100ft Road,61,82,43,32.1,46.5,20.9,60.6,Satisfactory,PM10,DEMO,SIMULATED
2026-08-04,BLR_ST07,Jayanagar 4th Block,55,74,38,28.5,41.3,18.5,54.1,Satisfactory,PM10,DEMO,SIMULATED
2026-08-04,BLR_ST08,City Railway Station / Majestic,90,122,63,48.3,70.0,31.4,90.3,Satisfactory,PM10,DEMO,SIMULATED
2026-08-04,BLR_ST09,Saneguruvanahalli (Basaveshwaranagar),50,68,35,26.4,38.3,17.2,50.0,Good,PM10,DEMO,SIMULATED
2026-08-04,BLR_ST10,BWSSB Kadabeesanahalli (Outer Ring Road),98,132,69,51.8,75.1,33.7,97.8,Satisfactory,PM10,DEMO,SIMULATED
2026-08-04,BLR_ST11,Hombegowda Nagar (Lalbagh Vicinity),49,66,34,26.3,38.1,17.1,48.9,Good,PM10,DEMO,SIMULATED
2026-08-04,BLR_ST12,Yelahanka New Town,56,76,39,29.5,42.8,19.2,55.3,Satisfactory,PM10,DEMO,SIMULATED
2026-08-04,BLR_ST13,Electronic City Phase 1,81,109,57,42.7,61.9,27.8,81.0,Satisfactory,PM10,DEMO,SIMULATED
2026-08-04,BLR_ST14,Mysore Road / Nayandahalli,92,124,64,47.8,69.3,31.1,91.4,Satisfactory,PM10,DEMO,SIMULATED
2026-08-05,BLR_ST01,Silk Board Junction,101,136,71,55.6,80.6,36.1,100.6,Moderate,PM10,DEMO,SIMULATED
2026-08-05,BLR_ST02,BTM Layout CAAQMS,71,96,50,37.0,53.6,24.1,70.0,Satisfactory,PM10,DEMO,SIMULATED
2026-08-05,BLR_ST03,Peenya Industrial Area,115,155,80,63.2,91.6,41.1,121.0,Moderate,PM10,DEMO,SIMULATED
2026-08-05,BLR_ST04,Hebbal CAAQMS,91,123,64,47.0,68.1,30.6,90.6,Satisfactory,PM10,DEMO,SIMULATED
2026-08-05,BLR_ST05,Whitefield Export Promotion Industrial Park,91,123,64,46.7,67.7,30.4,91.2,Satisfactory,PM10,DEMO,SIMULATED
2026-08-05,BLR_ST06,Indiranagar 100ft Road,55,74,38,28.6,41.5,18.6,54.0,Satisfactory,PM10,DEMO,SIMULATED
2026-08-05,BLR_ST07,Jayanagar 4th Block,48,65,34,25.4,36.8,16.5,48.2,Good,PM10,DEMO,SIMULATED
2026-08-05,BLR_ST08,City Railway Station / Majestic,92,124,64,49.1,71.2,31.9,91.7,Satisfactory,PM10,DEMO,SIMULATED
2026-08-05,BLR_ST09,Saneguruvanahalli (Basaveshwaranagar),48,65,34,25.5,37.0,16.6,48.2,Good,PM10,DEMO,SIMULATED
2026-08-05,BLR_ST10,BWSSB Kadabeesanahalli (Outer Ring Road),96,130,67,50.8,73.7,33.0,96.0,Satisfactory,PM10,DEMO,SIMULATED
2026-08-05,BLR_ST11,Hombegowda Nagar (Lalbagh Vicinity),45,61,31,24.3,35.2,15.8,45.1,Good,PM10,DEMO,SIMULATED
2026-08-05,BLR_ST12,Yelahanka New Town,47,63,33,25.3,36.7,16.4,47.4,Good,PM10,DEMO,SIMULATED
2026-08-05,BLR_ST13,Electronic City Phase 1,80,108,56,41.7,60.5,27.1,79.1,Satisfactory,PM10,DEMO,SIMULATED
2026-08-05,BLR_ST14,Mysore Road / Nayandahalli,83,112,58,43.3,62.8,28.1,82.8,Satisfactory,PM10,DEMO,SIMULATED
2026-08-06,BLR_ST01,Silk Board Junction,97,131,68,53.7,77.9,34.9,97.1,Satisfactory,PM10,DEMO,SIMULATED
2026-08-06,BLR_ST02,BTM Layout CAAQMS,72,97,50,37.7,54.7,24.5,71.3,Satisfactory,PM10,DEMO,SIMULATED
2026-08-06,BLR_ST03,Peenya Industrial Area,119,161,83,65.5,95.0,42.6,125.4,Moderate,PM2.5,DEMO,SIMULATED
2026-08-06,BLR_ST04,Hebbal CAAQMS,90,122,63,46.9,68.0,30.5,90.3,Satisfactory,PM10,DEMO,SIMULATED
2026-08-06,BLR_ST05,Whitefield Export Promotion Industrial Park,81,109,57,41.6,60.3,27.0,81.1,Satisfactory,PM10,DEMO,SIMULATED
2026-08-06,BLR_ST06,Indiranagar 100ft Road,62,84,43,32.7,47.4,21.3,61.7,Satisfactory,PM10,DEMO,SIMULATED
2026-08-06,BLR_ST07,Jayanagar 4th Block,54,73,38,27.9,40.5,18.1,52.8,Satisfactory,PM10,DEMO,SIMULATED
2026-08-06,BLR_ST08,City Railway Station / Majestic,102,138,71,54.7,79.3,35.6,102.1,Moderate,PM10,DEMO,SIMULATED
2026-08-06,BLR_ST09,Saneguruvanahalli (Basaveshwaranagar),50,68,35,26.3,38.1,17.1,49.8,Good,PM10,DEMO,SIMULATED
2026-08-06,BLR_ST10,BWSSB Kadabeesanahalli (Outer Ring Road),82,111,57,43.5,63.1,28.3,82.1,Satisfactory,PM10,DEMO,SIMULATED
2026-08-06,BLR_ST11,Hombegowda Nagar (Lalbagh Vicinity),45,61,31,21.6,31.3,14.0,40.1,Good,O3,DEMO,SIMULATED
2026-08-06,BLR_ST12,Yelahanka New Town,48,65,34,25.5,37.0,16.6,47.9,Good,PM10,DEMO,SIMULATED
2026-08-06,BLR_ST13,Electronic City Phase 1,80,108,56,42.2,61.2,27.4,80.1,Satisfactory,PM10,DEMO,SIMULATED
2026-08-06,BLR_ST14,Mysore Road / Nayandahalli,94,127,66,49.0,71.0,31.9,93.7,Satisfactory,PM10,DEMO,SIMULATED
2026-08-07,BLR_ST01,Silk Board Junction,89,120,62,48.9,70.9,31.8,88.4,Satisfactory,PM10,DEMO,SIMULATED
2026-08-07,BLR_ST02,BTM Layout CAAQMS,70,94,49,36.5,52.9,23.7,69.1,Satisfactory,PM10,DEMO,SIMULATED
2026-08-07,BLR_ST03,Peenya Industrial Area,107,144,75,56.9,82.5,37.0,109.0,Moderate,PM10,DEMO,SIMULATED
2026-08-07,BLR_ST04,Hebbal CAAQMS,78,105,55,40.3,58.4,26.2,77.7,Satisfactory,PM10,DEMO,SIMULATED
2026-08-07,BLR_ST05,Whitefield Export Promotion Industrial Park,78,105,55,39.8,57.7,25.9,77.7,Satisfactory,PM10,DEMO,SIMULATED
2026-08-07,BLR_ST06,Indiranagar 100ft Road,61,82,43,31.7,46.0,20.6,59.9,Satisfactory,PM10,DEMO,SIMULATED
2026-08-07,BLR_ST07,Jayanagar 4th Block,46,62,32,24.4,35.4,15.9,46.3,Good,PM10,DEMO,SIMULATED
2026-08-07,BLR_ST08,City Railway Station / Majestic,100,135,70,53.3,77.3,34.6,99.5,Satisfactory,PM10,DEMO,SIMULATED
2026-08-07,BLR_ST09,Saneguruvanahalli (Basaveshwaranagar),52,70,36,27.1,39.3,17.6,51.4,Satisfactory,PM10,DEMO,SIMULATED
2026-08-07,BLR_ST10,BWSSB Kadabeesanahalli (Outer Ring Road),85,115,59,45.1,65.4,29.3,85.1,Satisfactory,PM10,DEMO,SIMULATED
2026-08-07,BLR_ST11,Hombegowda Nagar (Lalbagh Vicinity),45,61,31,22.4,32.5,14.6,41.6,Good,O3,DEMO,SIMULATED
2026-08-07,BLR_ST12,Yelahanka New Town,56,76,39,29.2,42.3,19.0,54.8,Satisfactory,PM10,DEMO,SIMULATED
2026-08-07,BLR_ST13,Electronic City Phase 1,74,100,52,38.8,56.3,25.2,73.6,Satisfactory,PM10,DEMO,SIMULATED
2026-08-07,BLR_ST14,Mysore Road / Nayandahalli,95,128,66,49.8,72.2,32.4,95.3,Satisfactory,PM10,DEMO,SIMULATED
2026-08-08,BLR_ST01,Silk Board Junction,97,131,68,53.6,77.7,34.8,97.0,Satisfactory,PM10,DEMO,SIMULATED
2026-08-08,BLR_ST02,BTM Layout CAAQMS,73,99,51,38.5,55.8,25.0,72.9,Satisfactory,PM10,DEMO,SIMULATED
2026-08-08,BLR_ST03,Peenya Industrial Area,102,138,71,52.9,76.7,34.4,101.2,Moderate,PM10,DEMO,SIMULATED
2026-08-08,BLR_ST04,Hebbal CAAQMS,94,127,66,48.6,70.5,31.6,93.7,Satisfactory,PM10,DEMO,SIMULATED
2026-08-08,BLR_ST05,Whitefield Export Promotion Industrial Park,80,108,56,41.0,59.4,26.7,80.0,Satisfactory,PM10,DEMO,SIMULATED
2026-08-08,BLR_ST06,Indiranagar 100ft Road,62,84,43,32.4,47.0,21.1,61.2,Satisfactory,PM10,DEMO,SIMULATED
2026-08-08,BLR_ST07,Jayanagar 4th Block,47,63,33,24.7,35.8,16.1,46.8,Good,PM10,DEMO,SIMULATED
2026-08-08,BLR_ST08,City Railway Station / Majestic,88,119,62,47.1,68.3,30.6,88.0,Satisfactory,PM10,DEMO,SIMULATED
2026-08-08,BLR_ST09,Saneguruvanahalli (Basaveshwaranagar),48,65,34,25.1,36.4,16.3,47.5,Good,PM10,DEMO,SIMULATED
2026-08-08,BLR_ST10,BWSSB Kadabeesanahalli (Outer Ring Road),97,131,68,51.6,74.8,33.5,97.3,Satisfactory,PM10,DEMO,SIMULATED
2026-08-08,BLR_ST11,Hombegowda Nagar (Lalbagh Vicinity),45,61,31,21.4,31.0,13.9,39.7,Good,O3,DEMO,SIMULATED
2026-08-08,BLR_ST12,Yelahanka New Town,47,63,33,24.9,36.1,16.2,46.6,Good,PM10,DEMO,SIMULATED
2026-08-08,BLR_ST13,Electronic City Phase 1,73,99,51,38.0,55.1,24.7,72.0,Satisfactory,PM10,DEMO,SIMULATED
2026-08-08,BLR_ST14,Mysore Road / Nayandahalli,89,120,62,46.3,67.1,30.1,88.5,Satisfactory,PM10,DEMO,SIMULATED
2026-08-09,BLR_ST01,Silk Board Junction,103,139,72,57.3,83.1,37.2,103.7,Moderate,PM10,DEMO,SIMULATED
2026-08-09,BLR_ST02,BTM Layout CAAQMS,66,89,46,34.2,49.6,22.2,64.8,Satisfactory,PM10,DEMO,SIMULATED
2026-08-09,BLR_ST03,Peenya Industrial Area,106,143,74,56.0,81.2,36.4,107.2,Moderate,PM10,DEMO,SIMULATED
2026-08-09,BLR_ST04,Hebbal CAAQMS,90,122,63,46.5,67.4,30.2,89.6,Satisfactory,PM10,DEMO,SIMULATED
2026-08-09,BLR_ST05,Whitefield Export Promotion Industrial Park,85,115,59,43.4,62.9,28.2,84.8,Satisfactory,PM10,DEMO,SIMULATED
2026-08-09,BLR_ST06,Indiranagar 100ft Road,57,77,40,29.5,42.8,19.2,55.7,Satisfactory,PM10,DEMO,SIMULATED
2026-08-09,BLR_ST07,Jayanagar 4th Block,49,66,34,26.1,37.8,17.0,49.4,Good,PM10,DEMO,SIMULATED
2026-08-09,BLR_ST08,City Railway Station / Majestic,85,115,59,45.4,65.8,29.5,84.8,Satisfactory,PM10,DEMO,SIMULATED
2026-08-09,BLR_ST09,Saneguruvanahalli (Basaveshwaranagar),56,76,39,28.8,41.8,18.7,54.6,Satisfactory,PM10,DEMO,SIMULATED
2026-08-09,BLR_ST10,BWSSB Kadabeesanahalli (Outer Ring Road),79,107,55,41.6,60.3,27.0,78.6,Satisfactory,PM10,DEMO,SIMULATED
2026-08-09,BLR_ST11,Hombegowda Nagar (Lalbagh Vicinity),45,61,31,22.0,31.9,14.3,40.9,Good,O3,DEMO,SIMULATED
2026-08-09,BLR_ST12,Yelahanka New Town,54,73,38,28.3,41.0,18.4,53.0,Satisfactory,PM10,DEMO,SIMULATED
2026-08-09,BLR_ST13,Electronic City Phase 1,68,92,48,35.5,51.5,23.1,67.4,Satisfactory,PM10,DEMO,SIMULATED
2026-08-09,BLR_ST14,Mysore Road / Nayandahalli,92,124,64,48.1,69.7,31.3,92.0,Satisfactory,PM10,DEMO,SIMULATED
2026-08-10,BLR_ST01,Silk Board Junction,94,127,66,51.8,75.1,33.7,93.7,Satisfactory,PM10,DEMO,SIMULATED
2026-08-10,BLR_ST02,BTM Layout CAAQMS,70,94,49,36.6,53.1,23.8,69.2,Satisfactory,PM10,DEMO,SIMULATED
2026-08-10,BLR_ST03,Peenya Industrial Area,101,136,71,52.4,76.0,34.1,100.4,Moderate,PM10,DEMO,SIMULATED
2026-08-10,BLR_ST04,Hebbal CAAQMS,87,117,61,45.1,65.4,29.3,87.0,Satisfactory,PM10,DEMO,SIMULATED
2026-08-10,BLR_ST05,Whitefield Export Promotion Industrial Park,82,111,57,41.8,60.6,27.2,81.6,Satisfactory,PM10,DEMO,SIMULATED
2026-08-10,BLR_ST06,Indiranagar 100ft Road,55,74,38,28.7,41.6,18.7,54.3,Satisfactory,PM10,DEMO,SIMULATED
2026-08-10,BLR_ST07,Jayanagar 4th Block,54,73,38,27.9,40.5,18.1,52.9,Satisfactory,PM10,DEMO,SIMULATED
2026-08-10,BLR_ST08,City Railway Station / Majestic,89,120,62,47.6,69.0,30.9,88.8,Satisfactory,PM10,DEMO,SIMULATED
2026-08-10,BLR_ST09,Saneguruvanahalli (Basaveshwaranagar),47,63,33,24.7,35.8,16.1,46.7,Good,PM10,DEMO,SIMULATED
2026-08-10,BLR_ST10,BWSSB Kadabeesanahalli (Outer Ring Road),83,112,58,43.6,63.2,28.3,82.2,Satisfactory,PM10,DEMO,SIMULATED
2026-08-10,BLR_ST11,Hombegowda Nagar (Lalbagh Vicinity),45,61,31,22.4,32.5,14.6,41.7,Good,O3,DEMO,SIMULATED
2026-08-10,BLR_ST12,Yelahanka New Town,44,59,31,23.4,33.9,15.2,43.8,Good,PM10,DEMO,SIMULATED
2026-08-10,BLR_ST13,Electronic City Phase 1,70,94,49,36.7,53.2,23.9,69.6,Satisfactory,PM10,DEMO,SIMULATED
2026-08-10,BLR_ST14,Mysore Road / Nayandahalli,93,126,65,48.6,70.5,31.6,92.9,Satisfactory,PM10,DEMO,SIMULATED
2026-08-11,BLR_ST01,Silk Board Junction,87,117,61,47.8,69.3,31.1,86.4,Satisfactory,PM10,DEMO,SIMULATED
2026-08-11,BLR_ST02,BTM Layout CAAQMS,68,92,48,35.6,51.6,23.1,67.4,Satisfactory,PM10,DEMO,SIMULATED
2026-08-11,BLR_ST03,Peenya Industrial Area,110,148,77,59.6,86.4,38.7,114.1,Moderate,PM10,DEMO,SIMULATED
2026-08-11,BLR_ST04,Hebbal CAAQMS,80,108,56,41.0,59.4,26.7,79.1,Satisfactory,PM10,DEMO,SIMULATED
2026-08-11,BLR_ST05,Whitefield Export Promotion Industrial Park,83,112,58,42.1,61.0,27.4,82.2,Satisfactory,PM10,DEMO,SIMULATED
2026-08-11,BLR_ST06,Indiranagar 100ft Road,54,73,38,28.2,40.9,18.3,53.2,Satisfactory,PM10,DEMO,SIMULATED
2026-08-11,BLR_ST07,Jayanagar 4th Block,43,58,30,22.8,33.1,14.8,43.1,Good,PM10,DEMO,SIMULATED
2026-08-11,BLR_ST08,City Railway Station / Majestic,89,120,62,47.3,68.6,30.7,88.3,Satisfactory,PM10,DEMO,SIMULATED
2026-08-11,BLR_ST09,Saneguruvanahalli (Basaveshwaranagar),54,73,38,28.2,40.9,18.3,53.4,Satisfactory,PM10,DEMO,SIMULATED
2026-08-11,BLR_ST10,BWSSB Kadabeesanahalli (Outer Ring Road),81,109,57,42.9,62.2,27.9,81.0,Satisfactory,PM10,DEMO,SIMULATED
2026-08-11,BLR_ST11,Hombegowda Nagar (Lalbagh Vicinity),46,62,32,24.8,36.0,16.1,46.1,Good,PM10,DEMO,SIMULATED
2026-08-11,BLR_ST12,Yelahanka New Town,47,63,33,25.0,36.2,16.2,46.9,Good,PM10,DEMO,SIMULATED
2026-08-11,BLR_ST13,Electronic City Phase 1,69,93,48,36.2,52.5,23.5,68.7,Satisfactory,PM10,DEMO,SIMULATED
2026-08-11,BLR_ST14,Mysore Road / Nayandahalli,90,122,63,47.1,68.3,30.6,90.1,Satisfactory,PM10,DEMO,SIMULATED
2026-08-12,BLR_ST01,Silk Board Junction,95,128,66,52.5,76.1,34.1,94.9,Satisfactory,PM10,DEMO,SIMULATED
2026-08-12,BLR_ST02,BTM Layout CAAQMS,63,85,44,32.7,47.4,21.3,61.8,Satisfactory,PM10,DEMO,SIMULATED
2026-08-12,BLR_ST03,Peenya Industrial Area,114,154,80,62.9,91.2,40.9,120.4,Moderate,PM10,DEMO,SIMULATED
2026-08-12,BLR_ST04,Hebbal CAAQMS,94,127,66,48.5,70.3,31.5,93.6,Satisfactory,PM10,DEMO,SIMULATED
2026-08-12,BLR_ST05,Whitefield Export Promotion Industrial Park,76,103,53,38.5,55.8,25.0,75.1,Satisfactory,PM10,DEMO,SIMULATED
2026-08-12,BLR_ST06,Indiranagar 100ft Road,61,82,43,31.9,46.3,20.7,60.2,Satisfactory,PM10,DEMO,SIMULATED
2026-08-12,BLR_ST07,Jayanagar 4th Block,46,62,32,24.0,34.8,15.6,45.5,Good,PM10,DEMO,SIMULATED
2026-08-12,BLR_ST08,City Railway Station / Majestic,85,115,59,44.7,64.8,29.1,83.6,Satisfactory,CO,DEMO,SIMULATED
2026-08-12,BLR_ST09,Saneguruvanahalli (Basaveshwaranagar),58,78,41,30.4,44.1,19.8,57.5,Satisfactory,PM10,DEMO,SIMULATED
2026-08-12,BLR_ST10,BWSSB Kadabeesanahalli (Outer Ring Road),96,130,67,51.1,74.1,33.2,96.4,Satisfactory,PM10,DEMO,SIMULATED
2026-08-12,BLR_ST11,Hombegowda Nagar (Lalbagh Vicinity),45,61,31,22.3,32.3,14.5,41.5,Good,O3,DEMO,SIMULATED
2026-08-12,BLR_ST12,Yelahanka New Town,46,62,32,24.4,35.4,15.9,45.8,Good,PM10,DEMO,SIMULATED
2026-08-12,BLR_ST13,Electronic City Phase 1,76,103,53,40.0,58.0,26.0,75.8,Satisfactory,PM10,DEMO,SIMULATED
2026-08-12,BLR_ST14,Mysore Road / Nayandahalli,78,105,55,40.5,58.7,26.3,77.4,Satisfactory,PM10,DEMO,SIMULATED
2026-08-13,BLR_ST01,Silk Board Junction,97,131,68,53.9,78.2,35.0,97.4,Satisfactory,PM10,DEMO,SIMULATED
2026-08-13,BLR_ST02,BTM Layout CAAQMS,66,89,46,34.5,50.0,22.4,65.3,Satisfactory,PM10,DEMO,SIMULATED
2026-08-13,BLR_ST03,Peenya Industrial Area,102,138,71,52.6,76.3,34.2,100.8,Moderate,PM10,DEMO,SIMULATED
2026-08-13,BLR_ST04,Hebbal CAAQMS,81,109,57,41.8,60.6,27.2,80.5,Satisfactory,PM10,DEMO,SIMULATED
2026-08-13,BLR_ST05,Whitefield Export Promotion Industrial Park,81,109,57,41.2,59.7,26.8,80.4,Satisfactory,PM10,DEMO,SIMULATED
2026-08-13,BLR_ST06,Indiranagar 100ft Road,48,65,34,25.7,37.3,16.7,48.5,Good,PM10,DEMO,SIMULATED
2026-08-13,BLR_ST07,Jayanagar 4th Block,52,70,36,26.9,39.0,17.5,51.0,Satisfactory,PM10,DEMO,SIMULATED
2026-08-13,BLR_ST08,City Railway Station / Majestic,85,115,59,45.3,65.7,29.4,84.5,Satisfactory,PM10,DEMO,SIMULATED
2026-08-13,BLR_ST09,Saneguruvanahalli (Basaveshwaranagar),53,72,37,27.5,39.9,17.9,52.1,Satisfactory,PM10,DEMO,SIMULATED
2026-08-13,BLR_ST10,BWSSB Kadabeesanahalli (Outer Ring Road),78,105,55,41.1,59.6,26.7,77.6,Satisfactory,PM10,DEMO,SIMULATED
2026-08-13,BLR_ST11,Hombegowda Nagar (Lalbagh Vicinity),47,63,33,25.4,36.8,16.5,47.2,Good,PM10,DEMO,SIMULATED
2026-08-13,BLR_ST12,Yelahanka New Town,52,70,36,27.0,39.1,17.6,50.6,Satisfactory,PM10,DEMO,SIMULATED
2026-08-13,BLR_ST13,Electronic City Phase 1,75,101,52,39.1,56.7,25.4,74.1,Satisfactory,PM10,DEMO,SIMULATED
2026-08-13,BLR_ST14,Mysore Road / Nayandahalli,75,101,52,39.1,56.7,25.4,74.7,Satisfactory,PM10,DEMO,SIMULATED
2026-08-14,BLR_ST01,Silk Board Junction,96,130,67,53.0,76.8,34.5,95.9,Satisfactory,PM10,DEMO,SIMULATED
2026-08-14,BLR_ST02,BTM Layout CAAQMS,63,85,44,32.9,47.7,21.4,62.3,Satisfactory,PM10,DEMO,SIMULATED
2026-08-14,BLR_ST03,Peenya Industrial Area,105,142,74,55.2,80.0,35.9,105.7,Moderate,PM10,DEMO,SIMULATED
2026-08-14,BLR_ST04,Hebbal CAAQMS,84,113,59,43.4,62.9,28.2,83.6,Satisfactory,PM10,DEMO,SIMULATED
2026-08-14,BLR_ST05,Whitefield Export Promotion Industrial Park,77,104,54,39.3,57.0,25.5,76.7,Satisfactory,PM10,DEMO,SIMULATED
2026-08-14,BLR_ST06,Indiranagar 100ft Road,50,68,35,26.3,38.1,17.1,49.7,Good,PM10,DEMO,SIMULATED
2026-08-14,BLR_ST07,Jayanagar 4th Block,49,66,34,25.7,37.3,16.7,48.7,Good,PM10,DEMO,SIMULATED
2026-08-14,BLR_ST08,City Railway Station / Majestic,92,124,64,49.3,71.5,32.0,92.0,Satisfactory,PM10,DEMO,SIMULATED
2026-08-14,BLR_ST09,Saneguruvanahalli (Basaveshwaranagar),49,66,34,25.8,37.4,16.8,48.9,Good,PM10,DEMO,SIMULATED
2026-08-14,BLR_ST10,BWSSB Kadabeesanahalli (Outer Ring Road),90,122,63,47.6,69.0,30.9,89.9,Satisfactory,PM10,DEMO,SIMULATED
2026-08-14,BLR_ST11,Hombegowda Nagar (Lalbagh Vicinity),45,61,31,23.5,34.1,15.3,43.6,Good,O3,DEMO,SIMULATED
2026-08-14,BLR_ST12,Yelahanka New Town,46,62,32,24.4,35.4,15.9,45.8,Good,PM10,DEMO,SIMULATED
2026-08-14,BLR_ST13,Electronic City Phase 1,73,99,51,38.4,55.7,25.0,72.8,Satisfactory,PM10,DEMO,SIMULATED
2026-08-14,BLR_ST14,Mysore Road / Nayandahalli,77,104,54,40.1,58.1,26.1,76.6,Satisfactory,PM10,DEMO,SIMULATED
2026-08-15,BLR_ST01,Silk Board Junction,98,132,69,54.4,78.9,35.4,98.4,Satisfactory,PM10,DEMO,SIMULATED
2026-08-15,BLR_ST02,BTM Layout CAAQMS,58,78,41,30.2,43.8,19.6,57.2,Satisfactory,PM10,DEMO,SIMULATED
2026-08-15,BLR_ST03,Peenya Industrial Area,110,148,77,59.5,86.3,38.7,113.9,Moderate,PM10,DEMO,SIMULATED
2026-08-15,BLR_ST04,Hebbal CAAQMS,75,101,52,38.7,56.1,25.2,74.6,Satisfactory,PM10,DEMO,SIMULATED
2026-08-15,BLR_ST05,Whitefield Export Promotion Industrial Park,70,94,49,35.7,51.8,23.2,69.6,Satisfactory,PM10,DEMO,SIMULATED
2026-08-15,BLR_ST06,Indiranagar 100ft Road,49,66,34,25.9,37.6,16.8,48.8,Good,PM10,DEMO,SIMULATED
2026-08-15,BLR_ST07,Jayanagar 4th Block,43,58,30,22.6,32.8,14.7,42.9,Good,PM10,DEMO,SIMULATED
2026-08-15,BLR_ST08,City Railway Station / Majestic,85,115,59,44.1,63.9,28.7,82.3,Satisfactory,CO,DEMO,SIMULATED
2026-08-15,BLR_ST09,Saneguruvanahalli (Basaveshwaranagar),48,65,34,25.4,36.8,16.5,48.1,Good,PM10,DEMO,SIMULATED
2026-08-15,BLR_ST10,BWSSB Kadabeesanahalli (Outer Ring Road),87,117,61,45.8,66.4,29.8,86.5,Satisfactory,PM10,DEMO,SIMULATED
2026-08-15,BLR_ST11,Hombegowda Nagar (Lalbagh Vicinity),45,61,31,20.9,30.3,13.6,38.7,Good,O3,DEMO,SIMULATED
2026-08-15,BLR_ST12,Yelahanka New Town,51,69,36,26.9,39.0,17.5,50.5,Satisfactory,PM10,DEMO,SIMULATED
2026-08-15,BLR_ST13,Electronic City Phase 1,68,92,48,35.4,51.3,23.0,67.2,Satisfactory,PM10,DEMO,SIMULATED
2026-08-15,BLR_ST14,Mysore Road / Nayandahalli,75,101,52,38.8,56.3,25.2,74.2,Satisfactory,PM10,DEMO,SIMULATED
2026-08-16,BLR_ST01,Silk Board Junction,91,123,64,50.1,72.6,32.6,90.6,Satisfactory,PM10,DEMO,SIMULATED
2026-08-16,BLR_ST02,BTM Layout CAAQMS,59,80,41,30.9,44.8,20.1,58.4,Satisfactory,PM10,DEMO,SIMULATED
2026-08-16,BLR_ST03,Peenya Industrial Area,113,153,79,62.0,89.9,40.3,118.7,Moderate,PM10,DEMO,SIMULATED
2026-08-16,BLR_ST04,Hebbal CAAQMS,79,107,55,40.7,59.0,26.5,78.4,Satisfactory,PM10,DEMO,SIMULATED
2026-08-16,BLR_ST05,Whitefield Export Promotion Industrial Park,68,92,48,34.4,49.9,22.4,67.2,Satisfactory,PM10,DEMO,SIMULATED
2026-08-16,BLR_ST06,Indiranagar 100ft Road,57,77,40,29.6,42.9,19.2,55.8,Satisfactory,PM10,DEMO,SIMULATED
2026-08-16,BLR_ST07,Jayanagar 4th Block,51,69,36,26.6,38.6,17.3,50.4,Satisfactory,PM10,DEMO,SIMULATED
2026-08-16,BLR_ST08,City Railway Station / Majestic,95,128,66,51.0,74.0,33.1,95.3,Satisfactory,PM10,DEMO,SIMULATED
2026-08-16,BLR_ST09,Saneguruvanahalli (Basaveshwaranagar),54,73,38,27.9,40.5,18.1,52.8,Satisfactory,PM10,DEMO,SIMULATED
2026-08-16,BLR_ST10,BWSSB Kadabeesanahalli (Outer Ring Road),79,107,55,41.5,60.2,27.0,78.3,Satisfactory,PM10,DEMO,SIMULATED
2026-08-16,BLR_ST11,Hombegowda Nagar (Lalbagh Vicinity),45,61,31,20.1,29.1,13.1,37.4,Good,O3,DEMO,SIMULATED
2026-08-16,BLR_ST12,Yelahanka New Town,48,65,34,25.6,37.1,16.6,48.0,Good,PM10,DEMO,SIMULATED
2026-08-16,BLR_ST13,Electronic City Phase 1,75,101,52,39.0,56.5,25.4,74.0,Satisfactory,PM10,DEMO,SIMULATED
2026-08-16,BLR_ST14,Mysore Road / Nayandahalli,76,103,53,39.3,57.0,25.5,75.0,Satisfactory,PM10,DEMO,SIMULATED
2026-08-17,BLR_ST01,Silk Board Junction,85,115,59,46.9,68.0,30.5,84.8,Satisfactory,PM10,DEMO,SIMULATED
2026-08-17,BLR_ST02,BTM Layout CAAQMS,59,80,41,30.9,44.8,20.1,58.4,Satisfactory,PM10,DEMO,SIMULATED
2026-08-17,BLR_ST03,Peenya Industrial Area,114,154,80,62.4,90.5,40.6,119.5,Moderate,PM10,DEMO,SIMULATED
2026-08-17,BLR_ST04,Hebbal CAAQMS,78,105,55,40.1,58.1,26.1,77.3,Satisfactory,PM10,DEMO,SIMULATED
2026-08-17,BLR_ST05,Whitefield Export Promotion Industrial Park,76,103,53,38.5,55.8,25.0,75.2,Satisfactory,PM10,DEMO,SIMULATED
2026-08-17,BLR_ST06,Indiranagar 100ft Road,48,65,34,25.5,37.0,16.6,48.2,Good,PM10,DEMO,SIMULATED
2026-08-17,BLR_ST07,Jayanagar 4th Block,42,57,29,22.2,32.2,14.4,42.1,Good,PM10,DEMO,SIMULATED
2026-08-17,BLR_ST08,City Railway Station / Majestic,85,115,59,41.8,60.6,27.2,78.0,Satisfactory,CO,DEMO,SIMULATED
2026-08-17,BLR_ST09,Saneguruvanahalli (Basaveshwaranagar),48,65,34,25.3,36.7,16.4,47.9,Good,PM10,DEMO,SIMULATED
2026-08-17,BLR_ST10,BWSSB Kadabeesanahalli (Outer Ring Road),91,123,64,48.3,70.0,31.4,91.2,Satisfactory,PM10,DEMO,SIMULATED
2026-08-17,BLR_ST11,Hombegowda Nagar (Lalbagh Vicinity),45,61,31,21.2,30.7,13.8,39.4,Good,O3,DEMO,SIMULATED
2026-08-17,BLR_ST12,Yelahanka New Town,51,69,36,26.8,38.9,17.4,50.3,Satisfactory,PM10,DEMO,SIMULATED
2026-08-17,BLR_ST13,Electronic City Phase 1,64,86,45,33.2,48.1,21.6,63.0,Satisfactory,PM10,DEMO,SIMULATED
2026-08-17,BLR_ST14,Mysore Road / Nayandahalli,88,119,62,45.8,66.4,29.8,87.6,Satisfactory,PM10,DEMO,SIMULATED
2026-08-18,BLR_ST01,Silk Board Junction,80,108,56,44.1,63.9,28.7,79.9,Satisfactory,PM10,DEMO,SIMULATED
2026-08-18,BLR_ST02,BTM Layout CAAQMS,68,92,48,35.6,51.6,23.1,67.3,Satisfactory,PM10,DEMO,SIMULATED
2026-08-18,BLR_ST03,Peenya Industrial Area,108,146,76,57.7,83.7,37.5,110.5,Moderate,PM10,DEMO,SIMULATED
2026-08-18,BLR_ST04,Hebbal CAAQMS,75,101,52,38.6,56.0,25.1,74.4,Satisfactory,PM10,DEMO,SIMULATED
2026-08-18,BLR_ST05,Whitefield Export Promotion Industrial Park,73,99,51,37.3,54.1,24.2,72.8,Satisfactory,PM10,DEMO,SIMULATED
2026-08-18,BLR_ST06,Indiranagar 100ft Road,53,72,37,27.7,40.2,18.0,52.2,Satisfactory,PM10,DEMO,SIMULATED
2026-08-18,BLR_ST07,Jayanagar 4th Block,47,63,33,24.7,35.8,16.1,46.8,Good,PM10,DEMO,SIMULATED
2026-08-18,BLR_ST08,City Railway Station / Majestic,95,128,66,50.9,73.8,33.1,95.1,Satisfactory,PM10,DEMO,SIMULATED
2026-08-18,BLR_ST09,Saneguruvanahalli (Basaveshwaranagar),45,61,31,23.9,34.7,15.5,45.3,Good,PM10,DEMO,SIMULATED
2026-08-18,BLR_ST10,BWSSB Kadabeesanahalli (Outer Ring Road),91,123,64,48.2,69.9,31.3,91.0,Satisfactory,PM10,DEMO,SIMULATED
2026-08-18,BLR_ST11,Hombegowda Nagar (Lalbagh Vicinity),45,61,31,20.4,29.6,13.3,37.9,Good,O3,DEMO,SIMULATED
2026-08-18,BLR_ST12,Yelahanka New Town,46,62,32,24.6,35.7,16.0,46.2,Good,PM10,DEMO,SIMULATED
2026-08-18,BLR_ST13,Electronic City Phase 1,78,105,55,40.7,59.0,26.5,77.1,Satisfactory,PM10,DEMO,SIMULATED
2026-08-18,BLR_ST14,Mysore Road / Nayandahalli,78,105,55,40.6,58.9,26.4,77.6,Satisfactory,PM10,DEMO,SIMULATED
2026-08-19,BLR_ST01,Silk Board Junction,87,117,61,47.9,69.5,31.1,86.7,Satisfactory,PM10,DEMO,SIMULATED
2026-08-19,BLR_ST02,BTM Layout CAAQMS,68,92,48,35.4,51.3,23.0,67.0,Satisfactory,PM10,DEMO,SIMULATED
2026-08-19,BLR_ST03,Peenya Industrial Area,110,148,77,59.2,85.8,38.5,113.4,Moderate,PM10,DEMO,SIMULATED
2026-08-19,BLR_ST04,Hebbal CAAQMS,84,113,59,43.2,62.6,28.1,83.2,Satisfactory,PM10,DEMO,SIMULATED
2026-08-19,BLR_ST05,Whitefield Export Promotion Industrial Park,81,109,57,41.1,59.6,26.7,80.3,Satisfactory,PM10,DEMO,SIMULATED
2026-08-19,BLR_ST06,Indiranagar 100ft Road,48,65,34,25.3,36.7,16.4,47.8,Good,PM10,DEMO,SIMULATED
2026-08-19,BLR_ST07,Jayanagar 4th Block,47,63,33,25.0,36.2,16.2,47.3,Good,PM10,DEMO,SIMULATED
2026-08-19,BLR_ST08,City Railway Station / Majestic,85,115,59,41.5,60.2,27.0,77.6,Satisfactory,CO,DEMO,SIMULATED
2026-08-19,BLR_ST09,Saneguruvanahalli (Basaveshwaranagar),56,76,39,29.2,42.3,19.0,55.2,Satisfactory,PM10,DEMO,SIMULATED
2026-08-19,BLR_ST10,BWSSB Kadabeesanahalli (Outer Ring Road),78,105,55,40.9,59.3,26.6,77.2,Satisfactory,PM10,DEMO,SIMULATED
2026-08-19,BLR_ST11,Hombegowda Nagar (Lalbagh Vicinity),45,61,31,21.5,31.2,14.0,40.0,Good,O3,DEMO,SIMULATED
2026-08-19,BLR_ST12,Yelahanka New Town,48,65,34,25.7,37.3,16.7,48.1,Good,PM10,DEMO,SIMULATED
2026-08-19,BLR_ST13,Electronic City Phase 1,75,101,52,39.0,56.5,25.4,74.0,Satisfactory,PM10,DEMO,SIMULATED
2026-08-19,BLR_ST14,Mysore Road / Nayandahalli,85,115,59,44.5,64.5,28.9,85.1,Satisfactory,PM10,DEMO,SIMULATED
2026-08-20,BLR_ST01,Silk Board Junction,82,111,57,45.3,65.7,29.4,81.9,Satisfactory,PM10,DEMO,SIMULATED
2026-08-20,BLR_ST02,BTM Layout CAAQMS,60,81,42,31.5,45.7,20.5,59.6,Satisfactory,PM10,DEMO,SIMULATED
2026-08-20,BLR_ST03,Peenya Industrial Area,102,138,71,53.1,77.0,34.5,101.6,Moderate,PM10,DEMO,SIMULATED
2026-08-20,BLR_ST04,Hebbal CAAQMS,71,96,50,36.8,53.4,23.9,70.9,Satisfactory,PM10,DEMO,SIMULATED
2026-08-20,BLR_ST05,Whitefield Export Promotion Industrial Park,78,105,55,39.9,57.9,25.9,77.9,Satisfactory,PM10,DEMO,SIMULATED
2026-08-20,BLR_ST06,Indiranagar 100ft Road,58,78,41,30.0,43.5,19.5,56.7,Satisfactory,PM10,DEMO,SIMULATED
2026-08-20,BLR_ST07,Jayanagar 4th Block,50,68,35,26.4,38.3,17.2,50.0,Good,PM10,DEMO,SIMULATED
2026-08-20,BLR_ST08,City Railway Station / Majestic,85,115,59,42.1,61.0,27.4,78.6,Satisfactory,CO,DEMO,SIMULATED
2026-08-20,BLR_ST09,Saneguruvanahalli (Basaveshwaranagar),56,76,39,28.9,41.9,18.8,54.6,Satisfactory,PM10,DEMO,SIMULATED
2026-08-20,BLR_ST10,BWSSB Kadabeesanahalli (Outer Ring Road),76,103,53,40.2,58.3,26.1,75.9,Satisfactory,PM10,DEMO,SIMULATED
2026-08-20,BLR_ST11,Hombegowda Nagar (Lalbagh Vicinity),45,61,31,21.4,31.0,13.9,39.7,Good,O3,DEMO,SIMULATED
2026-08-20,BLR_ST12,Yelahanka New Town,42,57,29,22.2,32.2,14.4,41.7,Good,PM10,DEMO,SIMULATED
2026-08-20,BLR_ST13,Electronic City Phase 1,65,88,46,34.1,49.4,22.2,64.7,Satisfactory,PM10,DEMO,SIMULATED
2026-08-20,BLR_ST14,Mysore Road / Nayandahalli,78,105,55,40.6,58.9,26.4,77.5,Satisfactory,PM10,DEMO,SIMULATED
2026-08-21,BLR_ST01,Silk Board Junction,93,126,65,51.1,74.1,33.2,92.5,Satisfactory,PM10,DEMO,SIMULATED
2026-08-21,BLR_ST02,BTM Layout CAAQMS,64,86,45,33.7,48.9,21.9,63.7,Satisfactory,PM10,DEMO,SIMULATED
2026-08-21,BLR_ST03,Peenya Industrial Area,108,146,76,58.1,84.2,37.8,111.3,Moderate,PM10,DEMO,SIMULATED
2026-08-21,BLR_ST04,Hebbal CAAQMS,81,109,57,42.0,60.9,27.3,80.9,Satisfactory,PM10,DEMO,SIMULATED
2026-08-21,BLR_ST05,Whitefield Export Promotion Industrial Park,76,103,53,38.6,56.0,25.1,75.3,Satisfactory,PM10,DEMO,SIMULATED
2026-08-21,BLR_ST06,Indiranagar 100ft Road,59,80,41,30.8,44.7,20.0,58.1,Satisfactory,PM10,DEMO,SIMULATED
2026-08-21,BLR_ST07,Jayanagar 4th Block,46,62,32,24.6,35.7,16.0,46.5,Good,PM10,DEMO,SIMULATED
2026-08-21,BLR_ST08,City Railway Station / Majestic,85,115,59,44.2,64.1,28.7,82.5,Satisfactory,CO,DEMO,SIMULATED
2026-08-21,BLR_ST09,Saneguruvanahalli (Basaveshwaranagar),50,68,35,26.2,38.0,17.0,49.6,Good,PM10,DEMO,SIMULATED
2026-08-21,BLR_ST10,BWSSB Kadabeesanahalli (Outer Ring Road),87,117,61,46.2,67.0,30.0,87.2,Satisfactory,PM10,DEMO,SIMULATED
2026-08-21,BLR_ST11,Hombegowda Nagar (Lalbagh Vicinity),45,61,31,19.6,28.4,12.7,36.4,Good,O3,DEMO,SIMULATED
2026-08-21,BLR_ST12,Yelahanka New Town,48,65,34,25.8,37.4,16.8,48.4,Good,PM10,DEMO,SIMULATED
2026-08-21,BLR_ST13,Electronic City Phase 1,65,88,46,33.8,49.0,22.0,64.2,Satisfactory,PM10,DEMO,SIMULATED
2026-08-21,BLR_ST14,Mysore Road / Nayandahalli,78,105,55,40.7,59.0,26.5,77.7,Satisfactory,PM10,DEMO,SIMULATED
2026-08-22,BLR_ST01,Silk Board Junction,92,124,64,50.5,73.2,32.8,91.4,Satisfactory,PM10,DEMO,SIMULATED
2026-08-22,BLR_ST02,BTM Layout CAAQMS,60,81,42,31.2,45.2,20.3,59.1,Satisfactory,PM10,DEMO,SIMULATED
2026-08-22,BLR_ST03,Peenya Industrial Area,109,147,76,58.8,85.3,38.2,112.5,Moderate,PM10,DEMO,SIMULATED
2026-08-22,BLR_ST04,Hebbal CAAQMS,81,109,57,41.6,60.3,27.0,80.2,Satisfactory,PM10,DEMO,SIMULATED
2026-08-22,BLR_ST05,Whitefield Export Promotion Industrial Park,83,112,58,42.2,61.2,27.4,82.4,Satisfactory,PM10,DEMO,SIMULATED
2026-08-22,BLR_ST06,Indiranagar 100ft Road,46,62,32,24.5,35.5,15.9,46.3,Good,PM10,DEMO,SIMULATED
2026-08-22,BLR_ST07,Jayanagar 4th Block,46,62,32,24.3,35.2,15.8,46.0,Good,PM10,DEMO,SIMULATED
2026-08-22,BLR_ST08,City Railway Station / Majestic,85,115,59,41.9,60.8,27.2,78.3,Satisfactory,CO,DEMO,SIMULATED
2026-08-22,BLR_ST09,Saneguruvanahalli (Basaveshwaranagar),54,73,38,28.1,40.7,18.3,53.2,Satisfactory,PM10,DEMO,SIMULATED
2026-08-22,BLR_ST10,BWSSB Kadabeesanahalli (Outer Ring Road),90,122,63,47.5,68.9,30.9,89.7,Satisfactory,PM10,DEMO,SIMULATED
2026-08-22,BLR_ST11,Hombegowda Nagar (Lalbagh Vicinity),45,61,31,23.5,34.1,15.3,43.7,Good,O3,DEMO,SIMULATED
2026-08-22,BLR_ST12,Yelahanka New Town,42,57,29,22.2,32.2,14.4,41.6,Good,PM10,DEMO,SIMULATED
2026-08-22,BLR_ST13,Electronic City Phase 1,68,92,48,35.7,51.8,23.2,67.8,Satisfactory,PM10,DEMO,SIMULATED
2026-08-22,BLR_ST14,Mysore Road / Nayandahalli,76,103,53,39.4,57.1,25.6,75.3,Satisfactory,PM10,DEMO,SIMULATED
2026-08-23,BLR_ST01,Silk Board Junction,97,131,68,53.7,77.9,34.9,97.1,Satisfactory,PM10,DEMO,SIMULATED
2026-08-23,BLR_ST02,BTM Layout CAAQMS,55,74,38,28.5,41.3,18.5,53.9,Satisfactory,PM10,DEMO,SIMULATED
2026-08-23,BLR_ST03,Peenya Industrial Area,97,131,68,50.5,73.2,32.8,96.6,Satisfactory,PM10,DEMO,SIMULATED
2026-08-23,BLR_ST04,Hebbal CAAQMS,82,111,57,42.2,61.2,27.4,81.3,Satisfactory,PM10,DEMO,SIMULATED
2026-08-23,BLR_ST05,Whitefield Export Promotion Industrial Park,72,97,50,36.7,53.2,23.9,71.7,Satisfactory,PM10,DEMO,SIMULATED
2026-08-23,BLR_ST06,Indiranagar 100ft Road,48,65,34,25.6,37.1,16.6,48.3,Good,PM10,DEMO,SIMULATED
2026-08-23,BLR_ST07,Jayanagar 4th Block,44,59,31,23.1,33.5,15.0,43.8,Good,PM10,DEMO,SIMULATED
2026-08-23,BLR_ST08,City Railway Station / Majestic,91,123,64,48.7,70.6,31.7,91.0,Satisfactory,PM10,DEMO,SIMULATED
2026-08-23,BLR_ST09,Saneguruvanahalli (Basaveshwaranagar),48,65,34,25.5,37.0,16.6,48.2,Good,PM10,DEMO,SIMULATED
2026-08-23,BLR_ST10,BWSSB Kadabeesanahalli (Outer Ring Road),90,122,63,47.3,68.6,30.7,89.4,Satisfactory,PM10,DEMO,SIMULATED
2026-08-23,BLR_ST11,Hombegowda Nagar (Lalbagh Vicinity),45,61,31,21.2,30.7,13.8,39.4,Good,O3,DEMO,SIMULATED
2026-08-23,BLR_ST12,Yelahanka New Town,42,57,29,22.3,32.3,14.5,41.9,Good,PM10,DEMO,SIMULATED
2026-08-23,BLR_ST13,Electronic City Phase 1,68,92,48,35.6,51.6,23.1,67.5,Satisfactory,PM10,DEMO,SIMULATED
2026-08-23,BLR_ST14,Mysore Road / Nayandahalli,83,112,58,43.3,62.8,28.1,82.8,Satisfactory,PM10,DEMO,SIMULATED
2026-08-24,BLR_ST01,Silk Board Junction,80,108,56,43.4,62.9,28.2,78.5,Satisfactory,CO,DEMO,SIMULATED
2026-08-24,BLR_ST02,BTM Layout CAAQMS,60,81,42,31.1,45.1,20.2,58.9,Satisfactory,PM10,DEMO,SIMULATED
2026-08-24,BLR_ST03,Peenya Industrial Area,104,140,73,54.5,79.0,35.4,104.4,Moderate,PM10,DEMO,SIMULATED
2026-08-24,BLR_ST04,Hebbal CAAQMS,71,96,50,35.7,51.8,23.2,68.8,Satisfactory,CO,DEMO,SIMULATED
2026-08-24,BLR_ST05,Whitefield Export Promotion Industrial Park,67,90,47,33.7,48.9,21.9,65.9,Satisfactory,PM10,DEMO,SIMULATED
2026-08-24,BLR_ST06,Indiranagar 100ft Road,54,73,38,27.9,40.5,18.1,52.6,Satisfactory,PM10,DEMO,SIMULATED
2026-08-24,BLR_ST07,Jayanagar 4th Block,45,61,31,23.9,34.7,15.5,45.3,Good,PM10,DEMO,SIMULATED
2026-08-24,BLR_ST08,City Railway Station / Majestic,85,115,59,43.1,62.5,28.0,80.5,Satisfactory,CO,DEMO,SIMULATED
2026-08-24,BLR_ST09,Saneguruvanahalli (Basaveshwaranagar),49,66,34,25.7,37.3,16.7,48.7,Good,PM10,DEMO,SIMULATED
2026-08-24,BLR_ST10,BWSSB Kadabeesanahalli (Outer Ring Road),77,104,54,40.3,58.4,26.2,76.1,Satisfactory,PM10,DEMO,SIMULATED
2026-08-24,BLR_ST11,Hombegowda Nagar (Lalbagh Vicinity),45,61,31,22.3,32.3,14.5,41.4,Good,O3,DEMO,SIMULATED
2026-08-24,BLR_ST12,Yelahanka New Town,52,70,36,27.1,39.3,17.6,50.8,Satisfactory,PM10,DEMO,SIMULATED
2026-08-24,BLR_ST13,Electronic City Phase 1,66,89,46,34.3,49.7,22.3,65.0,Satisfactory,PM10,DEMO,SIMULATED
2026-08-24,BLR_ST14,Mysore Road / Nayandahalli,71,96,50,37.1,53.8,24.1,70.9,Satisfactory,PM10,DEMO,SIMULATED
2026-08-25,BLR_ST01,Silk Board Junction,81,109,57,44.6,64.7,29.0,80.6,Satisfactory,PM10,DEMO,SIMULATED
2026-08-25,BLR_ST02,BTM Layout CAAQMS,60,81,42,31.3,45.4,20.3,59.2,Satisfactory,PM10,DEMO,SIMULATED
2026-08-25,BLR_ST03,Peenya Industrial Area,104,140,73,54.3,78.7,35.3,103.9,Moderate,PM10,DEMO,SIMULATED
2026-08-25,BLR_ST04,Hebbal CAAQMS,80,108,56,41.5,60.2,27.0,80.1,Satisfactory,PM10,DEMO,SIMULATED
2026-08-25,BLR_ST05,Whitefield Export Promotion Industrial Park,73,99,51,37.0,53.6,24.1,72.2,Satisfactory,PM10,DEMO,SIMULATED
2026-08-25,BLR_ST06,Indiranagar 100ft Road,54,73,38,28.1,40.7,18.3,53.0,Satisfactory,PM10,DEMO,SIMULATED
2026-08-25,BLR_ST07,Jayanagar 4th Block,46,62,32,24.3,35.2,15.8,46.0,Good,PM10,DEMO,SIMULATED
2026-08-25,BLR_ST08,City Railway Station / Majestic,85,115,59,40.8,59.2,26.5,76.2,Satisfactory,CO,DEMO,SIMULATED
2026-08-25,BLR_ST09,Saneguruvanahalli (Basaveshwaranagar),52,70,36,27.1,39.3,17.6,51.3,Satisfactory,PM10,DEMO,SIMULATED
2026-08-25,BLR_ST10,BWSSB Kadabeesanahalli (Outer Ring Road),76,103,53,40.3,58.4,26.2,76.0,Satisfactory,PM10,DEMO,SIMULATED
2026-08-25,BLR_ST11,Hombegowda Nagar (Lalbagh Vicinity),45,61,31,20.5,29.7,13.3,38.0,Good,O3,DEMO,SIMULATED
2026-08-25,BLR_ST12,Yelahanka New Town,49,66,34,26.2,38.0,17.0,49.2,Good,PM10,DEMO,SIMULATED
2026-08-25,BLR_ST13,Electronic City Phase 1,75,101,52,39.2,56.8,25.5,74.3,Satisfactory,PM10,DEMO,SIMULATED
2026-08-25,BLR_ST14,Mysore Road / Nayandahalli,76,103,53,39.3,57.0,25.5,75.1,Satisfactory,PM10,DEMO,SIMULATED
2026-08-26,BLR_ST01,Silk Board Junction,87,117,61,47.7,69.2,31.0,86.4,Satisfactory,PM10,DEMO,SIMULATED
2026-08-26,BLR_ST02,BTM Layout CAAQMS,63,85,44,33.0,47.9,21.4,62.4,Satisfactory,PM10,DEMO,SIMULATED
2026-08-26,BLR_ST03,Peenya Industrial Area,95,128,66,47.4,68.7,30.8,90.8,Satisfactory,CO,DEMO,SIMULATED
2026-08-26,BLR_ST04,Hebbal CAAQMS,72,97,50,36.9,53.5,24.0,71.2,Satisfactory,PM10,DEMO,SIMULATED
2026-08-26,BLR_ST05,Whitefield Export Promotion Industrial Park,67,90,47,33.8,49.0,22.0,66.1,Satisfactory,PM10,DEMO,SIMULATED
2026-08-26,BLR_ST06,Indiranagar 100ft Road,54,73,38,28.3,41.0,18.4,53.5,Satisfactory,PM10,DEMO,SIMULATED
2026-08-26,BLR_ST07,Jayanagar 4th Block,46,62,32,24.2,35.1,15.7,45.9,Good,PM10,DEMO,SIMULATED
2026-08-26,BLR_ST08,City Railway Station / Majestic,85,115,59,40.5,58.7,26.3,75.7,Satisfactory,CO,DEMO,SIMULATED
2026-08-26,BLR_ST09,Saneguruvanahalli (Basaveshwaranagar),49,66,34,26.1,37.8,17.0,49.4,Good,PM10,DEMO,SIMULATED
2026-08-26,BLR_ST10,BWSSB Kadabeesanahalli (Outer Ring Road),76,103,53,39.7,57.6,25.8,75.0,Satisfactory,PM10,DEMO,SIMULATED
2026-08-26,BLR_ST11,Hombegowda Nagar (Lalbagh Vicinity),45,61,31,23.4,33.9,15.2,43.4,Good,O3,DEMO,SIMULATED
2026-08-26,BLR_ST12,Yelahanka New Town,44,59,31,23.6,34.2,15.3,44.2,Good,PM10,DEMO,SIMULATED
2026-08-26,BLR_ST13,Electronic City Phase 1,67,90,47,34.7,50.3,22.6,65.9,Satisfactory,PM10,DEMO,SIMULATED
2026-08-26,BLR_ST14,Mysore Road / Nayandahalli,84,113,59,43.9,63.7,28.5,84.0,Satisfactory,PM10,DEMO,SIMULATED
2026-08-27,BLR_ST01,Silk Board Junction,90,122,63,49.7,72.1,32.3,89.9,Satisfactory,PM10,DEMO,SIMULATED
2026-08-27,BLR_ST02,BTM Layout CAAQMS,55,74,38,28.4,41.2,18.5,53.7,Satisfactory,PM10,DEMO,SIMULATED
2026-08-27,BLR_ST03,Peenya Industrial Area,99,134,69,51.9,75.3,33.7,99.4,Satisfactory,PM10,DEMO,SIMULATED
2026-08-27,BLR_ST04,Hebbal CAAQMS,85,115,59,44.1,63.9,28.7,85.0,Satisfactory,PM10,DEMO,SIMULATED
2026-08-27,BLR_ST05,Whitefield Export Promotion Industrial Park,78,105,55,39.8,57.7,25.9,77.8,Satisfactory,PM10,DEMO,SIMULATED
2026-08-27,BLR_ST06,Indiranagar 100ft Road,53,72,37,27.4,39.7,17.8,51.7,Satisfactory,PM10,DEMO,SIMULATED
2026-08-27,BLR_ST07,Jayanagar 4th Block,46,62,32,24.4,35.4,15.9,46.2,Good,PM10,DEMO,SIMULATED
2026-08-27,BLR_ST08,City Railway Station / Majestic,85,115,59,44.0,63.8,28.6,82.2,Satisfactory,CO,DEMO,SIMULATED
2026-08-27,BLR_ST09,Saneguruvanahalli (Basaveshwaranagar),50,68,35,26.2,38.0,17.0,49.7,Good,PM10,DEMO,SIMULATED
2026-08-27,BLR_ST10,BWSSB Kadabeesanahalli (Outer Ring Road),90,122,63,47.4,68.7,30.8,89.5,Satisfactory,PM10,DEMO,SIMULATED
2026-08-27,BLR_ST11,Hombegowda Nagar (Lalbagh Vicinity),45,61,31,19.2,27.8,12.5,35.7,Good,O3,DEMO,SIMULATED
2026-08-27,BLR_ST12,Yelahanka New Town,45,61,31,24.1,34.9,15.7,45.1,Good,PM10,DEMO,SIMULATED
2026-08-27,BLR_ST13,Electronic City Phase 1,67,90,47,35.2,51.0,22.9,66.7,Satisfactory,PM10,DEMO,SIMULATED
2026-08-27,BLR_ST14,Mysore Road / Nayandahalli,71,96,50,36.5,52.9,23.7,69.8,Satisfactory,CO,DEMO,SIMULATED
2026-08-28,BLR_ST01,Silk Board Junction,94,127,66,52.0,75.4,33.8,94.0,Satisfactory,PM10,DEMO,SIMULATED
2026-08-28,BLR_ST02,BTM Layout CAAQMS,65,88,46,33.7,48.9,21.9,63.8,Satisfactory,PM10,DEMO,SIMULATED
2026-08-28,BLR_ST03,Peenya Industrial Area,101,136,71,52.5,76.1,34.1,100.6,Moderate,PM10,DEMO,SIMULATED
2026-08-28,BLR_ST04,Hebbal CAAQMS,77,104,54,39.9,57.9,25.9,76.9,Satisfactory,PM10,DEMO,SIMULATED
2026-08-28,BLR_ST05,Whitefield Export Promotion Industrial Park,79,107,55,40.4,58.6,26.3,78.8,Satisfactory,PM10,DEMO,SIMULATED
2026-08-28,BLR_ST06,Indiranagar 100ft Road,46,62,32,24.6,35.7,16.0,46.4,Good,PM10,DEMO,SIMULATED
2026-08-28,BLR_ST07,Jayanagar 4th Block,44,59,31,23.2,33.6,15.1,44.0,Good,PM10,DEMO,SIMULATED
2026-08-28,BLR_ST08,City Railway Station / Majestic,88,119,62,46.8,67.9,30.4,87.4,Satisfactory,PM10,DEMO,SIMULATED
2026-08-28,BLR_ST09,Saneguruvanahalli (Basaveshwaranagar),43,58,30,22.9,33.2,14.9,43.4,Good,PM10,DEMO,SIMULATED
2026-08-28,BLR_ST10,BWSSB Kadabeesanahalli (Outer Ring Road),79,107,55,41.4,60.0,26.9,78.1,Satisfactory,PM10,DEMO,SIMULATED
2026-08-28,BLR_ST11,Hombegowda Nagar (Lalbagh Vicinity),45,61,31,21.5,31.2,14.0,39.9,Good,O3,DEMO,SIMULATED
2026-08-28,BLR_ST12,Yelahanka New Town,49,66,34,26.2,38.0,17.0,49.1,Good,PM10,DEMO,SIMULATED
2026-08-28,BLR_ST13,Electronic City Phase 1,67,90,47,34.8,50.5,22.6,66.0,Satisfactory,PM10,DEMO,SIMULATED
2026-08-28,BLR_ST14,Mysore Road / Nayandahalli,76,103,53,39.6,57.4,25.7,75.7,Satisfactory,PM10,DEMO,SIMULATED
2026-08-29,BLR_ST01,Silk Board Junction,95,128,66,52.2,75.7,33.9,94.4,Satisfactory,PM10,DEMO,SIMULATED
2026-08-29,BLR_ST02,BTM Layout CAAQMS,65,88,46,34.1,49.4,22.2,64.5,Satisfactory,PM10,DEMO,SIMULATED
2026-08-29,BLR_ST03,Peenya Industrial Area,105,142,74,55.8,80.9,36.3,106.8,Moderate,PM10,DEMO,SIMULATED
2026-08-29,BLR_ST04,Hebbal CAAQMS,73,99,51,37.5,54.4,24.4,72.2,Satisfactory,PM10,DEMO,SIMULATED
2026-08-29,BLR_ST05,Whitefield Export Promotion Industrial Park,80,108,56,40.6,58.9,26.4,79.2,Satisfactory,PM10,DEMO,SIMULATED
2026-08-29,BLR_ST06,Indiranagar 100ft Road,57,77,40,29.5,42.8,19.2,55.8,Satisfactory,PM10,DEMO,SIMULATED
2026-08-29,BLR_ST07,Jayanagar 4th Block,42,57,29,22.4,32.5,14.6,42.5,Good,PM10,DEMO,SIMULATED
2026-08-29,BLR_ST08,City Railway Station / Majestic,85,115,59,40.3,58.4,26.2,75.2,Satisfactory,CO,DEMO,SIMULATED
2026-08-29,BLR_ST09,Saneguruvanahalli (Basaveshwaranagar),46,62,32,24.5,35.5,15.9,46.4,Good,PM10,DEMO,SIMULATED
2026-08-29,BLR_ST10,BWSSB Kadabeesanahalli (Outer Ring Road),84,113,59,44.4,64.4,28.9,83.8,Satisfactory,PM10,DEMO,SIMULATED
2026-08-29,BLR_ST11,Hombegowda Nagar (Lalbagh Vicinity),45,61,31,22.1,32.0,14.4,41.1,Good,O3,DEMO,SIMULATED
2026-08-29,BLR_ST12,Yelahanka New Town,43,58,30,22.7,32.9,14.8,42.6,Good,PM10,DEMO,SIMULATED
2026-08-29,BLR_ST13,Electronic City Phase 1,69,93,48,36.3,52.6,23.6,68.8,Satisfactory,PM10,DEMO,SIMULATED
2026-08-29,BLR_ST14,Mysore Road / Nayandahalli,85,115,59,44.1,63.9,28.7,84.2,Satisfactory,PM10,DEMO,SIMULATED
2026-08-30,BLR_ST01,Silk Board Junction,89,120,62,49.0,71.0,31.9,88.6,Satisfactory,PM10,DEMO,SIMULATED
2026-08-30,BLR_ST02,BTM Layout CAAQMS,65,88,46,34.1,49.4,22.2,64.5,Satisfactory,PM10,DEMO,SIMULATED
2026-08-30,BLR_ST03,Peenya Industrial Area,103,139,72,53.9,78.2,35.0,103.2,Moderate,PM10,DEMO,SIMULATED
2026-08-30,BLR_ST04,Hebbal CAAQMS,71,96,50,36.6,53.1,23.8,70.5,Satisfactory,PM10,DEMO,SIMULATED
2026-08-30,BLR_ST05,Whitefield Export Promotion Industrial Park,74,100,52,37.4,54.2,24.3,73.1,Satisfactory,PM10,DEMO,SIMULATED
2026-08-30,BLR_ST06,Indiranagar 100ft Road,47,63,33,25.1,36.4,16.3,47.4,Good,PM10,DEMO,SIMULATED
2026-08-30,BLR_ST07,Jayanagar 4th Block,42,57,29,21.7,31.5,14.1,41.2,Good,O3,DEMO,SIMULATED
2026-08-30,BLR_ST08,City Railway Station / Majestic,86,116,60,45.8,66.4,29.8,85.4,Satisfactory,PM10,DEMO,SIMULATED
2026-08-30,BLR_ST09,Saneguruvanahalli (Basaveshwaranagar),54,73,38,27.8,40.3,18.1,52.7,Satisfactory,PM10,DEMO,SIMULATED
2026-08-30,BLR_ST10,BWSSB Kadabeesanahalli (Outer Ring Road),83,112,58,43.7,63.4,28.4,82.4,Satisfactory,PM10,DEMO,SIMULATED
2026-08-30,BLR_ST11,Hombegowda Nagar (Lalbagh Vicinity),45,61,31,23.1,33.5,15.0,42.8,Good,O3,DEMO,SIMULATED
2026-08-30,BLR_ST12,Yelahanka New Town,45,61,31,23.8,34.5,15.5,44.6,Good,PM10,DEMO,SIMULATED
2026-08-30,BLR_ST13,Electronic City Phase 1,69,93,48,36.0,52.2,23.4,68.4,Satisfactory,PM10,DEMO,SIMULATED
2026-08-30,BLR_ST14,Mysore Road / Nayandahalli,74,100,52,38.7,56.1,25.2,73.9,Satisfactory,PM10,DEMO,SIMULATED
2026-08-31,BLR_ST01,Silk Board Junction,80,108,56,42.1,61.0,27.4,76.2,Satisfactory,CO,DEMO,SIMULATED
2026-08-31,BLR_ST02,BTM Layout CAAQMS,57,77,40,29.6,42.9,19.2,56.1,Satisfactory,PM10,DEMO,SIMULATED
2026-08-31,BLR_ST03,Peenya Industrial Area,99,134,69,51.8,75.1,33.7,99.1,Satisfactory,PM10,DEMO,SIMULATED
2026-08-31,BLR_ST04,Hebbal CAAQMS,77,104,54,39.9,57.9,25.9,76.9,Satisfactory,PM10,DEMO,SIMULATED
2026-08-31,BLR_ST05,Whitefield Export Promotion Industrial Park,74,100,52,37.6,54.5,24.4,73.5,Satisfactory,PM10,DEMO,SIMULATED
2026-08-31,BLR_ST06,Indiranagar 100ft Road,49,66,34,25.8,37.4,16.8,48.7,Good,PM10,DEMO,SIMULATED
2026-08-31,BLR_ST07,Jayanagar 4th Block,45,61,31,23.8,34.5,15.5,45.1,Good,PM10,DEMO,SIMULATED
2026-08-31,BLR_ST08,City Railway Station / Majestic,89,120,62,47.3,68.6,30.7,88.4,Satisfactory,PM10,DEMO,SIMULATED
2026-08-31,BLR_ST09,Saneguruvanahalli (Basaveshwaranagar),45,61,31,23.5,34.1,15.3,44.6,Good,PM10,DEMO,SIMULATED
2026-08-31,BLR_ST10,BWSSB Kadabeesanahalli (Outer Ring Road),86,116,60,45.5,66.0,29.6,85.8,Satisfactory,PM10,DEMO,SIMULATED
2026-08-31,BLR_ST11,Hombegowda Nagar (Lalbagh Vicinity),45,61,31,22.2,32.2,14.4,41.3,Good,O3,DEMO,SIMULATED
2026-08-31,BLR_ST12,Yelahanka New Town,45,61,31,23.8,34.5,15.5,44.6,Good,PM10,DEMO,SIMULATED
2026-08-31,BLR_ST13,Electronic City Phase 1,58,78,41,30.4,44.1,19.8,57.6,Satisfactory,PM10,DEMO,SIMULATED
2026-08-31,BLR_ST14,Mysore Road / Nayandahalli,71,96,50,36.8,53.4,23.9,70.3,Satisfactory,PM10,DEMO,SIMULATED
2026-09-01,BLR_ST01,Silk Board Junction,87,117,61,48.1,69.7,31.3,87.0,Satisfactory,PM10,DEMO,SIMULATED
2026-09-01,BLR_ST02,BTM Layout CAAQMS,55,74,38,28.4,41.2,18.5,53.7,Satisfactory,PM10,DEMO,SIMULATED
2026-09-01,BLR_ST03,Peenya Industrial Area,104,140,73,54.9,79.6,35.7,105.1,Moderate,PM10,DEMO,SIMULATED
2026-09-01,BLR_ST04,Hebbal CAAQMS,71,96,50,35.9,52.1,23.3,69.2,Satisfactory,CO,DEMO,SIMULATED
2026-09-01,BLR_ST05,Whitefield Export Promotion Industrial Park,67,90,47,34.2,49.6,22.2,66.7,Satisfactory,PM10,DEMO,SIMULATED
2026-09-01,BLR_ST06,Indiranagar 100ft Road,46,62,32,24.6,35.7,16.0,46.5,Good,PM10,DEMO,SIMULATED
2026-09-01,BLR_ST07,Jayanagar 4th Block,46,62,32,24.2,35.1,15.7,45.8,Good,PM10,DEMO,SIMULATED
2026-09-01,BLR_ST08,City Railway Station / Majestic,85,115,59,45.5,66.0,29.6,85.0,Satisfactory,PM10,DEMO,SIMULATED
2026-09-01,BLR_ST09,Saneguruvanahalli (Basaveshwaranagar),44,59,31,23.5,34.1,15.3,44.5,Good,PM10,DEMO,SIMULATED
2026-09-01,BLR_ST10,BWSSB Kadabeesanahalli (Outer Ring Road),84,113,59,44.3,64.2,28.8,83.7,Satisfactory,PM10,DEMO,SIMULATED
2026-09-01,BLR_ST11,Hombegowda Nagar (Lalbagh Vicinity),45,61,31,18.3,26.5,11.9,34.0,Good,O3,DEMO,SIMULATED
2026-09-01,BLR_ST12,Yelahanka New Town,48,65,34,25.3,36.7,16.4,47.5,Good,PM10,DEMO,SIMULATED
2026-09-01,BLR_ST13,Electronic City Phase 1,59,80,41,30.9,44.8,20.1,58.6,Satisfactory,PM10,DEMO,SIMULATED
2026-09-01,BLR_ST14,Mysore Road / Nayandahalli,84,113,59,43.6,63.2,28.3,83.3,Satisfactory,PM10,DEMO,SIMULATED
