timestamp,station_id,station_name,latitude,longitude,pm2_5,pm10,no2,so2,co,o3,nh3,aqi,aqi_category,primary_pollutant,data_source,data_quality
2026-08-25 09:00:00,BLR_ST01,Silk Board Junction,12.9176,77.6238,98.0,186.2,64.1,11.8,2.22,30.2,24.8,227,Poor,PM2.5,DEMO,SIMULATED
2026-08-25 09:00:00,BLR_ST02,BTM Layout CAAQMS,12.9135,77.6101,57.2,113.6,39.2,7.6,1.22,32.0,17.6,110,Moderate,PM10,DEMO,SIMULATED
2026-08-25 09:00:00,BLR_ST03,Peenya Industrial Area,13.0285,77.5197,102.1,205.3,70.7,21.4,2.45,23.8,36.3,241,Poor,PM2.5,DEMO,SIMULATED
2026-08-25 09:00:00,BLR_ST04,Hebbal CAAQMS,13.0358,77.597,76.2,154.3,53.6,9.3,1.79,30.3,19.8,154,Moderate,PM2.5,DEMO,SIMULATED
2026-08-25 09:00:00,BLR_ST05,Whitefield Export Promotion Industrial Park,12.9815,77.7289,77.9,159.7,51.6,10.7,1.7,36.3,21.4,160,Moderate,PM2.5,DEMO,SIMULATED
2026-08-25 09:00:00,BLR_ST06,Indiranagar 100ft Road,12.9784,77.6408,56.0,111.0,41.7,7.8,1.26,41.8,17.6,108,Moderate,PM10,DEMO,SIMULATED
2026-08-25 09:00:00,BLR_ST07,Jayanagar 4th Block,12.9299,77.5826,49.8,99.1,35.7,6.7,1.16,47.0,15.6,99,Satisfactory,PM10,DEMO,SIMULATED
2026-08-25 09:00:00,BLR_ST08,City Railway Station / Majestic,12.9778,77.5713,82.5,161.7,60.7,11.9,2.11,25.2,23.9,175,Moderate,PM2.5,DEMO,SIMULATED
2026-08-25 09:00:00,BLR_ST09,Saneguruvanahalli (Basaveshwaranagar),12.9912,77.5456,50.2,99.8,34.6,6.7,1.06,38.7,15.9,100,Satisfactory,PM10,DEMO,SIMULATED
2026-08-25 09:00:00,BLR_ST10,BWSSB Kadabeesanahalli (Outer Ring Road),12.9352,77.6894,78.2,154.9,54.4,9.5,1.83,27.2,20.8,161,Moderate,PM2.5,DEMO,SIMULATED
2026-08-25 09:00:00,BLR_ST11,Hombegowda Nagar (Lalbagh Vicinity),12.9388,77.5936,40.1,78.3,28.0,5.2,0.89,44.0,12.3,79,Satisfactory,PM10,DEMO,SIMULATED
2026-08-25 09:00:00,BLR_ST12,Yelahanka New Town,13.1007,77.5963,48.7,95.8,33.8,6.0,1.08,41.5,15.0,96,Satisfactory,PM10,DEMO,SIMULATED
2026-08-25 09:00:00,BLR_ST13,Electronic City Phase 1,12.8452,77.6602,63.8,127.0,42.8,8.1,1.34,33.7,17.2,119,Moderate,PM10,DEMO,SIMULATED
2026-08-25 09:00:00,BLR_ST14,Mysore Road / Nayandahalli,12.9463,77.5255,77.6,155.9,54.6,10.3,1.78,29.2,20.7,159,Moderate,PM2.5,DEMO,SIMULATED
2026-08-25 10:00:00,BLR_ST01,Silk Board Junction,12.9176,77.6238,93.6,177.8,61.2,11.8,2.12,32.4,24.8,213,Poor,PM2.5,DEMO,SIMULATED
2026-08-25 10:00:00,BLR_ST02,BTM Layout CAAQMS,12.9135,77.6101,60.8,120.7,41.7,8.5,1.3,38.2,19.7,115,Moderate,PM10,DEMO,SIMULATED
2026-08-25 10:00:00,BLR_ST03,Peenya Industrial Area,13.0285,77.5197,96.2,193.4,66.6,21.1,2.31,25.2,35.9,221,Poor,PM2.5,DEMO,SIMULATED
2026-08-25 10:00:00,BLR_ST04,Hebbal CAAQMS,13.0358,77.597,78.3,158.4,55.0,10.0,1.83,35.0,21.4,161,Moderate,PM2.5,DEMO,SIMULATED
2026-08-25 10:00:00,BLR_ST05,Whitefield Export Promotion Industrial Park,12.9815,77.7289,75.2,154.3,49.9,10.8,1.64,39.4,21.7,151,Moderate,PM2.5,DEMO,SIMULATED
2026-08-25 10:00:00,BLR_ST06,Indiranagar 100ft Road,12.9784,77.6408,46.4,92.0,34.6,6.8,1.04,39.0,15.3,92,Satisfactory,PM10,DEMO,SIMULATED
2026-08-25 10:00:00,BLR_ST07,Jayanagar 4th Block,12.9299,77.5826,46.7,92.9,33.4,6.6,1.09,49.5,15.4,93,Satisfactory,PM10,DEMO,SIMULATED
2026-08-25 10:00:00,BLR_ST08,City Railway Station / Majestic,12.9778,77.5713,89.1,174.7,65.5,13.5,2.27,30.5,27.0,197,Moderate,PM2.5,DEMO,SIMULATED
2026-08-25 10:00:00,BLR_ST09,Saneguruvanahalli (Basaveshwaranagar),12.9912,77.5456,47.1,93.6,32.4,6.6,1.0,40.8,15.7,94,Satisfactory,PM10,DEMO,SIMULATED
2026-08-25 10:00:00,BLR_ST10,BWSSB Kadabeesanahalli (Outer Ring Road),12.9352,77.6894,76.5,151.7,53.3,9.8,1.8,29.9,21.4,155,Moderate,PM2.5,DEMO,SIMULATED
2026-08-25 10:00:00,BLR_ST11,Hombegowda Nagar (Lalbagh Vicinity),12.9388,77.5936,44.2,86.3,30.9,6.0,0.98,54.4,14.2,87,Satisfactory,PM10,DEMO,SIMULATED
2026-08-25 10:00:00,BLR_ST12,Yelahanka New Town,13.1007,77.5963,44.8,88.2,31.1,5.8,1.0,42.9,14.5,88,Satisfactory,PM10,DEMO,SIMULATED
2026-08-25 10:00:00,BLR_ST13,Electronic City Phase 1,12.8452,77.6602,61.7,122.8,41.4,8.3,1.3,36.6,17.5,116,Moderate,PM10,DEMO,SIMULATED
2026-08-25 10:00:00,BLR_ST14,Mysore Road / Nayandahalli,12.9463,77.5255,72.4,145.3,50.9,10.1,1.66,30.6,20.2,142,Moderate,PM2.5,DEMO,SIMULATED
2026-08-25 11:00:00,BLR_ST01,Silk Board Junction,12.9176,77.6238,87.4,166.1,57.2,12.3,1.98,38.3,25.8,191,Moderate,PM2.5,DEMO,SIMULATED
2026-08-25 11:00:00,BLR_ST02,BTM Layout CAAQMS,12.9135,77.6101,55.3,109.8,37.9,8.6,1.18,44.0,19.9,107,Moderate,PM10,DEMO,SIMULATED
2026-08-25 11:00:00,BLR_ST03,Peenya Industrial Area,13.0285,77.5197,97.3,195.6,67.3,23.8,2.33,32.2,40.3,225,Poor,PM2.5,DEMO,SIMULATED
2026-08-25 11:00:00,BLR_ST04,Hebbal CAAQMS,13.0358,77.597,72.3,146.4,50.8,10.3,1.69,40.8,22.0,142,Moderate,PM2.5,DEMO,SIMULATED
2026-08-25 11:00:00,BLR_ST05,Whitefield Export Promotion Industrial Park,12.9815,77.7289,64.2,131.6,42.5,10.3,1.4,42.5,20.5,122,Moderate,PM10,DEMO,SIMULATED
2026-08-25 11:00:00,BLR_ST06,Indiranagar 100ft Road,12.9784,77.6408,50.7,100.6,37.7,8.2,1.14,53.8,18.6,101,Moderate,PM10,DEMO,SIMULATED
2026-08-25 11:00:00,BLR_ST07,Jayanagar 4th Block,12.9299,77.5826,38.6,76.8,27.7,6.0,0.9,51.7,14.1,77,Satisfactory,PM10,DEMO,SIMULATED
2026-08-25 11:00:00,BLR_ST08,City Railway Station / Majestic,12.9778,77.5713,77.9,152.7,57.3,13.1,1.99,33.7,26.3,160,Moderate,PM2.5,DEMO,SIMULATED
2026-08-25 11:00:00,BLR_ST09,Saneguruvanahalli (Basaveshwaranagar),12.9912,77.5456,46.6,92.7,32.1,7.2,0.99,51.0,17.3,93,Satisfactory,PM10,DEMO,SIMULATED
2026-08-25 11:00:00,BLR_ST10,BWSSB Kadabeesanahalli (Outer Ring Road),12.9352,77.6894,75.7,150.0,52.7,10.7,1.78,37.4,23.5,153,Moderate,PM2.5,DEMO,SIMULATED
2026-08-25 11:00:00,BLR_ST11,Hombegowda Nagar (Lalbagh Vicinity),12.9388,77.5936,39.1,76.2,27.3,5.9,0.87,60.8,13.9,77,Satisfactory,PM10,DEMO,SIMULATED
2026-08-25 11:00:00,BLR_ST12,Yelahanka New Town,13.1007,77.5963,42.3,83.3,29.4,6.1,0.94,51.2,15.2,84,Satisfactory,PM10,DEMO,SIMULATED
2026-08-25 11:00:00,BLR_ST13,Electronic City Phase 1,12.8452,77.6602,62.9,125.2,42.2,9.4,1.33,47.2,19.8,118,Moderate,PM10,DEMO,SIMULATED
2026-08-25 11:00:00,BLR_ST14,Mysore Road / Nayandahalli,12.9463,77.5255,64.4,129.3,45.2,10.0,1.47,34.4,20.0,120,Moderate,PM10,DEMO,SIMULATED
2026-08-25 12:00:00,BLR_ST01,Silk Board Junction,12.9176,77.6238,70.7,134.2,46.2,10.9,1.6,39.9,22.8,136,Moderate,PM2.5,DEMO,SIMULATED
2026-08-25 12:00:00,BLR_ST02,BTM Layout CAAQMS,12.9135,77.6101,47.4,94.2,32.5,8.0,1.01,48.7,18.7,94,Satisfactory,PM10,DEMO,SIMULATED
2026-08-25 12:00:00,BLR_ST03,Peenya Industrial Area,13.0285,77.5197,76.7,154.3,53.1,20.5,1.84,32.8,34.8,156,Moderate,PM2.5,DEMO,SIMULATED
2026-08-25 12:00:00,BLR_ST04,Hebbal CAAQMS,13.0358,77.597,59.8,121.1,42.1,9.3,1.4,43.6,19.9,115,Moderate,PM10,DEMO,SIMULATED
2026-08-25 12:00:00,BLR_ST05,Whitefield Export Promotion Industrial Park,12.9815,77.7289,53.6,109.9,35.5,9.4,1.17,45.8,18.8,108,Moderate,PM10,DEMO,SIMULATED
2026-08-25 12:00:00,BLR_ST06,Indiranagar 100ft Road,12.9784,77.6408,40.5,80.2,30.1,7.2,0.91,55.4,16.2,81,Satisfactory,PM10,DEMO,SIMULATED
2026-08-25 12:00:00,BLR_ST07,Jayanagar 4th Block,12.9299,77.5826,37.2,73.9,26.6,6.4,0.87,64.2,14.9,74,Satisfactory,PM10,DEMO,SIMULATED
2026-08-25 12:00:00,BLR_ST08,City Railway Station / Majestic,12.9778,77.5713,68.5,134.4,50.4,12.6,1.75,38.3,25.3,129,Moderate,PM2.5,DEMO,SIMULATED
2026-08-25 12:00:00,BLR_ST09,Saneguruvanahalli (Basaveshwaranagar),12.9912,77.5456,38.9,77.4,26.8,6.6,0.82,55.0,15.8,78,Satisfactory,PM10,DEMO,SIMULATED
2026-08-25 12:00:00,BLR_ST10,BWSSB Kadabeesanahalli (Outer Ring Road),12.9352,77.6894,63.7,126.2,44.3,9.9,1.49,40.6,21.7,118,Moderate,PM10,DEMO,SIMULATED
2026-08-25 12:00:00,BLR_ST11,Hombegowda Nagar (Lalbagh Vicinity),12.9388,77.5936,31.8,62.0,22.2,5.2,0.71,63.7,12.4,64,Satisfactory,O3,DEMO,SIMULATED
2026-08-25 12:00:00,BLR_ST12,Yelahanka New Town,13.1007,77.5963,41.4,81.5,28.8,6.5,0.92,64.6,16.3,82,Satisfactory,PM10,DEMO,SIMULATED
2026-08-25 12:00:00,BLR_ST13,Electronic City Phase 1,12.8452,77.6602,56.9,113.2,38.1,9.3,1.2,55.1,19.6,110,Moderate,PM10,DEMO,SIMULATED
2026-08-25 12:00:00,BLR_ST14,Mysore Road / Nayandahalli,12.9463,77.5255,66.2,132.8,46.5,11.2,1.51,45.5,22.5,123,Moderate,PM10,DEMO,SIMULATED
2026-08-25 13:00:00,BLR_ST01,Silk Board Junction,12.9176,77.6238,66.9,127.2,43.8,10.7,1.52,45.3,22.5,124,Moderate,PM2.5,DEMO,SIMULATED
2026-08-25 13:00:00,BLR_ST02,BTM Layout CAAQMS,12.9135,77.6101,49.6,98.6,34.1,8.8,1.06,61.0,20.4,99,Satisfactory,PM10,DEMO,SIMULATED
2026-08-25 13:00:00,BLR_ST03,Peenya Industrial Area,13.0285,77.5197,74.9,150.6,51.8,20.9,1.8,38.3,35.4,150,Moderate,PM2.5,DEMO,SIMULATED
2026-08-25 13:00:00,BLR_ST04,Hebbal CAAQMS,13.0358,77.597,59.2,119.7,41.6,9.6,1.39,51.6,20.5,114,Moderate,PM10,DEMO,SIMULATED
2026-08-25 13:00:00,BLR_ST05,Whitefield Export Promotion Industrial Park,12.9815,77.7289,61.3,125.8,40.6,11.2,1.34,62.7,22.4,118,Moderate,PM10,DEMO,SIMULATED
2026-08-25 13:00:00,BLR_ST06,Indiranagar 100ft Road,12.9784,77.6408,41.8,82.8,31.1,7.7,0.94,68.4,17.5,83,Satisfactory,PM10,DEMO,SIMULATED
2026-08-25 13:00:00,BLR_ST07,Jayanagar 4th Block,12.9299,77.5826,35.1,69.8,25.1,6.3,0.82,72.6,14.7,73,Satisfactory,O3,DEMO,SIMULATED
2026-08-25 13:00:00,BLR_ST08,City Railway Station / Majestic,12.9778,77.5713,70.0,137.4,51.5,13.5,1.79,46.9,27.0,134,Moderate,PM2.5,DEMO,SIMULATED
2026-08-25 13:00:00,BLR_ST09,Saneguruvanahalli (Basaveshwaranagar),12.9912,77.5456,41.0,81.4,28.2,7.3,0.87,69.3,17.3,82,Satisfactory,PM10,DEMO,SIMULATED
2026-08-25 13:00:00,BLR_ST10,BWSSB Kadabeesanahalli (Outer Ring Road),12.9352,77.6894,68.4,135.5,47.6,11.1,1.61,52.2,24.3,129,Moderate,PM2.5,DEMO,SIMULATED
2026-08-25 13:00:00,BLR_ST11,Hombegowda Nagar (Lalbagh Vicinity),12.9388,77.5936,30.2,58.9,21.1,5.2,0.67,72.6,12.3,73,Satisfactory,O3,DEMO,SIMULATED
2026-08-25 13:00:00,BLR_ST12,Yelahanka New Town,13.1007,77.5963,33.1,65.2,23.0,5.4,0.74,61.9,13.6,66,Satisfactory,PM10,DEMO,SIMULATED
2026-08-25 13:00:00,BLR_ST13,Electronic City Phase 1,12.8452,77.6602,51.0,101.5,34.2,8.7,1.07,59.1,18.3,102,Moderate,PM10,DEMO,SIMULATED
2026-08-25 13:00:00,BLR_ST14,Mysore Road / Nayandahalli,12.9463,77.5255,59.2,118.8,41.6,10.5,1.35,48.8,21.0,113,Moderate,PM10,DEMO,SIMULATED
2026-08-25 14:00:00,BLR_ST01,Silk Board Junction,12.9176,77.6238,66.7,126.7,43.6,10.8,1.51,48.2,22.7,123,Moderate,PM2.5,DEMO,SIMULATED
2026-08-25 14:00:00,BLR_ST02,BTM Layout CAAQMS,12.9135,77.6101,51.1,101.5,35.0,9.1,1.09,67.0,21.2,102,Moderate,PM10,DEMO,SIMULATED
2026-08-25 14:00:00,BLR_ST03,Peenya Industrial Area,13.0285,77.5197,85.4,171.6,59.1,24.1,2.05,46.6,40.9,185,Moderate,PM2.5,DEMO,SIMULATED
2026-08-25 14:00:00,BLR_ST04,Hebbal CAAQMS,13.0358,77.597,57.7,116.8,40.5,9.4,1.35,53.7,20.2,112,Moderate,PM10,DEMO,SIMULATED
2026-08-25 14:00:00,BLR_ST05,Whitefield Export Promotion Industrial Park,12.9815,77.7289,56.9,116.7,37.7,10.5,1.24,62.2,21.0,112,Moderate,PM10,DEMO,SIMULATED
2026-08-25 14:00:00,BLR_ST06,Indiranagar 100ft Road,12.9784,77.6408,39.3,77.9,29.3,7.3,0.88,68.7,16.6,78,Satisfactory,PM10,DEMO,SIMULATED
2026-08-25 14:00:00,BLR_ST07,Jayanagar 4th Block,12.9299,77.5826,37.1,73.9,26.6,6.7,0.87,82.1,15.7,82,Satisfactory,O3,DEMO,SIMULATED
2026-08-25 14:00:00,BLR_ST08,City Railway Station / Majestic,12.9778,77.5713,66.2,129.8,48.7,12.9,1.69,47.3,25.8,121,Moderate,PM2.5,DEMO,SIMULATED
2026-08-25 14:00:00,BLR_ST09,Saneguruvanahalli (Basaveshwaranagar),12.9912,77.5456,36.1,71.8,24.8,6.5,0.76,65.2,15.4,72,Satisfactory,PM10,DEMO,SIMULATED
2026-08-25 14:00:00,BLR_ST10,BWSSB Kadabeesanahalli (Outer Ring Road),12.9352,77.6894,60.8,120.5,42.4,10.0,1.43,49.6,21.8,115,Moderate,PM10,DEMO,SIMULATED
2026-08-25 14:00:00,BLR_ST11,Hombegowda Nagar (Lalbagh Vicinity),12.9388,77.5936,32.0,62.3,22.3,5.6,0.71,82.0,13.2,82,Satisfactory,O3,DEMO,SIMULATED
2026-08-25 14:00:00,BLR_ST12,Yelahanka New Town,13.1007,77.5963,34.4,67.7,23.9,5.7,0.76,68.6,14.3,69,Satisfactory,O3,DEMO,SIMULATED
2026-08-25 14:00:00,BLR_ST13,Electronic City Phase 1,12.8452,77.6602,53.2,106.0,35.7,9.2,1.12,65.9,19.3,105,Moderate,PM10,DEMO,SIMULATED
2026-08-25 14:00:00,BLR_ST14,Mysore Road / Nayandahalli,12.9463,77.5255,66.2,133.0,46.5,11.9,1.52,58.3,23.8,123,Moderate,PM10,DEMO,SIMULATED
2026-08-25 15:00:00,BLR_ST01,Silk Board Junction,12.9176,77.6238,69.3,131.7,45.3,11.3,1.57,47.5,23.6,132,Moderate,PM2.5,DEMO,SIMULATED
2026-08-25 15:00:00,BLR_ST02,BTM Layout CAAQMS,12.9135,77.6101,44.2,87.9,30.3,7.9,0.95,55.1,18.4,88,Satisfactory,PM10,DEMO,SIMULATED
2026-08-25 15:00:00,BLR_ST03,Peenya Industrial Area,13.0285,77.5197,87.2,175.3,60.3,24.6,2.09,45.2,41.8,191,Moderate,PM2.5,DEMO,SIMULATED
2026-08-25 15:00:00,BLR_ST04,Hebbal CAAQMS,13.0358,77.597,60.0,121.4,42.1,9.8,1.4,53.0,21.0,115,Moderate,PM10,DEMO,SIMULATED
2026-08-25 15:00:00,BLR_ST05,Whitefield Export Promotion Industrial Park,12.9815,77.7289,50.6,103.8,33.6,9.4,1.1,52.5,18.7,104,Moderate,PM10,DEMO,SIMULATED
2026-08-25 15:00:00,BLR_ST06,Indiranagar 100ft Road,12.9784,77.6408,36.5,72.3,27.1,6.8,0.82,60.5,15.5,73,Satisfactory,PM10,DEMO,SIMULATED
2026-08-25 15:00:00,BLR_ST07,Jayanagar 4th Block,12.9299,77.5826,31.6,62.8,22.6,5.7,0.74,66.2,13.4,67,Satisfactory,O3,DEMO,SIMULATED
2026-08-25 15:00:00,BLR_ST08,City Railway Station / Majestic,12.9778,77.5713,68.4,134.1,50.3,13.3,1.75,46.4,26.7,129,Moderate,PM2.5,DEMO,SIMULATED
2026-08-25 15:00:00,BLR_ST09,Saneguruvanahalli (Basaveshwaranagar),12.9912,77.5456,40.1,79.6,27.6,7.2,0.85,68.6,17.1,80,Satisfactory,PM10,DEMO,SIMULATED
2026-08-25 15:00:00,BLR_ST10,BWSSB Kadabeesanahalli (Outer Ring Road),12.9352,77.6894,63.0,124.8,43.9,10.3,1.48,48.7,22.6,117,Moderate,PM10,DEMO,SIMULATED
2026-08-25 15:00:00,BLR_ST11,Hombegowda Nagar (Lalbagh Vicinity),12.9388,77.5936,28.8,56.1,20.1,5.0,0.64,70.1,11.9,71,Satisfactory,O3,DEMO,SIMULATED
2026-08-25 15:00:00,BLR_ST12,Yelahanka New Town,13.1007,77.5963,35.2,69.3,24.4,5.9,0.78,66.6,14.6,70,Satisfactory,PM10,DEMO,SIMULATED
2026-08-25 15:00:00,BLR_ST13,Electronic City Phase 1,12.8452,77.6602,57.5,114.4,38.5,9.9,1.21,67.5,20.9,111,Moderate,PM10,DEMO,SIMULATED
2026-08-25 15:00:00,BLR_ST14,Mysore Road / Nayandahalli,12.9463,77.5255,61.6,123.7,43.3,11.1,1.41,51.5,22.1,117,Moderate,PM10,DEMO,SIMULATED
2026-08-25 16:00:00,BLR_ST01,Silk Board Junction,12.9176,77.6238,77.8,147.9,50.9,12.6,1.76,46.2,26.4,160,Moderate,PM2.5,DEMO,SIMULATED
2026-08-25 16:00:00,BLR_ST02,BTM Layout CAAQMS,12.9135,77.6101,50.5,100.4,34.7,9.0,1.08,54.5,20.9,101,Moderate,PM10,DEMO,SIMULATED
2026-08-25 16:00:00,BLR_ST03,Peenya Industrial Area,13.0285,77.5197,72.0,144.7,49.8,20.2,1.73,32.3,34.3,141,Moderate,PM2.5,DEMO,SIMULATED
2026-08-25 16:00:00,BLR_ST04,Hebbal CAAQMS,13.0358,77.597,62.8,127.2,44.2,10.2,1.47,48.1,21.9,119,Moderate,PM10,DEMO,SIMULATED
2026-08-25 16:00:00,BLR_ST05,Whitefield Export Promotion Industrial Park,12.9815,77.7289,57.5,117.9,38.1,10.6,1.25,51.6,21.1,113,Moderate,PM10,DEMO,SIMULATED
2026-08-25 16:00:00,BLR_ST06,Indiranagar 100ft Road,12.9784,77.6408,40.6,80.5,30.2,7.6,0.91,58.4,17.1,81,Satisfactory,PM10,DEMO,SIMULATED
2026-08-25 16:00:00,BLR_ST07,Jayanagar 4th Block,12.9299,77.5826,32.8,65.3,23.5,5.9,0.77,59.6,13.8,66,Satisfactory,PM10,DEMO,SIMULATED
2026-08-25 16:00:00,BLR_ST08,City Railway Station / Majestic,12.9778,77.5713,69.0,135.2,50.7,13.4,1.76,40.5,26.7,131,Moderate,PM2.5,DEMO,SIMULATED
2026-08-25 16:00:00,BLR_ST09,Saneguruvanahalli (Basaveshwaranagar),12.9912,77.5456,35.1,69.8,24.1,6.3,0.74,52.1,14.9,70,Satisfactory,PM10,DEMO,SIMULATED
2026-08-25 16:00:00,BLR_ST10,BWSSB Kadabeesanahalli (Outer Ring Road),12.9352,77.6894,63.5,125.9,44.2,10.4,1.49,42.5,22.7,118,Moderate,PM10,DEMO,SIMULATED
2026-08-25 16:00:00,BLR_ST11,Hombegowda Nagar (Lalbagh Vicinity),12.9388,77.5936,31.4,61.3,21.9,5.4,0.7,66.2,12.9,67,Satisfactory,O3,DEMO,SIMULATED
2026-08-25 16:00:00,BLR_ST12,Yelahanka New Town,13.1007,77.5963,39.5,77.8,27.5,6.5,0.88,64.8,16.4,78,Satisfactory,PM10,DEMO,SIMULATED
2026-08-25 16:00:00,BLR_ST13,Electronic City Phase 1,12.8452,77.6602,56.5,112.5,37.9,9.7,1.19,57.5,20.4,109,Moderate,PM10,DEMO,SIMULATED
2026-08-25 16:00:00,BLR_ST14,Mysore Road / Nayandahalli,12.9463,77.5255,58.7,117.9,41.3,10.5,1.34,42.4,21.0,113,Moderate,PM10,DEMO,SIMULATED
2026-08-25 17:00:00,BLR_ST01,Silk Board Junction,12.9176,77.6238,72.9,138.4,47.7,11.5,1.65,35.8,24.1,144,Moderate,PM2.5,DEMO,SIMULATED
2026-08-25 17:00:00,BLR_ST02,BTM Layout CAAQMS,12.9135,77.6101,45.2,89.7,31.0,7.9,0.96,40.3,18.2,90,Satisfactory,PM10,DEMO,SIMULATED
2026-08-25 17:00:00,BLR_ST03,Peenya Industrial Area,13.0285,77.5197,88.4,177.8,61.2,24.2,2.12,32.9,41.1,195,Moderate,PM2.5,DEMO,SIMULATED
2026-08-25 17:00:00,BLR_ST04,Hebbal CAAQMS,13.0358,77.597,66.2,134.0,46.5,10.5,1.55,41.9,22.6,123,Moderate,PM10,DEMO,SIMULATED
2026-08-25 17:00:00,BLR_ST05,Whitefield Export Promotion Industrial Park,12.9815,77.7289,54.5,111.8,36.1,9.8,1.19,40.5,19.6,109,Moderate,PM10,DEMO,SIMULATED
2026-08-25 17:00:00,BLR_ST06,Indiranagar 100ft Road,12.9784,77.6408,42.5,84.1,31.6,7.7,0.95,50.5,17.5,84,Satisfactory,PM10,DEMO,SIMULATED
2026-08-25 17:00:00,BLR_ST07,Jayanagar 4th Block,12.9299,77.5826,36.0,71.7,25.8,6.3,0.84,54.2,14.8,72,Satisfactory,PM10,DEMO,SIMULATED
2026-08-25 17:00:00,BLR_ST08,City Railway Station / Majestic,12.9778,77.5713,63.9,125.3,47.0,12.1,1.63,31.1,24.2,118,Moderate,PM10,DEMO,SIMULATED
2026-08-25 17:00:00,BLR_ST09,Saneguruvanahalli (Basaveshwaranagar),12.9912,77.5456,41.0,81.5,28.2,7.2,0.87,50.4,17.1,82,Satisfactory,PM10,DEMO,SIMULATED
2026-08-25 17:00:00,BLR_ST10,BWSSB Kadabeesanahalli (Outer Ring Road),12.9352,77.6894,66.4,131.6,46.3,10.6,1.56,36.8,23.2,122,Moderate,PM2.5,DEMO,SIMULATED
2026-08-25 17:00:00,BLR_ST11,Hombegowda Nagar (Lalbagh Vicinity),12.9388,77.5936,34.3,66.9,24.0,5.8,0.76,59.8,13.7,68,Satisfactory,PM10,DEMO,SIMULATED
2026-08-25 17:00:00,BLR_ST12,Yelahanka New Town,13.1007,77.5963,37.4,73.5,25.9,6.0,0.83,50.7,15.1,74,Satisfactory,PM10,DEMO,SIMULATED
2026-08-25 17:00:00,BLR_ST13,Electronic City Phase 1,12.8452,77.6602,48.5,96.5,32.5,8.1,1.02,40.8,17.1,97,Satisfactory,PM10,DEMO,SIMULATED
2026-08-25 17:00:00,BLR_ST14,Mysore Road / Nayandahalli,12.9463,77.5255,60.9,122.2,42.8,10.6,1.39,36.5,21.2,116,Moderate,PM10,DEMO,SIMULATED
2026-08-25 18:00:00,BLR_ST01,Silk Board Junction,12.9176,77.6238,70.3,133.5,46.0,10.4,1.59,28.4,21.8,135,Moderate,PM2.5,DEMO,SIMULATED
2026-08-25 18:00:00,BLR_ST02,BTM Layout CAAQMS,12.9135,77.6101,55.9,111.1,38.4,9.1,1.19,41.2,21.2,108,Moderate,PM10,DEMO,SIMULATED
2026-08-25 18:00:00,BLR_ST03,Peenya Industrial Area,13.0285,77.5197,93.8,188.5,64.9,24.1,2.25,28.7,40.9,214,Poor,PM2.5,DEMO,SIMULATED
2026-08-25 18:00:00,BLR_ST04,Hebbal CAAQMS,13.0358,77.597,70.1,141.9,49.3,10.5,1.64,36.6,22.4,134,Moderate,PM2.5,DEMO,SIMULATED
2026-08-25 18:00:00,BLR_ST05,Whitefield Export Promotion Industrial Park,12.9815,77.7289,58.3,119.5,38.6,9.8,1.27,35.7,19.6,114,Moderate,PM10,DEMO,SIMULATED
2026-08-25 18:00:00,BLR_ST06,Indiranagar 100ft Road,12.9784,77.6408,40.2,79.6,29.9,6.8,0.9,39.4,15.5,80,Satisfactory,PM10,DEMO,SIMULATED
2026-08-25 18:00:00,BLR_ST07,Jayanagar 4th Block,12.9299,77.5826,40.5,80.5,29.0,6.7,0.95,50.2,15.6,81,Satisfactory,PM10,DEMO,SIMULATED
2026-08-25 18:00:00,BLR_ST08,City Railway Station / Majestic,12.9778,77.5713,79.8,156.6,58.7,14.2,2.04,32.0,28.3,166,Moderate,PM2.5,DEMO,SIMULATED
2026-08-25 18:00:00,BLR_ST09,Saneguruvanahalli (Basaveshwaranagar),12.9912,77.5456,38.1,75.8,26.2,6.2,0.81,38.6,14.9,76,Satisfactory,PM10,DEMO,SIMULATED
2026-08-25 18:00:00,BLR_ST10,BWSSB Kadabeesanahalli (Outer Ring Road),12.9352,77.6894,70.1,139.0,48.8,10.5,1.65,32.0,22.9,134,Moderate,PM2.5,DEMO,SIMULATED
2026-08-25 18:00:00,BLR_ST11,Hombegowda Nagar (Lalbagh Vicinity),12.9388,77.5936,31.7,61.8,22.1,5.0,0.7,45.6,11.9,63,Satisfactory,PM10,DEMO,SIMULATED
2026-08-25 18:00:00,BLR_ST12,Yelahanka New Town,13.1007,77.5963,41.7,82.1,28.9,6.3,0.93,46.6,15.8,82,Satisfactory,PM10,DEMO,SIMULATED
2026-08-25 18:00:00,BLR_ST13,Electronic City Phase 1,12.8452,77.6602,60.5,120.5,40.6,9.5,1.27,42.0,20.0,115,Moderate,PM10,DEMO,SIMULATED
2026-08-25 18:00:00,BLR_ST14,Mysore Road / Nayandahalli,12.9463,77.5255,62.3,125.1,43.8,10.2,1.43,30.8,20.4,118,Moderate,PM10,DEMO,SIMULATED
2026-08-25 19:00:00,BLR_ST01,Silk Board Junction,12.9176,77.6238,86.5,164.4,56.6,11.4,1.96,29.3,24.0,188,Moderate,PM2.5,DEMO,SIMULATED
2026-08-25 19:00:00,BLR_ST02,BTM Layout CAAQMS,12.9135,77.6101,58.2,115.6,39.9,8.5,1.24,35.8,19.7,111,Moderate,PM10,DEMO,SIMULATED
2026-08-25 19:00:00,BLR_ST03,Peenya Industrial Area,13.0285,77.5197,92.9,186.8,64.3,21.3,2.23,23.8,36.2,211,Poor,PM2.5,DEMO,SIMULATED
2026-08-25 19:00:00,BLR_ST04,Hebbal CAAQMS,13.0358,77.597,79.0,160.0,55.6,10.5,1.85,34.5,22.6,164,Moderate,PM2.5,DEMO,SIMULATED
2026-08-25 19:00:00,BLR_ST05,Whitefield Export Promotion Industrial Park,12.9815,77.7289,66.8,136.9,44.2,10.0,1.45,34.1,20.1,125,Moderate,PM10,DEMO,SIMULATED
2026-08-25 19:00:00,BLR_ST06,Indiranagar 100ft Road,12.9784,77.6408,46.5,92.1,34.6,7.1,1.04,38.0,16.0,92,Satisfactory,PM10,DEMO,SIMULATED
2026-08-25 19:00:00,BLR_ST07,Jayanagar 4th Block,12.9299,77.5826,42.4,84.4,30.4,6.2,0.99,43.9,14.6,85,Satisfactory,PM10,DEMO,SIMULATED
2026-08-25 19:00:00,BLR_ST08,City Railway Station / Majestic,12.9778,77.5713,85.8,168.2,63.1,13.6,2.19,28.7,27.2,186,Moderate,PM2.5,DEMO,SIMULATED
2026-08-25 19:00:00,BLR_ST09,Saneguruvanahalli (Basaveshwaranagar),12.9912,77.5456,43.8,87.0,30.1,6.4,0.93,37.0,15.2,87,Satisfactory,PM10,DEMO,SIMULATED
2026-08-25 19:00:00,BLR_ST10,BWSSB Kadabeesanahalli (Outer Ring Road),12.9352,77.6894,75.7,150.0,52.7,10.1,1.78,28.9,22.1,153,Moderate,PM2.5,DEMO,SIMULATED
2026-08-25 19:00:00,BLR_ST11,Hombegowda Nagar (Lalbagh Vicinity),12.9388,77.5936,42.6,83.1,29.8,6.0,0.95,51.2,14.3,83,Satisfactory,PM10,DEMO,SIMULATED
2026-08-25 19:00:00,BLR_ST12,Yelahanka New Town,13.1007,77.5963,45.6,89.9,31.7,6.2,1.01,42.6,15.4,90,Satisfactory,PM10,DEMO,SIMULATED
2026-08-25 19:00:00,BLR_ST13,Electronic City Phase 1,12.8452,77.6602,63.5,126.4,42.6,8.9,1.34,36.8,18.8,118,Moderate,PM10,DEMO,SIMULATED
2026-08-25 19:00:00,BLR_ST14,Mysore Road / Nayandahalli,12.9463,77.5255,75.6,151.8,53.1,11.0,1.73,31.2,22.1,152,Moderate,PM2.5,DEMO,SIMULATED
2026-08-25 20:00:00,BLR_ST01,Silk Board Junction,12.9176,77.6238,90.2,171.3,59.0,10.6,2.04,26.5,22.3,202,Poor,PM2.5,DEMO,SIMULATED
2026-08-25 20:00:00,BLR_ST02,BTM Layout CAAQMS,12.9135,77.6101,61.1,121.3,41.9,7.9,1.3,32.6,18.4,115,Moderate,PM10,DEMO,SIMULATED
2026-08-25 20:00:00,BLR_ST03,Peenya Industrial Area,13.0285,77.5197,105.8,212.8,73.2,21.7,2.54,23.5,36.8,253,Poor,PM2.5,DEMO,SIMULATED
2026-08-25 20:00:00,BLR_ST04,Hebbal CAAQMS,13.0358,77.597,84.0,170.0,59.0,10.0,1.97,31.8,21.4,180,Moderate,PM2.5,DEMO,SIMULATED
2026-08-25 20:00:00,BLR_ST05,Whitefield Export Promotion Industrial Park,12.9815,77.7289,72.0,147.5,47.7,9.6,1.57,32.0,19.3,141,Moderate,PM2.5,DEMO,SIMULATED
2026-08-25 20:00:00,BLR_ST06,Indiranagar 100ft Road,12.9784,77.6408,52.2,103.5,38.8,7.1,1.17,37.1,16.0,103,Moderate,PM10,DEMO,SIMULATED
2026-08-25 20:00:00,BLR_ST07,Jayanagar 4th Block,12.9299,77.5826,43.2,85.9,30.9,5.7,1.01,38.8,13.3,86,Satisfactory,PM10,DEMO,SIMULATED
2026-08-25 20:00:00,BLR_ST08,City Railway Station / Majestic,12.9778,77.5713,94.4,185.1,69.4,13.3,2.41,27.4,26.7,216,Poor,PM2.5,DEMO,SIMULATED
2026-08-25 20:00:00,BLR_ST09,Saneguruvanahalli (Basaveshwaranagar),12.9912,77.5456,49.4,98.1,34.0,6.4,1.04,36.3,15.3,98,Satisfactory,PM10,DEMO,SIMULATED
2026-08-25 20:00:00,BLR_ST10,BWSSB Kadabeesanahalli (Outer Ring Road),12.9352,77.6894,95.4,189.0,66.4,11.4,2.24,31.6,24.9,219,Poor,PM2.5,DEMO,SIMULATED
2026-08-25 20:00:00,BLR_ST11,Hombegowda Nagar (Lalbagh Vicinity),12.9388,77.5936,46.6,90.9,32.6,5.9,1.04,48.7,13.9,91,Satisfactory,PM10,DEMO,SIMULATED
2026-08-25 20:00:00,BLR_ST12,Yelahanka New Town,13.1007,77.5963,45.4,89.5,31.6,5.5,1.01,36.9,13.7,90,Satisfactory,PM10,DEMO,SIMULATED
2026-08-25 20:00:00,BLR_ST13,Electronic City Phase 1,12.8452,77.6602,68.3,136.0,45.8,8.5,1.44,34.4,18.0,128,Moderate,PM2.5,DEMO,SIMULATED
2026-08-25 20:00:00,BLR_ST14,Mysore Road / Nayandahalli,12.9463,77.5255,87.4,175.4,61.4,11.4,2.0,31.3,22.7,191,Moderate,PM2.5,DEMO,SIMULATED
2026-08-25 21:00:00,BLR_ST01,Silk Board Junction,12.9176,77.6238,96.6,183.5,63.2,10.8,2.19,26.8,22.7,223,Poor,PM2.5,DEMO,SIMULATED
2026-08-25 21:00:00,BLR_ST02,BTM Layout CAAQMS,12.9135,77.6101,62.9,124.9,43.1,7.8,1.34,31.7,18.1,117,Moderate,PM10,DEMO,SIMULATED
2026-08-25 21:00:00,BLR_ST03,Peenya Industrial Area,13.0285,77.5197,124.8,251.0,86.4,24.4,2.99,26.2,41.3,305,Very Poor,PM2.5,DEMO,SIMULATED
2026-08-25 21:00:00,BLR_ST04,Hebbal CAAQMS,13.0358,77.597,87.9,177.9,61.8,9.9,2.06,31.5,21.3,193,Moderate,PM2.5,DEMO,SIMULATED
2026-08-25 21:00:00,BLR_ST05,Whitefield Export Promotion Industrial Park,12.9815,77.7289,79.4,162.8,52.6,10.1,1.73,33.4,20.3,165,Moderate,PM2.5,DEMO,SIMULATED
2026-08-25 21:00:00,BLR_ST06,Indiranagar 100ft Road,12.9784,77.6408,61.4,121.7,45.7,7.9,1.38,41.3,18.0,115,Moderate,PM10,DEMO,SIMULATED
2026-08-25 21:00:00,BLR_ST07,Jayanagar 4th Block,12.9299,77.5826,52.6,104.7,37.7,6.6,1.23,44.8,15.4,104,Moderate,PM10,DEMO,SIMULATED
2026-08-25 21:00:00,BLR_ST08,City Railway Station / Majestic,12.9778,77.5713,90.6,177.6,66.7,12.2,2.31,24.9,24.4,203,Poor,PM2.5,DEMO,SIMULATED
2026-08-25 21:00:00,BLR_ST09,Saneguruvanahalli (Basaveshwaranagar),12.9912,77.5456,50.4,100.2,34.7,6.3,1.07,35.0,14.9,101,Moderate,PM10,DEMO,SIMULATED
2026-08-25 21:00:00,BLR_ST10,BWSSB Kadabeesanahalli (Outer Ring Road),12.9352,77.6894,91.4,181.1,63.6,10.4,2.15,28.7,22.7,206,Poor,PM2.5,DEMO,SIMULATED
2026-08-25 21:00:00,BLR_ST11,Hombegowda Nagar (Lalbagh Vicinity),12.9388,77.5936,45.0,87.7,31.4,5.4,1.0,44.4,12.8,88,Satisfactory,PM10,DEMO,SIMULATED
2026-08-25 21:00:00,BLR_ST12,Yelahanka New Town,13.1007,77.5963,51.9,102.1,36.0,6.0,1.15,39.8,14.9,102,Moderate,PM10,DEMO,SIMULATED
2026-08-25 21:00:00,BLR_ST13,Electronic City Phase 1,12.8452,77.6602,79.2,157.6,53.1,9.4,1.67,37.7,19.9,164,Moderate,PM2.5,DEMO,SIMULATED
2026-08-25 21:00:00,BLR_ST14,Mysore Road / Nayandahalli,12.9463,77.5255,91.8,184.3,64.5,11.4,2.1,31.1,22.8,207,Poor,PM2.5,DEMO,SIMULATED
2026-08-25 22:00:00,BLR_ST01,Silk Board Junction,12.9176,77.6238,136.7,259.7,70.0,12.6,2.42,31.2,26.4,314,Very Poor,PM2.5,DEMO,SIMULATED
2026-08-25 22:00:00,BLR_ST02,BTM Layout CAAQMS,12.9135,77.6101,75.9,150.9,40.8,7.7,1.27,31.5,17.9,153,Moderate,PM2.5,DEMO,SIMULATED
2026-08-25 22:00:00,BLR_ST03,Peenya Industrial Area,13.0285,77.5197,137.0,275.5,74.2,22.0,2.57,23.6,37.3,314,Very Poor,PM2.5,DEMO,SIMULATED
2026-08-25 22:00:00,BLR_ST04,Hebbal CAAQMS,13.0358,77.597,102.1,206.6,56.1,9.5,1.87,30.0,20.3,241,Poor,PM2.5,DEMO,SIMULATED
2026-08-25 22:00:00,BLR_ST05,Whitefield Export Promotion Industrial Park,12.9815,77.7289,104.2,213.7,54.0,10.9,1.78,35.9,21.9,248,Poor,PM2.5,DEMO,SIMULATED
2026-08-25 22:00:00,BLR_ST06,Indiranagar 100ft Road,12.9784,77.6408,67.1,133.0,39.1,7.1,1.18,37.0,16.1,124,Moderate,PM2.5,DEMO,SIMULATED
2026-08-25 22:00:00,BLR_ST07,Jayanagar 4th Block,12.9299,77.5826,56.6,112.6,31.7,5.8,1.04,39.5,13.6,109,Moderate,PM10,DEMO,SIMULATED
2026-08-25 22:00:00,BLR_ST08,City Railway Station / Majestic,12.9778,77.5713,116.3,228.1,67.0,12.9,2.32,26.2,25.7,288,Poor,PM2.5,DEMO,SIMULATED
2026-08-25 22:00:00,BLR_ST09,Saneguruvanahalli (Basaveshwaranagar),12.9912,77.5456,65.7,130.5,35.3,6.7,1.09,37.4,15.9,121,Moderate,PM10,DEMO,SIMULATED
2026-08-25 22:00:00,BLR_ST10,BWSSB Kadabeesanahalli (Outer Ring Road),12.9352,77.6894,107.8,213.5,58.7,10.0,1.98,27.7,22.0,260,Poor,PM2.5,DEMO,SIMULATED
2026-08-25 22:00:00,BLR_ST11,Hombegowda Nagar (Lalbagh Vicinity),12.9388,77.5936,52.8,103.0,28.9,5.2,0.92,42.8,12.3,103,Moderate,PM10,DEMO,SIMULATED
2026-08-25 22:00:00,BLR_ST12,Yelahanka New Town,13.1007,77.5963,68.9,135.6,37.4,6.5,1.2,43.4,16.3,130,Moderate,PM2.5,DEMO,SIMULATED
2026-08-25 22:00:00,BLR_ST13,Electronic City Phase 1,12.8452,77.6602,91.1,181.3,47.8,8.9,1.5,35.6,18.8,205,Poor,PM2.5,DEMO,SIMULATED
2026-08-25 22:00:00,BLR_ST14,Mysore Road / Nayandahalli,12.9463,77.5255,115.8,232.4,63.7,11.8,2.07,32.2,23.6,286,Poor,PM2.5,DEMO,SIMULATED
2026-08-25 23:00:00,BLR_ST01,Silk Board Junction,12.9176,77.6238,112.3,213.2,57.4,11.6,1.99,28.7,24.3,275,Poor,PM2.5,DEMO,SIMULATED
2026-08-25 23:00:00,BLR_ST02,BTM Layout CAAQMS,12.9135,77.6101,67.0,133.1,36.0,7.6,1.12,31.1,17.7,124,Moderate,PM2.5,DEMO,SIMULATED
2026-08-25 23:00:00,BLR_ST03,Peenya Industrial Area,13.0285,77.5197,137.0,275.5,74.2,24.6,2.57,26.5,41.8,314,Very Poor,PM2.5,DEMO,SIMULATED
2026-08-25 23:00:00,BLR_ST04,Hebbal CAAQMS,13.0358,77.597,100.3,203.1,55.2,10.5,1.84,33.1,22.4,235,Poor,PM2.5,DEMO,SIMULATED
2026-08-25 23:00:00,BLR_ST05,Whitefield Export Promotion Industrial Park,12.9815,77.7289,94.8,194.3,49.1,11.2,1.62,36.6,22.3,217,Poor,PM2.5,DEMO,SIMULATED
2026-08-25 23:00:00,BLR_ST06,Indiranagar 100ft Road,12.9784,77.6408,68.4,135.5,39.8,8.1,1.2,42.3,18.4,129,Moderate,PM2.5,DEMO,SIMULATED
2026-08-25 23:00:00,BLR_ST07,Jayanagar 4th Block,12.9299,77.5826,57.5,114.5,32.3,6.6,1.05,45.0,15.5,111,Moderate,PM10,DEMO,SIMULATED
2026-08-25 23:00:00,BLR_ST08,City Railway Station / Majestic,12.9778,77.5713,97.8,191.7,56.3,12.1,1.95,24.7,24.3,227,Poor,PM2.5,DEMO,SIMULATED
2026-08-25 23:00:00,BLR_ST09,Saneguruvanahalli (Basaveshwaranagar),12.9912,77.5456,59.3,117.8,31.9,6.8,0.98,37.9,16.2,113,Moderate,PM10,DEMO,SIMULATED
2026-08-25 23:00:00,BLR_ST10,BWSSB Kadabeesanahalli (Outer Ring Road),12.9352,77.6894,94.8,187.8,51.6,9.9,1.74,27.3,21.7,217,Poor,PM2.5,DEMO,SIMULATED
2026-08-25 23:00:00,BLR_ST11,Hombegowda Nagar (Lalbagh Vicinity),12.9388,77.5936,48.6,94.7,26.5,5.4,0.84,44.1,12.7,95,Satisfactory,PM10,DEMO,SIMULATED
2026-08-25 23:00:00,BLR_ST12,Yelahanka New Town,13.1007,77.5963,51.6,101.6,28.1,5.5,0.9,36.5,13.7,102,Moderate,PM10,DEMO,SIMULATED
2026-08-25 23:00:00,BLR_ST13,Electronic City Phase 1,12.8452,77.6602,80.1,159.6,42.0,8.8,1.32,35.1,18.5,167,Moderate,PM2.5,DEMO,SIMULATED
2026-08-25 23:00:00,BLR_ST14,Mysore Road / Nayandahalli,12.9463,77.5255,105.6,212.0,58.1,12.1,1.89,32.9,24.1,252,Poor,PM2.5,DEMO,SIMULATED
2026-08-26 00:00:00,BLR_ST01,Silk Board Junction,12.9176,77.6238,86.0,163.4,44.0,11.0,1.52,27.1,23.0,187,Moderate,PM2.5,DEMO,SIMULATED
2026-08-26 00:00:00,BLR_ST02,BTM Layout CAAQMS,12.9135,77.6101,63.2,125.6,33.9,8.9,1.06,36.1,20.6,118,Moderate,PM10,DEMO,SIMULATED
2026-08-26 00:00:00,BLR_ST03,Peenya Industrial Area,13.0285,77.5197,100.3,201.6,54.3,22.2,1.88,23.9,37.7,235,Poor,PM2.5,DEMO,SIMULATED
2026-08-26 00:00:00,BLR_ST04,Hebbal CAAQMS,13.0358,77.597,75.2,152.2,41.4,9.6,1.38,30.5,20.7,151,Moderate,PM2.5,DEMO,SIMULATED
2026-08-26 00:00:00,BLR_ST05,Whitefield Export Promotion Industrial Park,12.9815,77.7289,76.8,157.5,39.8,11.1,1.31,36.6,22.3,156,Moderate,PM2.5,DEMO,SIMULATED
2026-08-26 00:00:00,BLR_ST06,Indiranagar 100ft Road,12.9784,77.6408,56.2,111.5,32.8,8.2,0.99,42.9,18.7,109,Moderate,PM10,DEMO,SIMULATED
2026-08-26 00:00:00,BLR_ST07,Jayanagar 4th Block,12.9299,77.5826,44.2,87.9,24.8,6.3,0.81,42.6,14.7,88,Satisfactory,PM10,DEMO,SIMULATED
2026-08-26 00:00:00,BLR_ST08,City Railway Station / Majestic,12.9778,77.5713,88.8,174.2,51.1,13.6,1.77,27.7,27.1,196,Moderate,PM2.5,DEMO,SIMULATED
2026-08-26 00:00:00,BLR_ST09,Saneguruvanahalli (Basaveshwaranagar),12.9912,77.5456,45.0,89.4,24.2,6.3,0.74,35.4,15.1,90,Satisfactory,PM10,DEMO,SIMULATED
2026-08-26 00:00:00,BLR_ST10,BWSSB Kadabeesanahalli (Outer Ring Road),12.9352,77.6894,78.3,155.2,42.7,10.1,1.44,27.8,22.1,161,Moderate,PM2.5,DEMO,SIMULATED
2026-08-26 00:00:00,BLR_ST11,Hombegowda Nagar (Lalbagh Vicinity),12.9388,77.5936,44.0,85.8,24.1,6.0,0.77,49.2,14.2,86,Satisfactory,PM10,DEMO,SIMULATED
2026-08-26 00:00:00,BLR_ST12,Yelahanka New Town,13.1007,77.5963,46.7,92.0,25.4,6.1,0.81,40.6,15.2,92,Satisfactory,PM10,DEMO,SIMULATED
2026-08-26 00:00:00,BLR_ST13,Electronic City Phase 1,12.8452,77.6602,67.3,133.9,35.3,9.1,1.11,36.3,19.2,125,Moderate,PM2.5,DEMO,SIMULATED
2026-08-26 00:00:00,BLR_ST14,Mysore Road / Nayandahalli,12.9463,77.5255,82.1,164.8,45.1,11.5,1.47,31.5,23.1,174,Moderate,PM2.5,DEMO,SIMULATED
2026-08-26 01:00:00,BLR_ST01,Silk Board Junction,12.9176,77.6238,82.3,156.3,42.1,10.5,1.46,25.9,22.0,175,Moderate,PM2.5,DEMO,SIMULATED
2026-08-26 01:00:00,BLR_ST02,BTM Layout CAAQMS,12.9135,77.6101,60.8,120.8,32.6,8.5,1.02,34.8,19.8,115,Moderate,PM10,DEMO,SIMULATED
2026-08-26 01:00:00,BLR_ST03,Peenya Industrial Area,13.0285,77.5197,101.3,203.6,54.8,22.4,1.9,24.1,38.0,238,Poor,PM2.5,DEMO,SIMULATED
2026-08-26 01:00:00,BLR_ST04,Hebbal CAAQMS,13.0358,77.597,81.7,165.5,45.0,10.5,1.5,33.2,22.5,173,Moderate,PM2.5,DEMO,SIMULATED
2026-08-26 01:00:00,BLR_ST05,Whitefield Export Promotion Industrial Park,12.9815,77.7289,65.6,134.4,34.0,9.5,1.12,31.2,19.0,124,Moderate,PM10,DEMO,SIMULATED
2026-08-26 01:00:00,BLR_ST06,Indiranagar 100ft Road,12.9784,77.6408,55.9,110.8,32.5,8.2,0.98,42.6,18.6,108,Moderate,PM10,DEMO,SIMULATED
2026-08-26 01:00:00,BLR_ST07,Jayanagar 4th Block,12.9299,77.5826,40.0,79.6,22.4,5.7,0.73,38.6,13.3,80,Satisfactory,PM10,DEMO,SIMULATED
2026-08-26 01:00:00,BLR_ST08,City Railway Station / Majestic,12.9778,77.5713,79.8,156.4,45.9,12.2,1.59,24.8,24.4,166,Moderate,PM2.5,DEMO,SIMULATED
2026-08-26 01:00:00,BLR_ST09,Saneguruvanahalli (Basaveshwaranagar),12.9912,77.5456,49.2,97.8,26.5,6.9,0.82,38.7,16.5,98,Satisfactory,PM10,DEMO,SIMULATED
2026-08-26 01:00:00,BLR_ST10,BWSSB Kadabeesanahalli (Outer Ring Road),12.9352,77.6894,84.5,167.5,46.1,10.9,1.55,30.0,23.8,182,Moderate,PM2.5,DEMO,SIMULATED
2026-08-26 01:00:00,BLR_ST11,Hombegowda Nagar (Lalbagh Vicinity),12.9388,77.5936,38.1,74.3,20.8,5.2,0.66,42.6,12.3,75,Satisfactory,PM10,DEMO,SIMULATED
2026-08-26 01:00:00,BLR_ST12,Yelahanka New Town,13.1007,77.5963,42.5,83.7,23.1,5.5,0.74,37.0,13.9,84,Satisfactory,PM10,DEMO,SIMULATED
2026-08-26 01:00:00,BLR_ST13,Electronic City Phase 1,12.8452,77.6602,71.9,143.2,37.7,9.7,1.19,38.8,20.5,140,Moderate,PM2.5,DEMO,SIMULATED
2026-08-26 01:00:00,BLR_ST14,Mysore Road / Nayandahalli,12.9463,77.5255,74.2,149.0,40.8,10.4,1.33,28.5,20.9,148,Moderate,PM2.5,DEMO,SIMULATED
2026-08-26 02:00:00,BLR_ST01,Silk Board Junction,12.9176,77.6238,92.0,174.7,47.1,11.7,1.63,28.9,24.6,208,Poor,PM2.5,DEMO,SIMULATED
2026-08-26 02:00:00,BLR_ST02,BTM Layout CAAQMS,12.9135,77.6101,61.2,121.7,32.9,8.6,1.02,35.0,20.0,115,Moderate,PM10,DEMO,SIMULATED
2026-08-26 02:00:00,BLR_ST03,Peenya Industrial Area,13.0285,77.5197,99.6,200.2,53.9,22.0,1.87,23.7,37.4,233,Poor,PM2.5,DEMO,SIMULATED
2026-08-26 02:00:00,BLR_ST04,Hebbal CAAQMS,13.0358,77.597,77.6,157.1,42.7,10.0,1.42,31.5,21.4,159,Moderate,PM2.5,DEMO,SIMULATED
2026-08-26 02:00:00,BLR_ST05,Whitefield Export Promotion Industrial Park,12.9815,77.7289,70.7,145.0,36.7,10.2,1.21,33.7,20.5,136,Moderate,PM2.5,DEMO,SIMULATED
2026-08-26 02:00:00,BLR_ST06,Indiranagar 100ft Road,12.9784,77.6408,55.6,110.3,32.4,8.2,0.98,42.4,18.5,108,Moderate,PM10,DEMO,SIMULATED
2026-08-26 02:00:00,BLR_ST07,Jayanagar 4th Block,12.9299,77.5826,41.1,81.8,23.1,5.8,0.75,39.6,13.6,82,Satisfactory,PM10,DEMO,SIMULATED
2026-08-26 02:00:00,BLR_ST08,City Railway Station / Majestic,12.9778,77.5713,88.8,174.1,51.1,13.6,1.77,27.6,27.1,196,Moderate,PM2.5,DEMO,SIMULATED
2026-08-26 02:00:00,BLR_ST09,Saneguruvanahalli (Basaveshwaranagar),12.9912,77.5456,45.8,91.0,24.6,6.4,0.76,36.0,15.4,91,Satisfactory,PM10,DEMO,SIMULATED
2026-08-26 02:00:00,BLR_ST10,BWSSB Kadabeesanahalli (Outer Ring Road),12.9352,77.6894,79.9,158.4,43.6,10.3,1.47,28.4,22.5,167,Moderate,PM2.5,DEMO,SIMULATED
2026-08-26 02:00:00,BLR_ST11,Hombegowda Nagar (Lalbagh Vicinity),12.9388,77.5936,41.6,81.2,22.8,5.7,0.72,46.5,13.4,82,Satisfactory,PM10,DEMO,SIMULATED
2026-08-26 02:00:00,BLR_ST12,Yelahanka New Town,13.1007,77.5963,44.2,86.9,24.0,5.8,0.77,38.4,14.4,87,Satisfactory,PM10,DEMO,SIMULATED
2026-08-26 02:00:00,BLR_ST13,Electronic City Phase 1,12.8452,77.6602,64.2,127.9,33.7,8.7,1.06,34.7,18.3,119,Moderate,PM10,DEMO,SIMULATED
2026-08-26 02:00:00,BLR_ST14,Mysore Road / Nayandahalli,12.9463,77.5255,82.1,164.9,45.2,11.6,1.47,31.5,23.1,174,Moderate,PM2.5,DEMO,SIMULATED
2026-08-26 03:00:00,BLR_ST01,Silk Board Junction,12.9176,77.6238,82.6,156.8,42.3,10.5,1.46,26.0,22.0,176,Moderate,PM2.5,DEMO,SIMULATED
2026-08-26 03:00:00,BLR_ST02,BTM Layout CAAQMS,12.9135,77.6101,59.3,117.9,31.8,8.3,0.99,33.9,19.3,113,Moderate,PM10,DEMO,SIMULATED
2026-08-26 03:00:00,BLR_ST03,Peenya Industrial Area,13.0285,77.5197,111.3,223.8,60.3,24.6,2.09,26.5,41.8,271,Poor,PM2.5,DEMO,SIMULATED
2026-08-26 03:00:00,BLR_ST04,Hebbal CAAQMS,13.0358,77.597,84.0,169.9,46.2,10.8,1.54,34.1,23.1,180,Moderate,PM2.5,DEMO,SIMULATED
2026-08-26 03:00:00,BLR_ST05,Whitefield Export Promotion Industrial Park,12.9815,77.7289,64.4,132.0,33.4,9.3,1.1,30.6,18.7,122,Moderate,PM10,DEMO,SIMULATED
2026-08-26 03:00:00,BLR_ST06,Indiranagar 100ft Road,12.9784,77.6408,48.3,95.6,28.1,7.1,0.85,36.8,16.0,96,Satisfactory,PM10,DEMO,SIMULATED
2026-08-26 03:00:00,BLR_ST07,Jayanagar 4th Block,12.9299,77.5826,41.7,82.9,23.4,5.9,0.76,40.1,13.8,83,Satisfactory,PM10,DEMO,SIMULATED
2026-08-26 03:00:00,BLR_ST08,City Railway Station / Majestic,12.9778,77.5713,92.5,181.4,53.3,14.1,1.85,28.8,28.3,209,Poor,PM2.5,DEMO,SIMULATED
2026-08-26 03:00:00,BLR_ST09,Saneguruvanahalli (Basaveshwaranagar),12.9912,77.5456,52.0,103.3,28.0,7.3,0.86,40.9,17.4,103,Moderate,PM10,DEMO,SIMULATED
2026-08-26 03:00:00,BLR_ST10,BWSSB Kadabeesanahalli (Outer Ring Road),12.9352,77.6894,87.9,174.1,47.9,11.3,1.61,31.2,24.7,193,Moderate,PM2.5,DEMO,SIMULATED
2026-08-26 03:00:00,BLR_ST11,Hombegowda Nagar (Lalbagh Vicinity),12.9388,77.5936,39.2,76.5,21.4,5.4,0.68,43.8,12.7,77,Satisfactory,PM10,DEMO,SIMULATED
2026-08-26 03:00:00,BLR_ST12,Yelahanka New Town,13.1007,77.5963,42.9,84.4,23.3,5.6,0.75,37.3,14.0,85,Satisfactory,PM10,DEMO,SIMULATED
2026-08-26 03:00:00,BLR_ST13,Electronic City Phase 1,12.8452,77.6602,71.2,141.7,37.3,9.6,1.17,38.4,20.3,138,Moderate,PM2.5,DEMO,SIMULATED
2026-08-26 03:00:00,BLR_ST14,Mysore Road / Nayandahalli,12.9463,77.5255,81.4,163.4,44.8,11.4,1.46,31.2,22.9,172,Moderate,PM2.5,DEMO,SIMULATED
2026-08-26 04:00:00,BLR_ST01,Silk Board Junction,12.9176,77.6238,92.5,175.7,47.3,11.8,1.64,29.0,24.6,209,Poor,PM2.5,DEMO,SIMULATED
2026-08-26 04:00:00,BLR_ST02,BTM Layout CAAQMS,12.9135,77.6101,65.8,130.7,35.3,9.2,1.1,37.5,21.4,121,Moderate,PM10,DEMO,SIMULATED
2026-08-26 04:00:00,BLR_ST03,Peenya Industrial Area,13.0285,77.5197,104.6,210.2,56.6,23.1,1.96,24.8,39.2,249,Poor,PM2.5,DEMO,SIMULATED
2026-08-26 04:00:00,BLR_ST04,Hebbal CAAQMS,13.0358,77.597,69.0,139.7,38.0,8.8,1.27,27.9,18.9,131,Moderate,PM2.5,DEMO,SIMULATED
2026-08-26 04:00:00,BLR_ST05,Whitefield Export Promotion Industrial Park,12.9815,77.7289,75.0,153.8,38.9,10.8,1.28,35.6,21.7,150,Moderate,PM2.5,DEMO,SIMULATED
2026-08-26 04:00:00,BLR_ST06,Indiranagar 100ft Road,12.9784,77.6408,49.2,97.6,28.7,7.2,0.87,37.4,16.3,98,Satisfactory,PM10,DEMO,SIMULATED
2026-08-26 04:00:00,BLR_ST07,Jayanagar 4th Block,12.9299,77.5826,45.2,90.0,25.4,6.4,0.83,43.5,15.0,90,Satisfactory,PM10,DEMO,SIMULATED
2026-08-26 04:00:00,BLR_ST08,City Railway Station / Majestic,12.9778,77.5713,92.8,182.0,53.4,14.1,1.85,28.8,28.3,210,Poor,PM2.5,DEMO,SIMULATED
2026-08-26 04:00:00,BLR_ST09,Saneguruvanahalli (Basaveshwaranagar),12.9912,77.5456,44.9,89.2,24.2,6.3,0.74,35.2,15.0,89,Satisfactory,PM10,DEMO,SIMULATED
2026-08-26 04:00:00,BLR_ST10,BWSSB Kadabeesanahalli (Outer Ring Road),12.9352,77.6894,75.5,149.7,41.2,9.7,1.39,26.8,21.2,152,Moderate,PM2.5,DEMO,SIMULATED
2026-08-26 04:00:00,BLR_ST11,Hombegowda Nagar (Lalbagh Vicinity),12.9388,77.5936,37.2,72.5,20.3,5.1,0.65,41.5,12.0,73,Satisfactory,PM10,DEMO,SIMULATED
2026-08-26 04:00:00,BLR_ST12,Yelahanka New Town,13.1007,77.5963,46.6,91.7,25.3,6.1,0.81,40.4,15.2,92,Satisfactory,PM10,DEMO,SIMULATED
2026-08-26 04:00:00,BLR_ST13,Electronic City Phase 1,12.8452,77.6602,63.8,127.1,33.5,8.6,1.05,34.4,18.1,119,Moderate,PM10,DEMO,SIMULATED
2026-08-26 04:00:00,BLR_ST14,Mysore Road / Nayandahalli,12.9463,77.5255,80.0,160.6,44.0,11.2,1.43,30.6,22.5,167,Moderate,PM2.5,DEMO,SIMULATED
2026-08-26 05:00:00,BLR_ST01,Silk Board Junction,12.9176,77.6238,95.5,181.5,48.9,12.0,1.69,29.6,25.1,219,Poor,PM2.5,DEMO,SIMULATED
2026-08-26 05:00:00,BLR_ST02,BTM Layout CAAQMS,12.9135,77.6101,57.1,113.4,30.6,7.9,0.95,32.2,18.3,110,Moderate,PM10,DEMO,SIMULATED
2026-08-26 05:00:00,BLR_ST03,Peenya Industrial Area,13.0285,77.5197,105.4,211.9,57.1,23.0,1.98,24.7,39.0,252,Poor,PM2.5,DEMO,SIMULATED
2026-08-26 05:00:00,BLR_ST04,Hebbal CAAQMS,13.0358,77.597,73.8,149.4,40.6,9.3,1.35,29.5,20.0,147,Moderate,PM2.5,DEMO,SIMULATED
2026-08-26 05:00:00,BLR_ST05,Whitefield Export Promotion Industrial Park,12.9815,77.7289,71.2,146.0,36.9,10.2,1.21,33.4,20.4,138,Moderate,PM2.5,DEMO,SIMULATED
2026-08-26 05:00:00,BLR_ST06,Indiranagar 100ft Road,12.9784,77.6408,56.1,111.2,32.7,8.1,0.99,42.2,18.4,108,Moderate,PM10,DEMO,SIMULATED
2026-08-26 05:00:00,BLR_ST07,Jayanagar 4th Block,12.9299,77.5826,47.4,94.3,26.6,6.6,0.87,45.0,15.5,94,Satisfactory,PM10,DEMO,SIMULATED
2026-08-26 05:00:00,BLR_ST08,City Railway Station / Majestic,12.9778,77.5713,79.3,155.5,45.6,11.9,1.58,24.3,23.9,165,Moderate,PM2.5,DEMO,SIMULATED
2026-08-26 05:00:00,BLR_ST09,Saneguruvanahalli (Basaveshwaranagar),12.9912,77.5456,48.2,95.9,26.0,6.7,0.8,37.4,16.0,96,Satisfactory,PM10,DEMO,SIMULATED
2026-08-26 05:00:00,BLR_ST10,BWSSB Kadabeesanahalli (Outer Ring Road),12.9352,77.6894,79.1,156.8,43.1,10.0,1.45,27.7,22.0,164,Moderate,PM2.5,DEMO,SIMULATED
2026-08-26 05:00:00,BLR_ST11,Hombegowda Nagar (Lalbagh Vicinity),12.9388,77.5936,36.8,71.7,20.1,5.0,0.64,40.5,11.7,72,Satisfactory,PM10,DEMO,SIMULATED
2026-08-26 05:00:00,BLR_ST12,Yelahanka New Town,13.1007,77.5963,49.2,96.8,26.7,6.3,0.86,42.2,15.8,97,Satisfactory,PM10,DEMO,SIMULATED
2026-08-26 05:00:00,BLR_ST13,Electronic City Phase 1,12.8452,77.6602,69.5,138.4,36.5,9.2,1.15,37.0,19.5,132,Moderate,PM2.5,DEMO,SIMULATED
2026-08-26 05:00:00,BLR_ST14,Mysore Road / Nayandahalli,12.9463,77.5255,75.5,151.6,41.5,10.5,1.35,28.6,21.0,152,Moderate,PM2.5,DEMO,SIMULATED
2026-08-26 06:00:00,BLR_ST01,Silk Board Junction,12.9176,77.6238,78.3,148.8,51.2,12.1,1.77,29.8,25.3,161,Moderate,PM2.5,DEMO,SIMULATED
2026-08-26 06:00:00,BLR_ST02,BTM Layout CAAQMS,12.9135,77.6101,50.0,99.4,34.3,8.5,1.07,34.6,19.7,99,Satisfactory,PM10,DEMO,SIMULATED
2026-08-26 06:00:00,BLR_ST03,Peenya Industrial Area,13.0285,77.5197,82.6,166.0,57.1,22.1,1.98,23.8,37.5,176,Moderate,PM2.5,DEMO,SIMULATED
2026-08-26 06:00:00,BLR_ST04,Hebbal CAAQMS,13.0358,77.597,57.0,115.4,40.1,8.8,1.34,28.0,18.9,111,Moderate,PM10,DEMO,SIMULATED
2026-08-26 06:00:00,BLR_ST05,Whitefield Export Promotion Industrial Park,12.9815,77.7289,53.3,109.3,35.3,9.3,1.16,30.7,18.7,107,Moderate,PM10,DEMO,SIMULATED
2026-08-26 06:00:00,BLR_ST06,Indiranagar 100ft Road,12.9784,77.6408,45.6,90.4,33.9,8.1,1.03,42.0,18.3,91,Satisfactory,PM10,DEMO,SIMULATED
2026-08-26 06:00:00,BLR_ST07,Jayanagar 4th Block,12.9299,77.5826,39.1,77.8,28.0,6.7,0.91,45.5,15.7,78,Satisfactory,PM10,DEMO,SIMULATED
2026-08-26 06:00:00,BLR_ST08,City Railway Station / Majestic,12.9778,77.5713,71.1,139.4,52.3,13.1,1.81,26.7,26.2,138,Moderate,PM2.5,DEMO,SIMULATED
2026-08-26 06:00:00,BLR_ST09,Saneguruvanahalli (Basaveshwaranagar),12.9912,77.5456,42.7,84.8,29.3,7.3,0.9,40.6,17.3,85,Satisfactory,PM10,DEMO,SIMULATED
2026-08-26 06:00:00,BLR_ST10,BWSSB Kadabeesanahalli (Outer Ring Road),12.9352,77.6894,68.7,136.2,47.9,10.7,1.61,29.5,23.4,130,Moderate,PM2.5,DEMO,SIMULATED
2026-08-26 06:00:00,BLR_ST11,Hombegowda Nagar (Lalbagh Vicinity),12.9388,77.5936,31.0,60.4,21.6,5.1,0.69,41.8,12.1,61,Satisfactory,PM10,DEMO,SIMULATED
2026-08-26 06:00:00,BLR_ST12,Yelahanka New Town,13.1007,77.5963,35.2,69.4,24.5,5.6,0.78,37.0,13.9,70,Satisfactory,PM10,DEMO,SIMULATED
2026-08-26 06:00:00,BLR_ST13,Electronic City Phase 1,12.8452,77.6602,53.1,105.7,35.6,8.7,1.12,34.6,18.3,105,Moderate,PM10,DEMO,SIMULATED
2026-08-26 06:00:00,BLR_ST14,Mysore Road / Nayandahalli,12.9463,77.5255,69.9,140.3,49.1,11.9,1.6,32.4,23.8,134,Moderate,PM2.5,DEMO,SIMULATED
2026-08-26 07:00:00,BLR_ST01,Silk Board Junction,12.9176,77.6238,86.6,164.5,56.6,12.2,1.96,30.1,25.5,189,Moderate,PM2.5,DEMO,SIMULATED
2026-08-26 07:00:00,BLR_ST02,BTM Layout CAAQMS,12.9135,77.6101,58.1,115.4,39.8,9.0,1.24,36.7,20.9,111,Moderate,PM10,DEMO,SIMULATED
2026-08-26 07:00:00,BLR_ST03,Peenya Industrial Area,13.0285,77.5197,99.0,199.0,68.5,24.2,2.37,26.1,41.0,231,Poor,PM2.5,DEMO,SIMULATED
2026-08-26 07:00:00,BLR_ST04,Hebbal CAAQMS,13.0358,77.597,65.1,131.9,45.8,9.2,1.53,29.3,19.8,122,Moderate,PM10,DEMO,SIMULATED
2026-08-26 07:00:00,BLR_ST05,Whitefield Export Promotion Industrial Park,12.9815,77.7289,60.5,124.1,40.1,9.7,1.32,31.9,19.4,117,Moderate,PM10,DEMO,SIMULATED
2026-08-26 07:00:00,BLR_ST06,Indiranagar 100ft Road,12.9784,77.6408,42.7,84.6,31.7,6.9,0.96,36.0,15.6,85,Satisfactory,PM10,DEMO,SIMULATED
2026-08-26 07:00:00,BLR_ST07,Jayanagar 4th Block,12.9299,77.5826,41.8,83.2,29.9,6.5,0.98,44.5,15.3,84,Satisfactory,PM10,DEMO,SIMULATED
2026-08-26 07:00:00,BLR_ST08,City Railway Station / Majestic,12.9778,77.5713,83.0,162.7,61.1,14.0,2.12,28.6,28.0,177,Moderate,PM2.5,DEMO,SIMULATED
2026-08-26 07:00:00,BLR_ST09,Saneguruvanahalli (Basaveshwaranagar),12.9912,77.5456,42.9,85.3,29.5,6.7,0.91,37.4,15.9,86,Satisfactory,PM10,DEMO,SIMULATED
2026-08-26 07:00:00,BLR_ST10,BWSSB Kadabeesanahalli (Outer Ring Road),12.9352,77.6894,75.7,150.1,52.7,10.8,1.78,29.8,23.6,153,Moderate,PM2.5,DEMO,SIMULATED
2026-08-26 07:00:00,BLR_ST11,Hombegowda Nagar (Lalbagh Vicinity),12.9388,77.5936,33.9,66.2,23.7,5.1,0.75,42.0,12.1,67,Satisfactory,PM10,DEMO,SIMULATED
2026-08-26 07:00:00,BLR_ST12,Yelahanka New Town,13.1007,77.5963,45.2,89.1,31.4,6.5,1.01,43.5,16.3,89,Satisfactory,PM10,DEMO,SIMULATED
2026-08-26 07:00:00,BLR_ST13,Electronic City Phase 1,12.8452,77.6602,64.8,129.1,43.5,9.7,1.37,38.7,20.4,120,Moderate,PM10,DEMO,SIMULATED
2026-08-26 07:00:00,BLR_ST14,Mysore Road / Nayandahalli,12.9463,77.5255,77.6,155.7,54.5,12.0,1.77,32.9,24.1,159,Moderate,PM2.5,DEMO,SIMULATED
2026-08-26 08:00:00,BLR_ST01,Silk Board Junction,12.9176,77.6238,96.5,183.4,63.1,12.2,2.19,30.4,25.6,222,Poor,PM2.5,DEMO,SIMULATED
2026-08-26 08:00:00,BLR_ST02,BTM Layout CAAQMS,12.9135,77.6101,64.8,128.8,44.4,9.0,1.38,37.1,21.0,120,Moderate,PM10,DEMO,SIMULATED
2026-08-26 08:00:00,BLR_ST03,Peenya Industrial Area,13.0285,77.5197,92.2,185.4,63.8,20.3,2.21,22.0,34.4,208,Poor,PM2.5,DEMO,SIMULATED
2026-08-26 08:00:00,BLR_ST04,Hebbal CAAQMS,13.0358,77.597,80.5,163.0,56.6,10.3,1.89,32.8,22.0,169,Moderate,PM2.5,DEMO,SIMULATED
2026-08-26 08:00:00,BLR_ST05,Whitefield Export Promotion Industrial Park,12.9815,77.7289,68.5,140.4,45.4,9.9,1.49,32.7,19.7,129,Moderate,PM2.5,DEMO,SIMULATED
2026-08-26 08:00:00,BLR_ST06,Indiranagar 100ft Road,12.9784,77.6408,56.0,110.9,41.6,8.1,1.26,42.7,18.5,108,Moderate,PM10,DEMO,SIMULATED
2026-08-26 08:00:00,BLR_ST07,Jayanagar 4th Block,12.9299,77.5826,46.7,92.8,33.4,6.6,1.09,45.0,15.4,93,Satisfactory,PM10,DEMO,SIMULATED
2026-08-26 08:00:00,BLR_ST08,City Railway Station / Majestic,12.9778,77.5713,91.9,180.3,67.6,13.9,2.35,28.7,27.9,207,Poor,PM2.5,DEMO,SIMULATED
2026-08-26 08:00:00,BLR_ST09,Saneguruvanahalli (Basaveshwaranagar),12.9912,77.5456,51.7,102.7,35.5,7.2,1.09,40.7,17.2,103,Moderate,PM10,DEMO,SIMULATED
2026-08-26 08:00:00,BLR_ST10,BWSSB Kadabeesanahalli (Outer Ring Road),12.9352,77.6894,78.4,155.3,54.6,10.0,1.84,27.9,21.9,162,Moderate,PM2.5,DEMO,SIMULATED
2026-08-26 08:00:00,BLR_ST11,Hombegowda Nagar (Lalbagh Vicinity),12.9388,77.5936,42.9,83.6,29.9,5.8,0.95,48.0,13.7,84,Satisfactory,PM10,DEMO,SIMULATED
2026-08-26 08:00:00,BLR_ST12,Yelahanka New Town,13.1007,77.5963,42.7,84.0,29.6,5.5,0.95,37.2,13.8,84,Satisfactory,PM10,DEMO,SIMULATED
2026-08-26 08:00:00,BLR_ST13,Electronic City Phase 1,12.8452,77.6602,72.2,143.7,48.4,9.7,1.52,39.0,20.4,141,Moderate,PM2.5,DEMO,SIMULATED
2026-08-26 08:00:00,BLR_ST14,Mysore Road / Nayandahalli,12.9463,77.5255,84.4,169.4,59.3,11.8,1.93,32.4,23.6,182,Moderate,PM2.5,DEMO,SIMULATED
2026-08-26 09:00:00,BLR_ST01,Silk Board Junction,12.9176,77.6238,90.1,171.1,58.9,10.9,2.04,27.8,22.8,201,Poor,PM2.5,DEMO,SIMULATED
2026-08-26 09:00:00,BLR_ST02,BTM Layout CAAQMS,12.9135,77.6101,67.2,133.5,46.1,8.9,1.44,37.6,20.7,125,Moderate,PM2.5,DEMO,SIMULATED
2026-08-26 09:00:00,BLR_ST03,Peenya Industrial Area,13.0285,77.5197,106.1,213.3,73.4,22.2,2.54,24.7,37.7,254,Poor,PM2.5,DEMO,SIMULATED
2026-08-26 09:00:00,BLR_ST04,Hebbal CAAQMS,13.0358,77.597,77.5,156.9,54.5,9.4,1.82,30.8,20.2,159,Moderate,PM2.5,DEMO,SIMULATED
2026-08-26 09:00:00,BLR_ST05,Whitefield Export Promotion Industrial Park,12.9815,77.7289,78.8,161.5,52.2,10.8,1.72,36.7,21.6,163,Moderate,PM2.5,DEMO,SIMULATED
2026-08-26 09:00:00,BLR_ST06,Indiranagar 100ft Road,12.9784,77.6408,51.1,101.3,38.0,7.1,1.15,38.2,16.1,102,Moderate,PM10,DEMO,SIMULATED
2026-08-26 09:00:00,BLR_ST07,Jayanagar 4th Block,12.9299,77.5826,41.8,83.1,29.9,5.6,0.98,39.4,13.1,83,Satisfactory,PM10,DEMO,SIMULATED
2026-08-26 09:00:00,BLR_ST08,City Railway Station / Majestic,12.9778,77.5713,84.4,165.5,62.1,12.2,2.15,25.7,24.4,182,Moderate,PM2.5,DEMO,SIMULATED
2026-08-26 09:00:00,BLR_ST09,Saneguruvanahalli (Basaveshwaranagar),12.9912,77.5456,49.3,97.9,33.9,6.6,1.04,38.0,15.6,98,Satisfactory,PM10,DEMO,SIMULATED
2026-08-26 09:00:00,BLR_ST10,BWSSB Kadabeesanahalli (Outer Ring Road),12.9352,77.6894,92.6,183.4,64.5,11.3,2.17,32.2,24.7,210,Poor,PM2.5,DEMO,SIMULATED
2026-08-26 09:00:00,BLR_ST11,Hombegowda Nagar (Lalbagh Vicinity),12.9388,77.5936,46.5,90.7,32.5,6.0,1.03,50.9,14.2,91,Satisfactory,PM10,DEMO,SIMULATED
2026-08-26 09:00:00,BLR_ST12,Yelahanka New Town,13.1007,77.5963,46.5,91.5,32.3,5.7,1.03,39.6,14.3,92,Satisfactory,PM10,DEMO,SIMULATED
2026-08-26 09:00:00,BLR_ST13,Electronic City Phase 1,12.8452,77.6602,72.5,144.3,48.6,9.3,1.53,38.3,19.5,142,Moderate,PM2.5,DEMO,SIMULATED
2026-08-26 09:00:00,BLR_ST14,Mysore Road / Nayandahalli,12.9463,77.5255,81.0,162.5,56.9,10.8,1.85,30.4,21.6,170,Moderate,PM2.5,DEMO,SIMULATED
2026-08-26 10:00:00,BLR_ST01,Silk Board Junction,12.9176,77.6238,99.6,189.3,65.2,12.6,2.26,34.5,26.4,233,Poor,PM2.5,DEMO,SIMULATED
2026-08-26 10:00:00,BLR_ST02,BTM Layout CAAQMS,12.9135,77.6101,60.6,120.5,41.6,8.5,1.3,38.2,19.6,115,Moderate,PM10,DEMO,SIMULATED
2026-08-26 10:00:00,BLR_ST03,Peenya Industrial Area,13.0285,77.5197,110.8,222.9,76.7,24.4,2.66,29.1,41.3,270,Poor,PM2.5,DEMO,SIMULATED
2026-08-26 10:00:00,BLR_ST04,Hebbal CAAQMS,13.0358,77.597,71.0,143.6,49.9,9.0,1.66,31.7,19.4,137,Moderate,PM2.5,DEMO,SIMULATED
2026-08-26 10:00:00,BLR_ST05,Whitefield Export Promotion Industrial Park,12.9815,77.7289,77.5,159.0,51.4,11.2,1.69,40.6,22.3,159,Moderate,PM2.5,DEMO,SIMULATED
2026-08-26 10:00:00,BLR_ST06,Indiranagar 100ft Road,12.9784,77.6408,48.2,95.6,35.9,7.0,1.08,40.4,15.9,96,Satisfactory,PM10,DEMO,SIMULATED
2026-08-26 10:00:00,BLR_ST07,Jayanagar 4th Block,12.9299,77.5826,48.1,95.6,34.4,6.8,1.12,51.0,15.8,96,Satisfactory,PM10,DEMO,SIMULATED
2026-08-26 10:00:00,BLR_ST08,City Railway Station / Majestic,12.9778,77.5713,81.7,160.1,60.1,12.4,2.08,28.0,24.8,173,Moderate,PM2.5,DEMO,SIMULATED
2026-08-26 10:00:00,BLR_ST09,Saneguruvanahalli (Basaveshwaranagar),12.9912,77.5456,44.8,89.1,30.8,6.3,0.95,38.8,14.9,89,Satisfactory,PM10,DEMO,SIMULATED
2026-08-26 10:00:00,BLR_ST10,BWSSB Kadabeesanahalli (Outer Ring Road),12.9352,77.6894,81.1,160.8,56.5,10.4,1.9,31.7,22.7,171,Moderate,PM2.5,DEMO,SIMULATED
2026-08-26 10:00:00,BLR_ST11,Hombegowda Nagar (Lalbagh Vicinity),12.9388,77.5936,42.4,82.6,29.6,5.8,0.94,52.2,13.6,83,Satisfactory,PM10,DEMO,SIMULATED
2026-08-26 10:00:00,BLR_ST12,Yelahanka New Town,13.1007,77.5963,44.6,87.8,31.0,5.8,0.99,42.7,14.4,88,Satisfactory,PM10,DEMO,SIMULATED
2026-08-26 10:00:00,BLR_ST13,Electronic City Phase 1,12.8452,77.6602,68.6,136.6,46.0,9.2,1.45,40.7,19.4,129,Moderate,PM2.5,DEMO,SIMULATED
2026-08-26 10:00:00,BLR_ST14,Mysore Road / Nayandahalli,12.9463,77.5255,78.9,158.4,55.4,11.0,1.81,33.3,22.1,163,Moderate,PM2.5,DEMO,SIMULATED
2026-08-26 11:00:00,BLR_ST01,Silk Board Junction,12.9176,77.6238,79.9,151.7,52.2,11.2,1.81,35.0,23.5,167,Moderate,PM2.5,DEMO,SIMULATED
2026-08-26 11:00:00,BLR_ST02,BTM Layout CAAQMS,12.9135,77.6101,55.0,109.3,37.7,8.5,1.17,43.7,19.8,107,Moderate,PM10,DEMO,SIMULATED
2026-08-26 11:00:00,BLR_ST03,Peenya Industrial Area,13.0285,77.5197,87.2,175.2,60.3,21.3,2.09,28.9,36.1,191,Moderate,PM2.5,DEMO,SIMULATED
2026-08-26 11:00:00,BLR_ST04,Hebbal CAAQMS,13.0358,77.597,72.0,145.8,50.6,10.2,1.69,40.7,21.9,141,Moderate,PM2.5,DEMO,SIMULATED
2026-08-26 11:00:00,BLR_ST05,Whitefield Export Promotion Industrial Park,12.9815,77.7289,57.4,117.7,38.0,9.2,1.25,38.0,18.4,113,Moderate,PM10,DEMO,SIMULATED
2026-08-26 11:00:00,BLR_ST06,Indiranagar 100ft Road,12.9784,77.6408,50.3,99.7,37.4,8.1,1.13,53.3,18.4,100,Satisfactory,PM10,DEMO,SIMULATED
2026-08-26 11:00:00,BLR_ST07,Jayanagar 4th Block,12.9299,77.5826,39.9,79.3,28.6,6.2,0.93,53.4,14.6,80,Satisfactory,PM10,DEMO,SIMULATED
2026-08-26 11:00:00,BLR_ST08,City Railway Station / Majestic,12.9778,77.5713,80.5,157.8,59.2,13.6,2.05,34.8,27.1,169,Moderate,PM2.5,DEMO,SIMULATED
2026-08-26 11:00:00,BLR_ST09,Saneguruvanahalli (Basaveshwaranagar),12.9912,77.5456,45.9,91.1,31.5,7.1,0.97,50.2,17.0,91,Satisfactory,PM10,DEMO,SIMULATED
2026-08-26 11:00:00,BLR_ST10,BWSSB Kadabeesanahalli (Outer Ring Road),12.9352,77.6894,76.5,151.5,53.3,10.9,1.8,37.8,23.8,155,Moderate,PM2.5,DEMO,SIMULATED
2026-08-26 11:00:00,BLR_ST11,Hombegowda Nagar (Lalbagh Vicinity),12.9388,77.5936,35.5,69.2,24.8,5.4,0.79,55.1,12.6,70,Satisfactory,PM10,DEMO,SIMULATED
2026-08-26 11:00:00,BLR_ST12,Yelahanka New Town,13.1007,77.5963,38.1,75.0,26.4,5.5,0.85,46.1,13.7,76,Satisfactory,PM10,DEMO,SIMULATED
2026-08-26 11:00:00,BLR_ST13,Electronic City Phase 1,12.8452,77.6602,62.4,124.2,41.8,9.3,1.31,46.8,19.6,117,Moderate,PM10,DEMO,SIMULATED
2026-08-26 11:00:00,BLR_ST14,Mysore Road / Nayandahalli,12.9463,77.5255,68.4,137.3,48.1,10.6,1.57,36.5,21.3,129,Moderate,PM2.5,DEMO,SIMULATED
2026-08-26 12:00:00,BLR_ST01,Silk Board Junction,12.9176,77.6238,72.0,136.7,47.1,11.1,1.63,40.6,23.2,141,Moderate,PM2.5,DEMO,SIMULATED
2026-08-26 12:00:00,BLR_ST02,BTM Layout CAAQMS,12.9135,77.6101,53.0,105.2,36.3,9.0,1.13,54.3,20.9,104,Moderate,PM10,DEMO,SIMULATED
2026-08-26 12:00:00,BLR_ST03,Peenya Industrial Area,13.0285,77.5197,87.5,175.8,60.5,23.4,2.1,37.4,39.7,192,Moderate,PM2.5,DEMO,SIMULATED
2026-08-26 12:00:00,BLR_ST04,Hebbal CAAQMS,13.0358,77.597,60.7,122.8,42.7,9.4,1.42,44.2,20.2,116,Moderate,PM10,DEMO,SIMULATED
2026-08-26 12:00:00,BLR_ST05,Whitefield Export Promotion Industrial Park,12.9815,77.7289,56.0,114.9,37.1,9.8,1.22,47.9,19.6,111,Moderate,PM10,DEMO,SIMULATED
2026-08-26 12:00:00,BLR_ST06,Indiranagar 100ft Road,12.9784,77.6408,41.6,82.4,30.9,7.4,0.93,56.9,16.7,83,Satisfactory,PM10,DEMO,SIMULATED
2026-08-26 12:00:00,BLR_ST07,Jayanagar 4th Block,12.9299,77.5826,35.5,70.6,25.4,6.1,0.83,61.3,14.2,71,Satisfactory,PM10,DEMO,SIMULATED
2026-08-26 12:00:00,BLR_ST08,City Railway Station / Majestic,12.9778,77.5713,67.6,132.5,49.7,12.5,1.72,37.7,24.9,126,Moderate,PM2.5,DEMO,SIMULATED
2026-08-26 12:00:00,BLR_ST09,Saneguruvanahalli (Basaveshwaranagar),12.9912,77.5456,37.0,73.5,25.5,6.3,0.78,52.2,15.0,74,Satisfactory,PM10,DEMO,SIMULATED
2026-08-26 12:00:00,BLR_ST10,BWSSB Kadabeesanahalli (Outer Ring Road),12.9352,77.6894,66.5,131.8,46.3,10.3,1.56,42.4,22.6,122,Moderate,PM2.5,DEMO,SIMULATED
2026-08-26 12:00:00,BLR_ST11,Hombegowda Nagar (Lalbagh Vicinity),12.9388,77.5936,36.3,70.7,25.3,6.0,0.81,72.7,14.1,73,Satisfactory,O3,DEMO,SIMULATED
2026-08-26 12:00:00,BLR_ST12,Yelahanka New Town,13.1007,77.5963,39.4,77.6,27.4,6.2,0.88,61.5,15.5,78,Satisfactory,PM10,DEMO,SIMULATED
2026-08-26 12:00:00,BLR_ST13,Electronic City Phase 1,12.8452,77.6602,59.7,118.8,40.0,9.7,1.26,57.8,20.5,113,Moderate,PM10,DEMO,SIMULATED
2026-08-26 12:00:00,BLR_ST14,Mysore Road / Nayandahalli,12.9463,77.5255,66.2,133.0,46.5,11.3,1.52,45.6,22.5,123,Moderate,PM10,DEMO,SIMULATED
2026-08-26 13:00:00,BLR_ST01,Silk Board Junction,12.9176,77.6238,68.8,130.7,45.0,11.0,1.56,46.5,23.1,130,Moderate,PM2.5,DEMO,SIMULATED
2026-08-26 13:00:00,BLR_ST02,BTM Layout CAAQMS,12.9135,77.6101,47.9,95.2,32.9,8.5,1.02,58.9,19.7,95,Satisfactory,PM10,DEMO,SIMULATED
2026-08-26 13:00:00,BLR_ST03,Peenya Industrial Area,13.0285,77.5197,72.3,145.4,50.0,20.2,1.73,37.0,34.2,142,Moderate,PM2.5,DEMO,SIMULATED
2026-08-26 13:00:00,BLR_ST04,Hebbal CAAQMS,13.0358,77.597,58.0,117.5,40.8,9.4,1.36,50.6,20.1,113,Moderate,PM10,DEMO,SIMULATED
2026-08-26 13:00:00,BLR_ST05,Whitefield Export Promotion Industrial Park,12.9815,77.7289,55.1,112.9,36.5,10.1,1.2,56.3,20.1,110,Moderate,PM10,DEMO,SIMULATED
2026-08-26 13:00:00,BLR_ST06,Indiranagar 100ft Road,12.9784,77.6408,41.3,81.8,30.7,7.6,0.93,67.6,17.3,82,Satisfactory,PM10,DEMO,SIMULATED
2026-08-26 13:00:00,BLR_ST07,Jayanagar 4th Block,12.9299,77.5826,35.8,71.1,25.6,6.4,0.84,74.0,14.9,75,Satisfactory,O3,DEMO,SIMULATED
2026-08-26 13:00:00,BLR_ST08,City Railway Station / Majestic,12.9778,77.5713,67.1,131.5,49.4,12.9,1.71,44.9,25.8,124,Moderate,PM2.5,DEMO,SIMULATED
2026-08-26 13:00:00,BLR_ST09,Saneguruvanahalli (Basaveshwaranagar),12.9912,77.5456,37.9,75.3,26.1,6.7,0.8,64.1,16.0,76,Satisfactory,PM10,DEMO,SIMULATED
2026-08-26 13:00:00,BLR_ST10,BWSSB Kadabeesanahalli (Outer Ring Road),12.9352,77.6894,61.1,121.1,42.6,9.9,1.43,46.6,21.7,115,Moderate,PM10,DEMO,SIMULATED
2026-08-26 13:00:00,BLR_ST11,Hombegowda Nagar (Lalbagh Vicinity),12.9388,77.5936,31.8,62.0,22.2,5.5,0.71,76.4,12.9,77,Satisfactory,O3,DEMO,SIMULATED
2026-08-26 13:00:00,BLR_ST12,Yelahanka New Town,13.1007,77.5963,39.4,77.7,27.4,6.5,0.88,73.7,16.2,78,Satisfactory,PM10,DEMO,SIMULATED
2026-08-26 13:00:00,BLR_ST13,Electronic City Phase 1,12.8452,77.6602,56.1,111.7,37.6,9.5,1.18,65.1,20.1,109,Moderate,PM10,DEMO,SIMULATED
2026-08-26 13:00:00,BLR_ST14,Mysore Road / Nayandahalli,12.9463,77.5255,58.0,116.4,40.7,10.3,1.33,47.8,20.5,112,Moderate,PM10,DEMO,SIMULATED
2026-08-26 14:00:00,BLR_ST01,Silk Board Junction,12.9176,77.6238,64.9,123.4,42.5,10.5,1.47,46.9,22.1,117,Moderate,PM2.5,DEMO,SIMULATED
2026-08-26 14:00:00,BLR_ST02,BTM Layout CAAQMS,12.9135,77.6101,47.1,93.5,32.3,8.4,1.01,61.8,19.6,94,Satisfactory,PM10,DEMO,SIMULATED
2026-08-26 14:00:00,BLR_ST03,Peenya Industrial Area,13.0285,77.5197,81.5,163.9,56.4,23.0,1.96,44.5,39.0,172,Moderate,PM2.5,DEMO,SIMULATED
2026-08-26 14:00:00,BLR_ST04,Hebbal CAAQMS,13.0358,77.597,57.9,117.3,40.7,9.5,1.36,54.0,20.3,112,Moderate,PM10,DEMO,SIMULATED
2026-08-26 14:00:00,BLR_ST05,Whitefield Export Promotion Industrial Park,12.9815,77.7289,58.7,120.4,38.9,10.8,1.28,64.1,21.7,114,Moderate,PM10,DEMO,SIMULATED
2026-08-26 14:00:00,BLR_ST06,Indiranagar 100ft Road,12.9784,77.6408,42.2,83.6,31.4,7.9,0.95,73.7,17.9,84,Satisfactory,PM10,DEMO,SIMULATED
2026-08-26 14:00:00,BLR_ST07,Jayanagar 4th Block,12.9299,77.5826,35.5,70.6,25.4,6.4,0.83,78.4,15.0,79,Satisfactory,O3,DEMO,SIMULATED
2026-08-26 14:00:00,BLR_ST08,City Railway Station / Majestic,12.9778,77.5713,63.1,123.7,46.4,12.3,1.61,45.1,24.6,117,Moderate,PM10,DEMO,SIMULATED
2026-08-26 14:00:00,BLR_ST09,Saneguruvanahalli (Basaveshwaranagar),12.9912,77.5456,35.6,70.8,24.5,6.4,0.75,64.3,15.2,71,Satisfactory,PM10,DEMO,SIMULATED
2026-08-26 14:00:00,BLR_ST10,BWSSB Kadabeesanahalli (Outer Ring Road),12.9352,77.6894,58.0,114.9,40.4,9.5,1.36,47.2,20.8,111,Moderate,PM10,DEMO,SIMULATED
2026-08-26 14:00:00,BLR_ST11,Hombegowda Nagar (Lalbagh Vicinity),12.9388,77.5936,30.0,58.4,20.9,5.2,0.67,76.9,12.3,77,Satisfactory,O3,DEMO,SIMULATED
2026-08-26 14:00:00,BLR_ST12,Yelahanka New Town,13.1007,77.5963,35.9,70.7,24.9,6.0,0.8,71.6,14.9,72,Satisfactory,O3,DEMO,SIMULATED
2026-08-26 14:00:00,BLR_ST13,Electronic City Phase 1,12.8452,77.6602,56.0,111.5,37.5,9.6,1.18,69.3,20.3,109,Moderate,PM10,DEMO,SIMULATED
2026-08-26 14:00:00,BLR_ST14,Mysore Road / Nayandahalli,12.9463,77.5255,56.1,112.6,39.4,10.1,1.28,49.4,20.1,109,Moderate,PM10,DEMO,SIMULATED
2026-08-26 15:00:00,BLR_ST01,Silk Board Junction,12.9176,77.6238,69.5,132.1,45.5,11.3,1.57,47.6,23.7,132,Moderate,PM2.5,DEMO,SIMULATED
2026-08-26 15:00:00,BLR_ST02,BTM Layout CAAQMS,12.9135,77.6101,48.1,95.5,33.0,8.6,1.03,59.9,20.0,96,Satisfactory,PM10,DEMO,SIMULATED
2026-08-26 15:00:00,BLR_ST03,Peenya Industrial Area,13.0285,77.5197,74.5,149.7,51.5,21.0,1.79,38.6,35.7,149,Moderate,PM2.5,DEMO,SIMULATED
2026-08-26 15:00:00,BLR_ST04,Hebbal CAAQMS,13.0358,77.597,62.2,125.9,43.7,10.2,1.46,55.0,21.8,118,Moderate,PM10,DEMO,SIMULATED
2026-08-26 15:00:00,BLR_ST05,Whitefield Export Promotion Industrial Park,12.9815,77.7289,55.1,113.0,36.5,10.2,1.2,57.1,20.4,110,Moderate,PM10,DEMO,SIMULATED
2026-08-26 15:00:00,BLR_ST06,Indiranagar 100ft Road,12.9784,77.6408,38.1,75.4,28.3,7.1,0.86,63.1,16.1,76,Satisfactory,PM10,DEMO,SIMULATED
2026-08-26 15:00:00,BLR_ST07,Jayanagar 4th Block,12.9299,77.5826,35.3,70.3,25.3,6.4,0.83,74.1,15.0,75,Satisfactory,O3,DEMO,SIMULATED
2026-08-26 15:00:00,BLR_ST08,City Railway Station / Majestic,12.9778,77.5713,60.1,117.8,44.2,11.7,1.53,40.7,23.4,113,Moderate,PM10,DEMO,SIMULATED
2026-08-26 15:00:00,BLR_ST09,Saneguruvanahalli (Basaveshwaranagar),12.9912,77.5456,39.8,79.0,27.3,7.1,0.84,68.1,17.0,79,Satisfactory,PM10,DEMO,SIMULATED
2026-08-26 15:00:00,BLR_ST10,BWSSB Kadabeesanahalli (Outer Ring Road),12.9352,77.6894,67.4,133.7,47.0,11.1,1.58,52.1,24.2,125,Moderate,PM2.5,DEMO,SIMULATED
2026-08-26 15:00:00,BLR_ST11,Hombegowda Nagar (Lalbagh Vicinity),12.9388,77.5936,29.1,56.7,20.3,5.1,0.65,70.7,12.0,71,Satisfactory,O3,DEMO,SIMULATED
2026-08-26 15:00:00,BLR_ST12,Yelahanka New Town,13.1007,77.5963,35.5,69.9,24.7,5.9,0.79,67.2,14.8,71,Satisfactory,PM10,DEMO,SIMULATED
2026-08-26 15:00:00,BLR_ST13,Electronic City Phase 1,12.8452,77.6602,48.9,97.3,32.8,8.4,1.03,57.4,17.8,97,Satisfactory,PM10,DEMO,SIMULATED
2026-08-26 15:00:00,BLR_ST14,Mysore Road / Nayandahalli,12.9463,77.5255,66.9,134.3,47.0,12.0,1.53,55.9,24.0,124,Moderate,PM2.5,DEMO,SIMULATED
2026-08-26 16:00:00,BLR_ST01,Silk Board Junction,12.9176,77.6238,71.4,135.6,46.7,11.5,1.62,42.3,24.2,139,Moderate,PM2.5,DEMO,SIMULATED
2026-08-26 16:00:00,BLR_ST02,BTM Layout CAAQMS,12.9135,77.6101,42.9,85.2,29.4,7.6,0.92,46.2,17.7,85,Satisfactory,PM10,DEMO,SIMULATED
2026-08-26 16:00:00,BLR_ST03,Peenya Industrial Area,13.0285,77.5197,75.8,152.3,52.4,21.3,1.82,34.0,36.1,153,Moderate,PM2.5,DEMO,SIMULATED
2026-08-26 16:00:00,BLR_ST04,Hebbal CAAQMS,13.0358,77.597,64.4,130.3,45.2,10.5,1.51,49.2,22.5,121,Moderate,PM10,DEMO,SIMULATED
2026-08-26 16:00:00,BLR_ST05,Whitefield Export Promotion Industrial Park,12.9815,77.7289,55.0,112.7,36.4,10.1,1.2,49.3,20.2,109,Moderate,PM10,DEMO,SIMULATED
2026-08-26 16:00:00,BLR_ST06,Indiranagar 100ft Road,12.9784,77.6408,42.8,84.8,31.8,8.0,0.96,61.4,18.0,85,Satisfactory,PM10,DEMO,SIMULATED
2026-08-26 16:00:00,BLR_ST07,Jayanagar 4th Block,12.9299,77.5826,35.6,70.8,25.5,6.4,0.83,64.6,15.0,71,Satisfactory,PM10,DEMO,SIMULATED
2026-08-26 16:00:00,BLR_ST08,City Railway Station / Majestic,12.9778,77.5713,73.6,144.3,54.2,14.3,1.88,43.2,28.5,146,Moderate,PM2.5,DEMO,SIMULATED
2026-08-26 16:00:00,BLR_ST09,Saneguruvanahalli (Basaveshwaranagar),12.9912,77.5456,38.8,77.1,26.7,6.9,0.82,57.5,16.5,78,Satisfactory,PM10,DEMO,SIMULATED
2026-08-26 16:00:00,BLR_ST10,BWSSB Kadabeesanahalli (Outer Ring Road),12.9352,77.6894,70.1,139.0,48.8,11.4,1.65,46.9,25.1,134,Moderate,PM2.5,DEMO,SIMULATED
2026-08-26 16:00:00,BLR_ST11,Hombegowda Nagar (Lalbagh Vicinity),12.9388,77.5936,34.2,66.7,23.9,5.9,0.76,72.1,14.0,73,Satisfactory,O3,DEMO,SIMULATED
2026-08-26 16:00:00,BLR_ST12,Yelahanka New Town,13.1007,77.5963,37.1,73.0,25.7,6.1,0.82,60.7,15.3,74,Satisfactory,PM10,DEMO,SIMULATED
2026-08-26 16:00:00,BLR_ST13,Electronic City Phase 1,12.8452,77.6602,54.9,109.3,36.8,9.4,1.16,55.8,19.8,107,Moderate,PM10,DEMO,SIMULATED
2026-08-26 16:00:00,BLR_ST14,Mysore Road / Nayandahalli,12.9463,77.5255,61.7,123.8,43.3,11.0,1.41,44.6,22.0,117,Moderate,PM10,DEMO,SIMULATED
2026-08-26 17:00:00,BLR_ST01,Silk Board Junction,12.9176,77.6238,77.7,147.5,50.8,12.3,1.76,38.1,25.7,159,Moderate,PM2.5,DEMO,SIMULATED
2026-08-26 17:00:00,BLR_ST02,BTM Layout CAAQMS,12.9135,77.6101,48.7,96.8,33.4,8.5,1.04,43.5,19.7,97,Satisfactory,PM10,DEMO,SIMULATED
2026-08-26 17:00:00,BLR_ST03,Peenya Industrial Area,13.0285,77.5197,88.2,177.3,61.0,24.2,2.12,32.8,41.0,194,Moderate,PM2.5,DEMO,SIMULATED
2026-08-26 17:00:00,BLR_ST04,Hebbal CAAQMS,13.0358,77.597,64.6,130.8,45.4,10.3,1.51,41.0,22.0,121,Moderate,PM10,DEMO,SIMULATED
2026-08-26 17:00:00,BLR_ST05,Whitefield Export Promotion Industrial Park,12.9815,77.7289,56.5,115.9,37.5,10.1,1.23,42.0,20.3,111,Moderate,PM10,DEMO,SIMULATED
2026-08-26 17:00:00,BLR_ST06,Indiranagar 100ft Road,12.9784,77.6408,39.3,77.9,29.3,7.1,0.88,46.8,16.2,78,Satisfactory,PM10,DEMO,SIMULATED
2026-08-26 17:00:00,BLR_ST07,Jayanagar 4th Block,12.9299,77.5826,33.5,66.6,24.0,5.9,0.78,50.4,13.8,67,Satisfactory,PM10,DEMO,SIMULATED
2026-08-26 17:00:00,BLR_ST08,City Railway Station / Majestic,12.9778,77.5713,70.6,138.4,51.9,13.4,1.8,34.3,26.7,136,Moderate,PM2.5,DEMO,SIMULATED
2026-08-26 17:00:00,BLR_ST09,Saneguruvanahalli (Basaveshwaranagar),12.9912,77.5456,41.1,81.6,28.2,7.2,0.87,50.4,17.1,82,Satisfactory,PM10,DEMO,SIMULATED
2026-08-26 17:00:00,BLR_ST10,BWSSB Kadabeesanahalli (Outer Ring Road),12.9352,77.6894,66.2,131.1,46.1,10.5,1.55,36.7,23.1,122,Moderate,PM10,DEMO,SIMULATED
2026-08-26 17:00:00,BLR_ST11,Hombegowda Nagar (Lalbagh Vicinity),12.9388,77.5936,33.3,65.0,23.3,5.6,0.74,58.1,13.3,66,Satisfactory,PM10,DEMO,SIMULATED
2026-08-26 17:00:00,BLR_ST12,Yelahanka New Town,13.1007,77.5963,35.5,69.8,24.6,5.7,0.79,48.1,14.3,70,Satisfactory,PM10,DEMO,SIMULATED
2026-08-26 17:00:00,BLR_ST13,Electronic City Phase 1,12.8452,77.6602,49.3,98.1,33.0,8.2,1.04,41.5,17.4,98,Satisfactory,PM10,DEMO,SIMULATED
2026-08-26 17:00:00,BLR_ST14,Mysore Road / Nayandahalli,12.9463,77.5255,60.4,121.3,42.4,10.5,1.38,36.2,21.1,115,Moderate,PM10,DEMO,SIMULATED
2026-08-26 18:00:00,BLR_ST01,Silk Board Junction,12.9176,77.6238,74.2,140.9,48.5,11.0,1.68,30.0,23.0,148,Moderate,PM2.5,DEMO,SIMULATED
2026-08-26 18:00:00,BLR_ST02,BTM Layout CAAQMS,12.9135,77.6101,49.6,98.6,34.0,8.1,1.06,36.5,18.8,99,Satisfactory,PM10,DEMO,SIMULATED
2026-08-26 18:00:00,BLR_ST03,Peenya Industrial Area,13.0285,77.5197,87.9,176.6,60.8,22.6,2.11,26.9,38.3,193,Moderate,PM2.5,DEMO,SIMULATED
2026-08-26 18:00:00,BLR_ST04,Hebbal CAAQMS,13.0358,77.597,61.0,123.5,42.9,9.1,1.43,31.9,19.5,117,Moderate,PM10,DEMO,SIMULATED
2026-08-26 18:00:00,BLR_ST05,Whitefield Export Promotion Industrial Park,12.9815,77.7289,57.4,117.6,38.0,9.7,1.25,35.1,19.3,113,Moderate,PM10,DEMO,SIMULATED
2026-08-26 18:00:00,BLR_ST06,Indiranagar 100ft Road,12.9784,77.6408,45.8,90.7,34.1,7.8,1.03,44.9,17.7,91,Satisfactory,PM10,DEMO,SIMULATED
2026-08-26 18:00:00,BLR_ST07,Jayanagar 4th Block,12.9299,77.5826,39.2,78.0,28.1,6.5,0.92,48.6,15.1,78,Satisfactory,PM10,DEMO,SIMULATED
2026-08-26 18:00:00,BLR_ST08,City Railway Station / Majestic,12.9778,77.5713,66.9,131.2,49.2,11.9,1.71,26.8,23.7,124,Moderate,PM2.5,DEMO,SIMULATED
2026-08-26 18:00:00,BLR_ST09,Saneguruvanahalli (Basaveshwaranagar),12.9912,77.5456,40.8,81.1,28.1,6.7,0.86,41.3,15.9,81,Satisfactory,PM10,DEMO,SIMULATED
2026-08-26 18:00:00,BLR_ST10,BWSSB Kadabeesanahalli (Outer Ring Road),12.9352,77.6894,70.9,140.5,49.4,10.6,1.66,32.4,23.2,137,Moderate,PM2.5,DEMO,SIMULATED
2026-08-26 18:00:00,BLR_ST11,Hombegowda Nagar (Lalbagh Vicinity),12.9388,77.5936,34.1,66.5,23.8,5.4,0.76,49.0,12.8,67,Satisfactory,PM10,DEMO,SIMULATED
2026-08-26 18:00:00,BLR_ST12,Yelahanka New Town,13.1007,77.5963,37.3,73.4,25.9,5.6,0.83,41.7,14.1,74,Satisfactory,PM10,DEMO,SIMULATED
2026-08-26 18:00:00,BLR_ST13,Electronic City Phase 1,12.8452,77.6602,56.5,112.6,37.9,8.9,1.19,39.3,18.7,109,Moderate,PM10,DEMO,SIMULATED
2026-08-26 18:00:00,BLR_ST14,Mysore Road / Nayandahalli,12.9463,77.5255,72.8,146.1,51.1,11.9,1.67,35.9,23.8,143,Moderate,PM2.5,DEMO,SIMULATED
2026-08-26 19:00:00,BLR_ST01,Silk Board Junction,12.9176,77.6238,88.4,168.0,57.8,11.7,2.0,29.9,24.5,195,Moderate,PM2.5,DEMO,SIMULATED
2026-08-26 19:00:00,BLR_ST02,BTM Layout CAAQMS,12.9135,77.6101,59.9,118.9,41.1,8.7,1.28,36.8,20.3,113,Moderate,PM10,DEMO,SIMULATED
2026-08-26 19:00:00,BLR_ST03,Peenya Industrial Area,13.0285,77.5197,104.5,210.0,72.3,24.0,2.51,26.7,40.7,249,Poor,PM2.5,DEMO,SIMULATED
2026-08-26 19:00:00,BLR_ST04,Hebbal CAAQMS,13.0358,77.597,77.5,156.8,54.5,10.3,1.82,33.8,22.1,159,Moderate,PM2.5,DEMO,SIMULATED
2026-08-26 19:00:00,BLR_ST05,Whitefield Export Promotion Industrial Park,12.9815,77.7289,66.2,135.7,43.9,10.0,1.44,33.8,19.9,125,Moderate,PM10,DEMO,SIMULATED
2026-08-26 19:00:00,BLR_ST06,Indiranagar 100ft Road,12.9784,77.6408,44.4,88.1,33.1,6.8,1.0,36.4,15.3,88,Satisfactory,PM10,DEMO,SIMULATED
2026-08-26 19:00:00,BLR_ST07,Jayanagar 4th Block,12.9299,77.5826,40.9,81.3,29.3,6.0,0.96,42.3,14.1,82,Satisfactory,PM10,DEMO,SIMULATED
2026-08-26 19:00:00,BLR_ST08,City Railway Station / Majestic,12.9778,77.5713,86.1,168.9,63.4,13.7,2.2,28.8,27.3,187,Moderate,PM2.5,DEMO,SIMULATED
2026-08-26 19:00:00,BLR_ST09,Saneguruvanahalli (Basaveshwaranagar),12.9912,77.5456,49.8,99.0,34.3,7.3,1.05,42.1,17.3,99,Satisfactory,PM10,DEMO,SIMULATED
2026-08-26 19:00:00,BLR_ST10,BWSSB Kadabeesanahalli (Outer Ring Road),12.9352,77.6894,85.8,170.0,59.7,11.5,2.01,32.7,25.1,186,Moderate,PM2.5,DEMO,SIMULATED
2026-08-26 19:00:00,BLR_ST11,Hombegowda Nagar (Lalbagh Vicinity),12.9388,77.5936,38.1,74.4,26.6,5.4,0.85,45.8,12.8,75,Satisfactory,PM10,DEMO,SIMULATED
2026-08-26 19:00:00,BLR_ST12,Yelahanka New Town,13.1007,77.5963,46.5,91.6,32.3,6.3,1.03,43.5,15.7,92,Satisfactory,PM10,DEMO,SIMULATED
2026-08-26 19:00:00,BLR_ST13,Electronic City Phase 1,12.8452,77.6602,64.9,129.1,43.5,9.1,1.37,37.6,19.2,120,Moderate,PM10,DEMO,SIMULATED
2026-08-26 19:00:00,BLR_ST14,Mysore Road / Nayandahalli,12.9463,77.5255,76.9,154.4,54.0,11.2,1.76,31.7,22.5,157,Moderate,PM2.5,DEMO,SIMULATED
2026-08-26 20:00:00,BLR_ST01,Silk Board Junction,12.9176,77.6238,92.1,174.9,60.2,10.9,2.09,27.1,22.8,208,Poor,PM2.5,DEMO,SIMULATED
2026-08-26 20:00:00,BLR_ST02,BTM Layout CAAQMS,12.9135,77.6101,61.0,121.2,41.8,7.9,1.3,32.6,18.4,115,Moderate,PM10,DEMO,SIMULATED
2026-08-26 20:00:00,BLR_ST03,Peenya Industrial Area,13.0285,77.5197,108.0,217.1,74.7,22.1,2.59,24.0,37.5,260,Poor,PM2.5,DEMO,SIMULATED
2026-08-26 20:00:00,BLR_ST04,Hebbal CAAQMS,13.0358,77.597,74.8,151.3,52.5,8.9,1.75,28.3,19.0,150,Moderate,PM2.5,DEMO,SIMULATED
2026-08-26 20:00:00,BLR_ST05,Whitefield Export Promotion Industrial Park,12.9815,77.7289,73.6,150.8,48.8,9.9,1.6,32.7,19.7,146,Moderate,PM2.5,DEMO,SIMULATED
2026-08-26 20:00:00,BLR_ST06,Indiranagar 100ft Road,12.9784,77.6408,57.3,113.5,42.6,7.8,1.29,40.8,17.6,110,Moderate,PM10,DEMO,SIMULATED
2026-08-26 20:00:00,BLR_ST07,Jayanagar 4th Block,12.9299,77.5826,46.3,92.2,33.2,6.1,1.08,41.7,14.2,92,Satisfactory,PM10,DEMO,SIMULATED
2026-08-26 20:00:00,BLR_ST08,City Railway Station / Majestic,12.9778,77.5713,85.8,168.3,63.1,12.1,2.19,24.9,24.3,186,Moderate,PM2.5,DEMO,SIMULATED
2026-08-26 20:00:00,BLR_ST09,Saneguruvanahalli (Basaveshwaranagar),12.9912,77.5456,51.9,103.1,35.7,6.8,1.1,38.1,16.1,103,Moderate,PM10,DEMO,SIMULATED
2026-08-26 20:00:00,BLR_ST10,BWSSB Kadabeesanahalli (Outer Ring Road),12.9352,77.6894,81.7,161.8,56.9,9.7,1.92,27.1,21.3,173,Moderate,PM2.5,DEMO,SIMULATED
2026-08-26 20:00:00,BLR_ST11,Hombegowda Nagar (Lalbagh Vicinity),12.9388,77.5936,44.6,86.9,31.1,5.6,0.99,46.5,13.3,87,Satisfactory,PM10,DEMO,SIMULATED
2026-08-26 20:00:00,BLR_ST12,Yelahanka New Town,13.1007,77.5963,45.0,88.6,31.3,5.4,1.0,36.5,13.6,89,Satisfactory,PM10,DEMO,SIMULATED
2026-08-26 20:00:00,BLR_ST13,Electronic City Phase 1,12.8452,77.6602,70.6,140.5,47.3,8.8,1.49,35.6,18.6,136,Moderate,PM2.5,DEMO,SIMULATED
2026-08-26 20:00:00,BLR_ST14,Mysore Road / Nayandahalli,12.9463,77.5255,85.6,171.8,60.1,11.1,1.96,30.7,22.3,185,Moderate,PM2.5,DEMO,SIMULATED
2026-08-26 21:00:00,BLR_ST01,Silk Board Junction,12.9176,77.6238,92.8,176.2,60.7,10.4,2.1,25.8,21.8,210,Poor,PM2.5,DEMO,SIMULATED
2026-08-26 21:00:00,BLR_ST02,BTM Layout CAAQMS,12.9135,77.6101,69.8,138.7,47.9,8.6,1.49,35.2,20.1,133,Moderate,PM2.5,DEMO,SIMULATED
2026-08-26 21:00:00,BLR_ST03,Peenya Industrial Area,13.0285,77.5197,106.5,214.1,73.7,20.8,2.55,22.4,35.2,255,Poor,PM2.5,DEMO,SIMULATED
2026-08-26 21:00:00,BLR_ST04,Hebbal CAAQMS,13.0358,77.597,86.0,174.0,60.4,9.7,2.01,30.8,20.8,187,Moderate,PM2.5,DEMO,SIMULATED
2026-08-26 21:00:00,BLR_ST05,Whitefield Export Promotion Industrial Park,12.9815,77.7289,72.7,149.0,48.2,9.3,1.58,30.5,18.6,143,Moderate,PM2.5,DEMO,SIMULATED
2026-08-26 21:00:00,BLR_ST06,Indiranagar 100ft Road,12.9784,77.6408,56.7,112.3,42.2,7.3,1.27,38.1,16.6,109,Moderate,PM10,DEMO,SIMULATED
2026-08-26 21:00:00,BLR_ST07,Jayanagar 4th Block,12.9299,77.5826,46.7,93.0,33.5,5.8,1.09,39.7,13.7,93,Satisfactory,PM10,DEMO,SIMULATED
2026-08-26 21:00:00,BLR_ST08,City Railway Station / Majestic,12.9778,77.5713,93.2,182.8,68.6,12.5,2.38,25.6,25.1,212,Poor,PM2.5,DEMO,SIMULATED
2026-08-26 21:00:00,BLR_ST09,Saneguruvanahalli (Basaveshwaranagar),12.9912,77.5456,57.7,114.6,39.7,7.2,1.22,40.1,17.0,111,Moderate,PM10,DEMO,SIMULATED
2026-08-26 21:00:00,BLR_ST10,BWSSB Kadabeesanahalli (Outer Ring Road),12.9352,77.6894,90.4,179.2,63.0,10.2,2.12,28.3,22.4,202,Poor,PM2.5,DEMO,SIMULATED
2026-08-26 21:00:00,BLR_ST11,Hombegowda Nagar (Lalbagh Vicinity),12.9388,77.5936,48.0,93.6,33.5,5.8,1.07,47.4,13.7,94,Satisfactory,PM10,DEMO,SIMULATED
2026-08-26 21:00:00,BLR_ST12,Yelahanka New Town,13.1007,77.5963,55.7,109.6,38.7,6.4,1.24,42.7,16.0,107,Moderate,PM10,DEMO,SIMULATED
2026-08-26 21:00:00,BLR_ST13,Electronic City Phase 1,12.8452,77.6602,71.9,143.3,48.2,8.6,1.52,34.3,18.1,140,Moderate,PM2.5,DEMO,SIMULATED
2026-08-26 21:00:00,BLR_ST14,Mysore Road / Nayandahalli,12.9463,77.5255,81.3,163.2,57.1,10.1,1.86,27.5,20.2,171,Moderate,PM2.5,DEMO,SIMULATED
2026-08-26 22:00:00,BLR_ST01,Silk Board Junction,12.9176,77.6238,112.7,214.0,57.7,10.4,2.0,25.7,21.8,276,Poor,PM2.5,DEMO,SIMULATED
2026-08-26 22:00:00,BLR_ST02,BTM Layout CAAQMS,12.9135,77.6101,83.2,165.4,44.7,8.5,1.39,34.5,19.7,178,Moderate,PM2.5,DEMO,SIMULATED
2026-08-26 22:00:00,BLR_ST03,Peenya Industrial Area,13.0285,77.5197,153.7,309.1,83.2,24.6,2.89,26.5,41.8,327,Very Poor,PM2.5,DEMO,SIMULATED
2026-08-26 22:00:00,BLR_ST04,Hebbal CAAQMS,13.0358,77.597,102.3,207.0,56.3,9.5,1.88,30.1,20.4,242,Poor,PM2.5,DEMO,SIMULATED
2026-08-26 22:00:00,BLR_ST05,Whitefield Export Promotion Industrial Park,12.9815,77.7289,100.1,205.2,51.9,10.5,1.71,34.5,21.0,234,Poor,PM2.5,DEMO,SIMULATED
2026-08-26 22:00:00,BLR_ST06,Indiranagar 100ft Road,12.9784,77.6408,74.6,147.9,43.5,7.9,1.31,41.2,18.0,149,Moderate,PM2.5,DEMO,SIMULATED
2026-08-26 22:00:00,BLR_ST07,Jayanagar 4th Block,12.9299,77.5826,62.2,123.7,34.9,6.4,1.14,43.4,14.9,117,Moderate,PM10,DEMO,SIMULATED
2026-08-26 22:00:00,BLR_ST08,City Railway Station / Majestic,12.9778,77.5713,123.5,242.2,71.1,13.7,2.47,27.9,27.3,304,Very Poor,PM2.5,DEMO,SIMULATED
2026-08-26 22:00:00,BLR_ST09,Saneguruvanahalli (Basaveshwaranagar),12.9912,77.5456,72.7,144.5,39.1,7.4,1.2,41.4,17.7,143,Moderate,PM2.5,DEMO,SIMULATED
2026-08-26 22:00:00,BLR_ST10,BWSSB Kadabeesanahalli (Outer Ring Road),12.9352,77.6894,106.0,210.0,57.8,9.9,1.95,27.3,21.6,254,Poor,PM2.5,DEMO,SIMULATED
2026-08-26 22:00:00,BLR_ST11,Hombegowda Nagar (Lalbagh Vicinity),12.9388,77.5936,50.3,98.0,27.5,5.0,0.87,40.7,11.8,98,Satisfactory,PM10,DEMO,SIMULATED
2026-08-26 22:00:00,BLR_ST12,Yelahanka New Town,13.1007,77.5963,59.1,116.4,32.1,5.6,1.03,37.2,14.0,112,Moderate,PM10,DEMO,SIMULATED
2026-08-26 22:00:00,BLR_ST13,Electronic City Phase 1,12.8452,77.6602,85.2,169.7,44.7,8.3,1.41,33.3,17.6,184,Moderate,PM2.5,DEMO,SIMULATED
2026-08-26 22:00:00,BLR_ST14,Mysore Road / Nayandahalli,12.9463,77.5255,111.6,224.1,61.4,11.4,2.0,31.0,22.7,272,Poor,PM2.5,DEMO,SIMULATED
2026-08-26 23:00:00,BLR_ST01,Silk Board Junction,12.9176,77.6238,112.6,213.8,57.6,11.6,1.99,28.8,24.4,276,Poor,PM2.5,DEMO,SIMULATED
2026-08-26 23:00:00,BLR_ST02,BTM Layout CAAQMS,12.9135,77.6101,69.5,138.0,37.3,7.9,1.16,32.3,18.4,132,Moderate,PM2.5,DEMO,SIMULATED
2026-08-26 23:00:00,BLR_ST03,Peenya Industrial Area,13.0285,77.5197,129.6,260.5,70.2,23.3,2.43,25.1,39.5,308,Very Poor,PM2.5,DEMO,SIMULATED
2026-08-26 23:00:00,BLR_ST04,Hebbal CAAQMS,13.0358,77.597,99.0,200.4,54.5,10.3,1.82,32.7,22.1,231,Poor,PM2.5,DEMO,SIMULATED
2026-08-26 23:00:00,BLR_ST05,Whitefield Export Promotion Industrial Park,12.9815,77.7289,80.9,165.8,41.9,9.5,1.38,31.3,19.0,170,Moderate,PM2.5,DEMO,SIMULATED
2026-08-26 23:00:00,BLR_ST06,Indiranagar 100ft Road,12.9784,77.6408,64.3,127.5,37.5,7.7,1.13,39.8,17.4,119,Moderate,PM10,DEMO,SIMULATED
2026-08-26 23:00:00,BLR_ST07,Jayanagar 4th Block,12.9299,77.5826,56.5,112.3,31.7,6.5,1.03,44.2,15.2,109,Moderate,PM10,DEMO,SIMULATED
2026-08-26 23:00:00,BLR_ST08,City Railway Station / Majestic,12.9778,77.5713,96.7,189.6,55.7,12.0,1.93,24.5,24.0,223,Poor,PM2.5,DEMO,SIMULATED
2026-08-26 23:00:00,BLR_ST09,Saneguruvanahalli (Basaveshwaranagar),12.9912,77.5456,63.3,125.7,34.1,7.2,1.05,40.4,17.2,118,Moderate,PM10,DEMO,SIMULATED
2026-08-26 23:00:00,BLR_ST10,BWSSB Kadabeesanahalli (Outer Ring Road),12.9352,77.6894,109.9,217.7,59.9,11.5,2.02,31.7,25.1,267,Poor,PM2.5,DEMO,SIMULATED
2026-08-26 23:00:00,BLR_ST11,Hombegowda Nagar (Lalbagh Vicinity),12.9388,77.5936,45.7,89.0,25.0,5.1,0.79,41.5,12.0,89,Satisfactory,PM10,DEMO,SIMULATED
2026-08-26 23:00:00,BLR_ST12,Yelahanka New Town,13.1007,77.5963,51.3,100.9,27.9,5.4,0.89,36.2,13.6,102,Moderate,PM10,DEMO,SIMULATED
2026-08-26 23:00:00,BLR_ST13,Electronic City Phase 1,12.8452,77.6602,79.0,157.4,41.5,8.7,1.3,34.6,18.3,164,Moderate,PM2.5,DEMO,SIMULATED
2026-08-26 23:00:00,BLR_ST14,Mysore Road / Nayandahalli,12.9463,77.5255,99.7,200.1,54.8,11.4,1.78,31.1,22.8,233,Poor,PM2.5,DEMO,SIMULATED
2026-08-27 00:00:00,BLR_ST01,Silk Board Junction,12.9176,77.6238,98.5,187.2,50.4,12.6,1.75,31.0,26.3,229,Poor,PM2.5,DEMO,SIMULATED
2026-08-27 00:00:00,BLR_ST02,BTM Layout CAAQMS,12.9135,77.6101,58.6,116.4,31.4,8.2,0.98,33.5,19.1,112,Moderate,PM10,DEMO,SIMULATED
2026-08-27 00:00:00,BLR_ST03,Peenya Industrial Area,13.0285,77.5197,105.6,212.2,57.2,23.4,1.98,25.1,39.6,252,Poor,PM2.5,DEMO,SIMULATED
2026-08-27 00:00:00,BLR_ST04,Hebbal CAAQMS,13.0358,77.597,69.9,141.5,38.4,9.0,1.28,28.4,19.2,134,Moderate,PM2.5,DEMO,SIMULATED
2026-08-27 00:00:00,BLR_ST05,Whitefield Export Promotion Industrial Park,12.9815,77.7289,73.1,149.8,37.9,10.6,1.25,34.8,21.2,144,Moderate,PM2.5,DEMO,SIMULATED
2026-08-27 00:00:00,BLR_ST06,Indiranagar 100ft Road,12.9784,77.6408,52.5,104.0,30.6,7.7,0.92,40.0,17.4,104,Moderate,PM10,DEMO,SIMULATED
2026-08-27 00:00:00,BLR_ST07,Jayanagar 4th Block,12.9299,77.5826,40.2,80.0,22.5,5.7,0.74,38.7,13.3,80,Satisfactory,PM10,DEMO,SIMULATED
2026-08-27 00:00:00,BLR_ST08,City Railway Station / Majestic,12.9778,77.5713,89.7,176.0,51.7,13.7,1.79,27.9,27.4,199,Moderate,PM2.5,DEMO,SIMULATED
2026-08-27 00:00:00,BLR_ST09,Saneguruvanahalli (Basaveshwaranagar),12.9912,77.5456,51.7,102.7,27.8,7.3,0.86,40.7,17.3,103,Moderate,PM10,DEMO,SIMULATED
2026-08-27 00:00:00,BLR_ST10,BWSSB Kadabeesanahalli (Outer Ring Road),12.9352,77.6894,83.3,165.1,45.4,10.7,1.53,29.6,23.5,178,Moderate,PM2.5,DEMO,SIMULATED
2026-08-27 00:00:00,BLR_ST11,Hombegowda Nagar (Lalbagh Vicinity),12.9388,77.5936,37.2,72.5,20.3,5.1,0.65,41.6,12.0,73,Satisfactory,PM10,DEMO,SIMULATED
2026-08-27 00:00:00,BLR_ST12,Yelahanka New Town,13.1007,77.5963,50.5,99.3,27.4,6.6,0.88,43.9,16.5,99,Satisfactory,PM10,DEMO,SIMULATED
2026-08-27 00:00:00,BLR_ST13,Electronic City Phase 1,12.8452,77.6602,70.5,140.3,37.0,9.5,1.16,38.0,20.1,136,Moderate,PM2.5,DEMO,SIMULATED
2026-08-27 00:00:00,BLR_ST14,Mysore Road / Nayandahalli,12.9463,77.5255,75.8,152.2,41.7,10.7,1.36,29.1,21.3,153,Moderate,PM2.5,DEMO,SIMULATED
2026-08-27 01:00:00,BLR_ST01,Silk Board Junction,12.9176,77.6238,89.0,169.0,45.5,11.3,1.58,28.0,23.8,197,Moderate,PM2.5,DEMO,SIMULATED
2026-08-27 01:00:00,BLR_ST02,BTM Layout CAAQMS,12.9135,77.6101,58.3,115.7,31.3,8.2,0.97,33.3,19.0,111,Moderate,PM10,DEMO,SIMULATED
2026-08-27 01:00:00,BLR_ST03,Peenya Industrial Area,13.0285,77.5197,101.3,203.7,54.9,22.4,1.9,24.1,38.0,238,Poor,PM2.5,DEMO,SIMULATED
2026-08-27 01:00:00,BLR_ST04,Hebbal CAAQMS,13.0358,77.597,73.9,149.7,40.7,9.5,1.36,30.0,20.3,147,Moderate,PM2.5,DEMO,SIMULATED
2026-08-27 01:00:00,BLR_ST05,Whitefield Export Promotion Industrial Park,12.9815,77.7289,75.3,154.4,39.1,10.9,1.28,35.8,21.8,151,Moderate,PM2.5,DEMO,SIMULATED
2026-08-27 01:00:00,BLR_ST06,Indiranagar 100ft Road,12.9784,77.6408,54.5,108.0,31.7,8.0,0.96,41.5,18.1,106,Moderate,PM10,DEMO,SIMULATED
2026-08-27 01:00:00,BLR_ST07,Jayanagar 4th Block,12.9299,77.5826,40.3,80.1,22.6,5.7,0.74,38.8,13.4,80,Satisfactory,PM10,DEMO,SIMULATED
2026-08-27 01:00:00,BLR_ST08,City Railway Station / Majestic,12.9778,77.5713,92.9,182.3,53.5,14.2,1.86,28.9,28.4,211,Poor,PM2.5,DEMO,SIMULATED
2026-08-27 01:00:00,BLR_ST09,Saneguruvanahalli (Basaveshwaranagar),12.9912,77.5456,49.6,98.6,26.7,7.0,0.82,39.0,16.6,99,Satisfactory,PM10,DEMO,SIMULATED
2026-08-27 01:00:00,BLR_ST10,BWSSB Kadabeesanahalli (Outer Ring Road),12.9352,77.6894,87.0,172.4,47.4,11.2,1.6,30.9,24.5,190,Moderate,PM2.5,DEMO,SIMULATED
2026-08-27 01:00:00,BLR_ST11,Hombegowda Nagar (Lalbagh Vicinity),12.9388,77.5936,41.9,81.7,22.9,5.7,0.73,46.9,13.5,82,Satisfactory,PM10,DEMO,SIMULATED
2026-08-27 01:00:00,BLR_ST12,Yelahanka New Town,13.1007,77.5963,45.4,89.4,24.7,5.9,0.79,39.5,14.8,90,Satisfactory,PM10,DEMO,SIMULATED
2026-08-27 01:00:00,BLR_ST13,Electronic City Phase 1,12.8452,77.6602,69.8,139.0,36.6,9.4,1.15,37.7,19.9,133,Moderate,PM2.5,DEMO,SIMULATED
2026-08-27 01:00:00,BLR_ST14,Mysore Road / Nayandahalli,12.9463,77.5255,85.5,171.6,47.0,12.0,1.53,32.8,24.0,185,Moderate,PM2.5,DEMO,SIMULATED
2026-08-27 02:00:00,BLR_ST01,Silk Board Junction,12.9176,77.6238,86.1,163.6,44.1,11.0,1.53,27.1,23.0,187,Moderate,PM2.5,DEMO,SIMULATED
2026-08-27 02:00:00,BLR_ST02,BTM Layout CAAQMS,12.9135,77.6101,63.5,126.1,34.1,8.9,1.06,36.3,20.7,118,Moderate,PM10,DEMO,SIMULATED
2026-08-27 02:00:00,BLR_ST03,Peenya Industrial Area,13.0285,77.5197,102.0,205.0,55.2,22.6,1.91,24.3,38.3,241,Poor,PM2.5,DEMO,SIMULATED
2026-08-27 02:00:00,BLR_ST04,Hebbal CAAQMS,13.0358,77.597,76.1,154.1,41.9,9.8,1.4,30.9,20.9,154,Moderate,PM2.5,DEMO,SIMULATED
2026-08-27 02:00:00,BLR_ST05,Whitefield Export Promotion Industrial Park,12.9815,77.7289,69.5,142.4,36.0,10.1,1.18,33.1,20.1,132,Moderate,PM2.5,DEMO,SIMULATED
2026-08-27 02:00:00,BLR_ST06,Indiranagar 100ft Road,12.9784,77.6408,53.5,106.1,31.2,7.8,0.94,40.8,17.8,105,Moderate,PM10,DEMO,SIMULATED
2026-08-27 02:00:00,BLR_ST07,Jayanagar 4th Block,12.9299,77.5826,41.7,82.9,23.4,5.9,0.76,40.1,13.8,83,Satisfactory,PM10,DEMO,SIMULATED
2026-08-27 02:00:00,BLR_ST08,City Railway Station / Majestic,12.9778,77.5713,91.1,178.6,52.4,13.9,1.82,28.4,27.8,205,Poor,PM2.5,DEMO,SIMULATED
2026-08-27 02:00:00,BLR_ST09,Saneguruvanahalli (Basaveshwaranagar),12.9912,77.5456,51.5,102.3,27.7,7.2,0.85,40.5,17.3,103,Moderate,PM10,DEMO,SIMULATED
2026-08-27 02:00:00,BLR_ST10,BWSSB Kadabeesanahalli (Outer Ring Road),12.9352,77.6894,74.9,148.4,40.8,9.6,1.38,26.6,21.1,150,Moderate,PM2.5,DEMO,SIMULATED
2026-08-27 02:00:00,BLR_ST11,Hombegowda Nagar (Lalbagh Vicinity),12.9388,77.5936,43.3,84.5,23.7,5.9,0.75,48.4,14.0,85,Satisfactory,PM10,DEMO,SIMULATED
2026-08-27 02:00:00,BLR_ST12,Yelahanka New Town,13.1007,77.5963,43.6,85.9,23.7,5.7,0.76,38.0,14.2,86,Satisfactory,PM10,DEMO,SIMULATED
2026-08-27 02:00:00,BLR_ST13,Electronic City Phase 1,12.8452,77.6602,66.2,131.9,34.8,8.9,1.09,35.7,18.9,122,Moderate,PM10,DEMO,SIMULATED
2026-08-27 02:00:00,BLR_ST14,Mysore Road / Nayandahalli,12.9463,77.5255,79.9,160.4,43.9,11.2,1.43,30.7,22.5,167,Moderate,PM2.5,DEMO,SIMULATED
2026-08-27 03:00:00,BLR_ST01,Silk Board Junction,12.9176,77.6238,88.1,167.4,45.1,11.2,1.56,27.7,23.5,194,Moderate,PM2.5,DEMO,SIMULATED
2026-08-27 03:00:00,BLR_ST02,BTM Layout CAAQMS,12.9135,77.6101,54.2,107.6,29.1,7.6,0.91,31.0,17.7,106,Moderate,PM10,DEMO,SIMULATED
2026-08-27 03:00:00,BLR_ST03,Peenya Industrial Area,13.0285,77.5197,108.3,217.8,58.7,24.0,2.03,25.8,40.7,261,Poor,PM2.5,DEMO,SIMULATED
2026-08-27 03:00:00,BLR_ST04,Hebbal CAAQMS,13.0358,77.597,71.5,144.8,39.3,9.2,1.31,29.0,19.7,139,Moderate,PM2.5,DEMO,SIMULATED
2026-08-27 03:00:00,BLR_ST05,Whitefield Export Promotion Industrial Park,12.9815,77.7289,66.3,136.0,34.4,9.6,1.13,31.6,19.2,125,Moderate,PM10,DEMO,SIMULATED
2026-08-27 03:00:00,BLR_ST06,Indiranagar 100ft Road,12.9784,77.6408,54.2,107.5,31.6,7.9,0.95,41.3,18.0,106,Moderate,PM10,DEMO,SIMULATED
2026-08-27 03:00:00,BLR_ST07,Jayanagar 4th Block,12.9299,77.5826,42.3,84.2,23.7,6.0,0.77,40.8,14.0,85,Satisfactory,PM10,DEMO,SIMULATED
2026-08-27 03:00:00,BLR_ST08,City Railway Station / Majestic,12.9778,77.5713,91.6,179.6,52.7,14.0,1.83,28.5,28.0,206,Poor,PM2.5,DEMO,SIMULATED
2026-08-27 03:00:00,BLR_ST09,Saneguruvanahalli (Basaveshwaranagar),12.9912,77.5456,50.3,99.9,27.1,7.1,0.83,39.5,16.9,100,Satisfactory,PM10,DEMO,SIMULATED
2026-08-27 03:00:00,BLR_ST10,BWSSB Kadabeesanahalli (Outer Ring Road),12.9352,77.6894,78.0,154.6,42.5,10.0,1.43,27.7,22.0,160,Moderate,PM2.5,DEMO,SIMULATED
2026-08-27 03:00:00,BLR_ST11,Hombegowda Nagar (Lalbagh Vicinity),12.9388,77.5936,36.3,70.8,19.8,5.0,0.63,40.6,11.7,71,Satisfactory,PM10,DEMO,SIMULATED
2026-08-27 03:00:00,BLR_ST12,Yelahanka New Town,13.1007,77.5963,50.1,98.7,27.2,6.5,0.87,43.6,16.3,99,Satisfactory,PM10,DEMO,SIMULATED
2026-08-27 03:00:00,BLR_ST13,Electronic City Phase 1,12.8452,77.6602,61.2,121.8,32.1,8.3,1.01,33.0,17.4,115,Moderate,PM10,DEMO,SIMULATED
2026-08-27 03:00:00,BLR_ST14,Mysore Road / Nayandahalli,12.9463,77.5255,81.7,163.9,44.9,11.5,1.46,31.3,23.0,173,Moderate,PM2.5,DEMO,SIMULATED
2026-08-27 04:00:00,BLR_ST01,Silk Board Junction,12.9176,77.6238,90.3,171.5,46.2,11.5,1.6,28.3,24.0,202,Poor,PM2.5,DEMO,SIMULATED
2026-08-27 04:00:00,BLR_ST02,BTM Layout CAAQMS,12.9135,77.6101,63.0,125.2,33.8,8.8,1.05,36.0,20.5,118,Moderate,PM10,DEMO,SIMULATED
2026-08-27 04:00:00,BLR_ST03,Peenya Industrial Area,13.0285,77.5197,105.3,211.7,57.0,23.3,1.98,25.0,39.4,251,Poor,PM2.5,DEMO,SIMULATED
2026-08-27 04:00:00,BLR_ST04,Hebbal CAAQMS,13.0358,77.597,78.8,159.4,43.3,10.1,1.44,31.9,21.6,163,Moderate,PM2.5,DEMO,SIMULATED
2026-08-27 04:00:00,BLR_ST05,Whitefield Export Promotion Industrial Park,12.9815,77.7289,70.4,144.4,36.5,10.2,1.2,33.4,20.4,135,Moderate,PM2.5,DEMO,SIMULATED
2026-08-27 04:00:00,BLR_ST06,Indiranagar 100ft Road,12.9784,77.6408,54.3,107.6,31.6,7.9,0.95,41.3,18.0,106,Moderate,PM10,DEMO,SIMULATED
2026-08-27 04:00:00,BLR_ST07,Jayanagar 4th Block,12.9299,77.5826,40.2,80.1,22.6,5.7,0.74,38.7,13.3,80,Satisfactory,PM10,DEMO,SIMULATED
2026-08-27 04:00:00,BLR_ST08,City Railway Station / Majestic,12.9778,77.5713,80.6,158.0,46.4,12.3,1.61,25.0,24.6,169,Moderate,PM2.5,DEMO,SIMULATED
2026-08-27 04:00:00,BLR_ST09,Saneguruvanahalli (Basaveshwaranagar),12.9912,77.5456,50.3,99.9,27.1,7.1,0.83,39.5,16.8,100,Satisfactory,PM10,DEMO,SIMULATED
2026-08-27 04:00:00,BLR_ST10,BWSSB Kadabeesanahalli (Outer Ring Road),12.9352,77.6894,78.7,155.9,42.9,10.1,1.45,27.9,22.1,163,Moderate,PM2.5,DEMO,SIMULATED
2026-08-27 04:00:00,BLR_ST11,Hombegowda Nagar (Lalbagh Vicinity),12.9388,77.5936,41.0,80.0,22.4,5.6,0.71,45.7,13.2,80,Satisfactory,PM10,DEMO,SIMULATED
2026-08-27 04:00:00,BLR_ST12,Yelahanka New Town,13.1007,77.5963,45.9,90.3,24.9,6.0,0.8,39.8,14.9,90,Satisfactory,PM10,DEMO,SIMULATED
2026-08-27 04:00:00,BLR_ST13,Electronic City Phase 1,12.8452,77.6602,67.3,134.0,35.3,9.1,1.11,36.2,19.1,125,Moderate,PM2.5,DEMO,SIMULATED
2026-08-27 04:00:00,BLR_ST14,Mysore Road / Nayandahalli,12.9463,77.5255,77.2,155.0,42.5,10.8,1.38,29.6,21.7,158,Moderate,PM2.5,DEMO,SIMULATED
2026-08-27 05:00:00,BLR_ST01,Silk Board Junction,12.9176,77.6238,96.1,182.5,49.2,12.1,1.7,29.8,25.3,221,Poor,PM2.5,DEMO,SIMULATED
2026-08-27 05:00:00,BLR_ST02,BTM Layout CAAQMS,12.9135,77.6101,58.6,116.4,31.5,8.1,0.98,33.0,18.8,112,Moderate,PM10,DEMO,SIMULATED
2026-08-27 05:00:00,BLR_ST03,Peenya Industrial Area,13.0285,77.5197,106.8,214.7,57.8,23.3,2.01,25.1,39.5,256,Poor,PM2.5,DEMO,SIMULATED
2026-08-27 05:00:00,BLR_ST04,Hebbal CAAQMS,13.0358,77.597,73.9,149.6,40.6,9.4,1.35,29.6,20.0,147,Moderate,PM2.5,DEMO,SIMULATED
2026-08-27 05:00:00,BLR_ST05,Whitefield Export Promotion Industrial Park,12.9815,77.7289,67.8,139.1,35.2,9.7,1.16,31.8,19.4,127,Moderate,PM2.5,DEMO,SIMULATED
2026-08-27 05:00:00,BLR_ST06,Indiranagar 100ft Road,12.9784,77.6408,48.0,95.1,27.9,6.9,0.84,36.0,15.7,95,Satisfactory,PM10,DEMO,SIMULATED
2026-08-27 05:00:00,BLR_ST07,Jayanagar 4th Block,12.9299,77.5826,41.6,82.8,23.3,5.8,0.76,39.5,13.6,83,Satisfactory,PM10,DEMO,SIMULATED
2026-08-27 05:00:00,BLR_ST08,City Railway Station / Majestic,12.9778,77.5713,79.7,156.4,45.9,12.0,1.59,24.5,24.0,166,Moderate,PM2.5,DEMO,SIMULATED
2026-08-27 05:00:00,BLR_ST09,Saneguruvanahalli (Basaveshwaranagar),12.9912,77.5456,49.3,98.1,26.6,6.8,0.82,38.3,16.3,98,Satisfactory,PM10,DEMO,SIMULATED
2026-08-27 05:00:00,BLR_ST10,BWSSB Kadabeesanahalli (Outer Ring Road),12.9352,77.6894,87.2,172.7,47.5,11.1,1.6,30.5,24.2,191,Moderate,PM2.5,DEMO,SIMULATED
2026-08-27 05:00:00,BLR_ST11,Hombegowda Nagar (Lalbagh Vicinity),12.9388,77.5936,38.3,74.6,20.9,5.2,0.67,42.2,12.2,75,Satisfactory,PM10,DEMO,SIMULATED
2026-08-27 05:00:00,BLR_ST12,Yelahanka New Town,13.1007,77.5963,44.0,86.6,23.9,5.7,0.77,37.7,14.1,87,Satisfactory,PM10,DEMO,SIMULATED
2026-08-27 05:00:00,BLR_ST13,Electronic City Phase 1,12.8452,77.6602,67.4,134.3,35.4,9.0,1.11,35.9,18.9,125,Moderate,PM2.5,DEMO,SIMULATED
2026-08-27 05:00:00,BLR_ST14,Mysore Road / Nayandahalli,12.9463,77.5255,82.9,166.4,45.6,11.5,1.48,31.3,23.0,177,Moderate,PM2.5,DEMO,SIMULATED
2026-08-27 06:00:00,BLR_ST01,Silk Board Junction,12.9176,77.6238,81.9,155.5,53.5,12.6,1.85,31.1,26.4,173,Moderate,PM2.5,DEMO,SIMULATED
2026-08-27 06:00:00,BLR_ST02,BTM Layout CAAQMS,12.9135,77.6101,49.8,98.9,34.1,8.4,1.06,34.4,19.6,99,Satisfactory,PM10,DEMO,SIMULATED
2026-08-27 06:00:00,BLR_ST03,Peenya Industrial Area,13.0285,77.5197,80.1,161.1,55.5,21.4,1.92,23.1,36.4,167,Moderate,PM2.5,DEMO,SIMULATED
2026-08-27 06:00:00,BLR_ST04,Hebbal CAAQMS,13.0358,77.597,58.2,117.7,40.9,9.0,1.36,28.5,19.3,113,Moderate,PM10,DEMO,SIMULATED
2026-08-27 06:00:00,BLR_ST05,Whitefield Export Promotion Industrial Park,12.9815,77.7289,54.7,112.2,36.2,9.6,1.19,31.5,19.2,109,Moderate,PM10,DEMO,SIMULATED
2026-08-27 06:00:00,BLR_ST06,Indiranagar 100ft Road,12.9784,77.6408,40.1,79.4,29.8,7.1,0.9,36.9,16.1,80,Satisfactory,PM10,DEMO,SIMULATED
2026-08-27 06:00:00,BLR_ST07,Jayanagar 4th Block,12.9299,77.5826,33.9,67.4,24.3,5.8,0.79,39.4,13.6,68,Satisfactory,PM10,DEMO,SIMULATED
2026-08-27 06:00:00,BLR_ST08,City Railway Station / Majestic,12.9778,77.5713,63.6,124.7,46.8,11.7,1.62,23.9,23.5,117,Moderate,PM10,DEMO,SIMULATED
2026-08-27 06:00:00,BLR_ST09,Saneguruvanahalli (Basaveshwaranagar),12.9912,77.5456,40.3,80.0,27.7,6.8,0.85,38.3,16.3,80,Satisfactory,PM10,DEMO,SIMULATED
2026-08-27 06:00:00,BLR_ST10,BWSSB Kadabeesanahalli (Outer Ring Road),12.9352,77.6894,64.5,127.9,44.9,10.0,1.52,27.7,22.0,119,Moderate,PM10,DEMO,SIMULATED
2026-08-27 06:00:00,BLR_ST11,Hombegowda Nagar (Lalbagh Vicinity),12.9388,77.5936,36.5,71.1,25.5,6.0,0.81,49.3,14.2,72,Satisfactory,PM10,DEMO,SIMULATED
2026-08-27 06:00:00,BLR_ST12,Yelahanka New Town,13.1007,77.5963,38.5,75.8,26.7,6.1,0.86,40.4,15.2,76,Satisfactory,PM10,DEMO,SIMULATED
2026-08-27 06:00:00,BLR_ST13,Electronic City Phase 1,12.8452,77.6602,57.4,114.3,38.5,9.4,1.21,37.4,19.8,110,Moderate,PM10,DEMO,SIMULATED
2026-08-27 06:00:00,BLR_ST14,Mysore Road / Nayandahalli,12.9463,77.5255,59.9,120.2,42.1,10.2,1.37,27.8,20.4,114,Moderate,PM10,DEMO,SIMULATED
2026-08-27 07:00:00,BLR_ST01,Silk Board Junction,12.9176,77.6238,87.8,166.7,57.4,12.3,1.99,30.5,25.9,193,Moderate,PM2.5,DEMO,SIMULATED
2026-08-27 07:00:00,BLR_ST02,BTM Layout CAAQMS,12.9135,77.6101,54.1,107.4,37.1,8.4,1.16,34.2,19.5,106,Moderate,PM10,DEMO,SIMULATED
2026-08-27 07:00:00,BLR_ST03,Peenya Industrial Area,13.0285,77.5197,98.5,198.0,68.1,24.1,2.36,25.9,40.8,229,Poor,PM2.5,DEMO,SIMULATED
2026-08-27 07:00:00,BLR_ST04,Hebbal CAAQMS,13.0358,77.597,70.2,142.1,49.3,9.9,1.64,31.5,21.3,135,Moderate,PM2.5,DEMO,SIMULATED
2026-08-27 07:00:00,BLR_ST05,Whitefield Export Promotion Industrial Park,12.9815,77.7289,63.4,129.9,42.0,10.1,1.38,33.4,20.3,121,Moderate,PM10,DEMO,SIMULATED
2026-08-27 07:00:00,BLR_ST06,Indiranagar 100ft Road,12.9784,77.6408,45.8,90.8,34.1,7.4,1.03,38.6,16.8,91,Satisfactory,PM10,DEMO,SIMULATED
2026-08-27 07:00:00,BLR_ST07,Jayanagar 4th Block,12.9299,77.5826,37.1,73.8,26.6,5.8,0.87,39.5,13.6,74,Satisfactory,PM10,DEMO,SIMULATED
2026-08-27 07:00:00,BLR_ST08,City Railway Station / Majestic,12.9778,77.5713,70.2,137.6,51.6,11.8,1.79,24.2,23.7,135,Moderate,PM2.5,DEMO,SIMULATED
2026-08-27 07:00:00,BLR_ST09,Saneguruvanahalli (Basaveshwaranagar),12.9912,77.5456,47.6,94.6,32.7,7.4,1.01,41.4,17.6,95,Satisfactory,PM10,DEMO,SIMULATED
2026-08-27 07:00:00,BLR_ST10,BWSSB Kadabeesanahalli (Outer Ring Road),12.9352,77.6894,73.6,145.9,51.3,10.5,1.73,28.9,22.9,146,Moderate,PM2.5,DEMO,SIMULATED
2026-08-27 07:00:00,BLR_ST11,Hombegowda Nagar (Lalbagh Vicinity),12.9388,77.5936,38.8,75.7,27.1,5.9,0.86,48.0,13.8,76,Satisfactory,PM10,DEMO,SIMULATED
2026-08-27 07:00:00,BLR_ST12,Yelahanka New Town,13.1007,77.5963,40.8,80.4,28.4,5.9,0.91,39.3,14.7,81,Satisfactory,PM10,DEMO,SIMULATED
2026-08-27 07:00:00,BLR_ST13,Electronic City Phase 1,12.8452,77.6602,55.3,110.1,37.1,8.2,1.16,33.0,17.4,108,Moderate,PM10,DEMO,SIMULATED
2026-08-27 07:00:00,BLR_ST14,Mysore Road / Nayandahalli,12.9463,77.5255,72.7,145.9,51.1,11.3,1.66,30.8,22.6,143,Moderate,PM2.5,DEMO,SIMULATED
2026-08-27 08:00:00,BLR_ST01,Silk Board Junction,12.9176,77.6238,82.8,157.2,54.1,10.5,1.87,26.1,21.9,176,Moderate,PM2.5,DEMO,SIMULATED
2026-08-27 08:00:00,BLR_ST02,BTM Layout CAAQMS,12.9135,77.6101,56.0,111.2,38.4,7.8,1.2,32.1,18.1,108,Moderate,PM10,DEMO,SIMULATED
2026-08-27 08:00:00,BLR_ST03,Peenya Industrial Area,13.0285,77.5197,103.2,207.4,71.4,22.7,2.48,24.6,38.5,245,Poor,PM2.5,DEMO,SIMULATED
2026-08-27 08:00:00,BLR_ST04,Hebbal CAAQMS,13.0358,77.597,73.9,149.5,51.9,9.4,1.73,30.0,20.2,147,Moderate,PM2.5,DEMO,SIMULATED
2026-08-27 08:00:00,BLR_ST05,Whitefield Export Promotion Industrial Park,12.9815,77.7289,77.9,159.6,51.6,11.2,1.7,37.1,22.4,160,Moderate,PM2.5,DEMO,SIMULATED
2026-08-27 08:00:00,BLR_ST06,Indiranagar 100ft Road,12.9784,77.6408,47.6,94.3,35.4,6.9,1.07,36.3,15.7,94,Satisfactory,PM10,DEMO,SIMULATED
2026-08-27 08:00:00,BLR_ST07,Jayanagar 4th Block,12.9299,77.5826,46.3,92.2,33.2,6.5,1.08,44.7,15.3,92,Satisfactory,PM10,DEMO,SIMULATED
2026-08-27 08:00:00,BLR_ST08,City Railway Station / Majestic,12.9778,77.5713,87.5,171.6,64.4,13.3,2.23,27.3,26.6,192,Moderate,PM2.5,DEMO,SIMULATED
2026-08-27 08:00:00,BLR_ST09,Saneguruvanahalli (Basaveshwaranagar),12.9912,77.5456,51.5,102.3,35.4,7.2,1.09,40.6,17.1,103,Moderate,PM10,DEMO,SIMULATED
2026-08-27 08:00:00,BLR_ST10,BWSSB Kadabeesanahalli (Outer Ring Road),12.9352,77.6894,77.7,154.0,54.1,9.9,1.82,27.7,21.7,159,Moderate,PM2.5,DEMO,SIMULATED
2026-08-27 08:00:00,BLR_ST11,Hombegowda Nagar (Lalbagh Vicinity),12.9388,77.5936,40.7,79.4,28.4,5.5,0.9,45.6,13.1,80,Satisfactory,PM10,DEMO,SIMULATED
2026-08-27 08:00:00,BLR_ST12,Yelahanka New Town,13.1007,77.5963,45.9,90.3,31.8,5.9,1.02,40.0,14.9,90,Satisfactory,PM10,DEMO,SIMULATED
2026-08-27 08:00:00,BLR_ST13,Electronic City Phase 1,12.8452,77.6602,66.4,132.2,44.5,8.9,1.4,35.9,18.8,122,Moderate,PM2.5,DEMO,SIMULATED
2026-08-27 08:00:00,BLR_ST14,Mysore Road / Nayandahalli,12.9463,77.5255,84.4,169.4,59.3,11.8,1.93,32.4,23.6,182,Moderate,PM2.5,DEMO,SIMULATED
2026-08-27 09:00:00,BLR_ST01,Silk Board Junction,12.9176,77.6238,104.7,198.9,68.5,12.6,2.37,32.3,26.5,250,Poor,PM2.5,DEMO,SIMULATED
2026-08-27 09:00:00,BLR_ST02,BTM Layout CAAQMS,12.9135,77.6101,60.7,120.6,41.6,8.1,1.3,34.0,18.7,115,Moderate,PM10,DEMO,SIMULATED
2026-08-27 09:00:00,BLR_ST03,Peenya Industrial Area,13.0285,77.5197,109.5,220.2,75.8,22.9,2.63,25.6,38.9,265,Poor,PM2.5,DEMO,SIMULATED
2026-08-27 09:00:00,BLR_ST04,Hebbal CAAQMS,13.0358,77.597,82.4,166.9,57.9,10.0,1.93,32.8,21.5,175,Moderate,PM2.5,DEMO,SIMULATED
2026-08-27 09:00:00,BLR_ST05,Whitefield Export Promotion Industrial Park,12.9815,77.7289,77.9,159.8,51.6,10.7,1.7,36.3,21.4,160,Moderate,PM2.5,DEMO,SIMULATED
2026-08-27 09:00:00,BLR_ST06,Indiranagar 100ft Road,12.9784,77.6408,58.9,116.8,43.8,8.2,1.32,44.0,18.5,112,Moderate,PM10,DEMO,SIMULATED
2026-08-27 09:00:00,BLR_ST07,Jayanagar 4th Block,12.9299,77.5826,43.5,86.5,31.1,5.8,1.02,41.0,13.7,87,Satisfactory,PM10,DEMO,SIMULATED
2026-08-27 09:00:00,BLR_ST08,City Railway Station / Majestic,12.9778,77.5713,84.7,166.1,62.3,12.2,2.16,25.8,24.5,183,Moderate,PM2.5,DEMO,SIMULATED
2026-08-27 09:00:00,BLR_ST09,Saneguruvanahalli (Basaveshwaranagar),12.9912,77.5456,52.7,104.7,36.2,7.0,1.11,40.6,16.7,104,Moderate,PM10,DEMO,SIMULATED
2026-08-27 09:00:00,BLR_ST10,BWSSB Kadabeesanahalli (Outer Ring Road),12.9352,77.6894,80.3,159.2,56.0,9.8,1.89,28.0,21.4,168,Moderate,PM2.5,DEMO,SIMULATED
2026-08-27 09:00:00,BLR_ST11,Hombegowda Nagar (Lalbagh Vicinity),12.9388,77.5936,39.8,77.5,27.8,5.1,0.88,43.5,12.2,78,Satisfactory,PM10,DEMO,SIMULATED
2026-08-27 09:00:00,BLR_ST12,Yelahanka New Town,13.1007,77.5963,44.5,87.5,30.9,5.5,0.99,37.9,13.7,88,Satisfactory,PM10,DEMO,SIMULATED
2026-08-27 09:00:00,BLR_ST13,Electronic City Phase 1,12.8452,77.6602,63.5,126.4,42.6,8.1,1.34,33.6,17.1,118,Moderate,PM10,DEMO,SIMULATED
2026-08-27 09:00:00,BLR_ST14,Mysore Road / Nayandahalli,12.9463,77.5255,81.8,164.2,57.5,10.9,1.87,30.7,21.8,173,Moderate,PM2.5,DEMO,SIMULATED
2026-08-27 10:00:00,BLR_ST01,Silk Board Junction,12.9176,77.6238,92.6,175.9,60.6,11.7,2.1,32.1,24.6,210,Poor,PM2.5,DEMO,SIMULATED
2026-08-27 10:00:00,BLR_ST02,BTM Layout CAAQMS,12.9135,77.6101,57.7,114.6,39.6,8.0,1.23,36.3,18.7,111,Moderate,PM10,DEMO,SIMULATED
2026-08-27 10:00:00,BLR_ST03,Peenya Industrial Area,13.0285,77.5197,96.4,193.9,66.7,21.2,2.31,25.3,36.0,222,Poor,PM2.5,DEMO,SIMULATED
2026-08-27 10:00:00,BLR_ST04,Hebbal CAAQMS,13.0358,77.597,80.1,162.1,56.3,10.2,1.88,35.8,21.9,167,Moderate,PM2.5,DEMO,SIMULATED
2026-08-27 10:00:00,BLR_ST05,Whitefield Export Promotion Industrial Park,12.9815,77.7289,73.7,151.2,48.9,10.6,1.61,38.6,21.2,146,Moderate,PM2.5,DEMO,SIMULATED
2026-08-27 10:00:00,BLR_ST06,Indiranagar 100ft Road,12.9784,77.6408,51.1,101.2,38.0,7.4,1.15,42.8,16.8,102,Moderate,PM10,DEMO,SIMULATED
2026-08-27 10:00:00,BLR_ST07,Jayanagar 4th Block,12.9299,77.5826,45.6,90.8,32.7,6.4,1.07,48.4,15.0,91,Satisfactory,PM10,DEMO,SIMULATED
2026-08-27 10:00:00,BLR_ST08,City Railway Station / Majestic,12.9778,77.5713,92.9,182.3,68.4,14.1,2.37,31.9,28.2,211,Poor,PM2.5,DEMO,SIMULATED
2026-08-27 10:00:00,BLR_ST09,Saneguruvanahalli (Basaveshwaranagar),12.9912,77.5456,51.4,102.2,35.4,7.2,1.09,44.5,17.1,102,Moderate,PM10,DEMO,SIMULATED
2026-08-27 10:00:00,BLR_ST10,BWSSB Kadabeesanahalli (Outer Ring Road),12.9352,77.6894,84.3,167.0,58.7,10.8,1.98,32.9,23.6,181,Moderate,PM2.5,DEMO,SIMULATED
2026-08-27 10:00:00,BLR_ST11,Hombegowda Nagar (Lalbagh Vicinity),12.9388,77.5936,41.8,81.6,29.2,5.7,0.93,51.5,13.4,82,Satisfactory,PM10,DEMO,SIMULATED
2026-08-27 10:00:00,BLR_ST12,Yelahanka New Town,13.1007,77.5963,50.3,99.1,35.0,6.5,1.12,48.2,16.3,99,Satisfactory,PM10,DEMO,SIMULATED
2026-08-27 10:00:00,BLR_ST13,Electronic City Phase 1,12.8452,77.6602,66.2,131.7,44.4,8.9,1.39,39.3,18.7,122,Moderate,PM10,DEMO,SIMULATED
2026-08-27 10:00:00,BLR_ST14,Mysore Road / Nayandahalli,12.9463,77.5255,79.4,159.5,55.8,11.1,1.82,33.5,22.2,165,Moderate,PM2.5,DEMO,SIMULATED
2026-08-27 11:00:00,BLR_ST01,Silk Board Junction,12.9176,77.6238,84.2,159.9,55.0,11.8,1.91,36.8,24.8,181,Moderate,PM2.5,DEMO,SIMULATED
2026-08-27 11:00:00,BLR_ST02,BTM Layout CAAQMS,12.9135,77.6101,58.6,116.4,40.2,9.1,1.25,46.6,21.1,112,Moderate,PM10,DEMO,SIMULATED
2026-08-27 11:00:00,BLR_ST03,Peenya Industrial Area,13.0285,77.5197,97.6,196.3,67.6,23.9,2.34,32.3,40.5,226,Poor,PM2.5,DEMO,SIMULATED
2026-08-27 11:00:00,BLR_ST04,Hebbal CAAQMS,13.0358,77.597,63.2,128.0,44.4,9.0,1.48,35.7,19.2,119,Moderate,PM10,DEMO,SIMULATED
2026-08-27 11:00:00,BLR_ST05,Whitefield Export Promotion Industrial Park,12.9815,77.7289,59.5,122.0,39.4,9.5,1.3,39.4,19.0,116,Moderate,PM10,DEMO,SIMULATED
2026-08-27 11:00:00,BLR_ST06,Indiranagar 100ft Road,12.9784,77.6408,44.6,88.3,33.2,7.2,1.0,47.2,16.3,89,Satisfactory,PM10,DEMO,SIMULATED
2026-08-27 11:00:00,BLR_ST07,Jayanagar 4th Block,12.9299,77.5826,41.5,82.7,29.8,6.5,0.97,55.7,15.2,83,Satisfactory,PM10,DEMO,SIMULATED
2026-08-27 11:00:00,BLR_ST08,City Railway Station / Majestic,12.9778,77.5713,78.1,153.2,57.5,13.2,1.99,33.8,26.4,161,Moderate,PM2.5,DEMO,SIMULATED
2026-08-27 11:00:00,BLR_ST09,Saneguruvanahalli (Basaveshwaranagar),12.9912,77.5456,41.9,83.3,28.8,6.5,0.89,45.8,15.5,84,Satisfactory,PM10,DEMO,SIMULATED
2026-08-27 11:00:00,BLR_ST10,BWSSB Kadabeesanahalli (Outer Ring Road),12.9352,77.6894,68.4,135.5,47.6,9.7,1.61,33.8,21.3,129,Moderate,PM2.5,DEMO,SIMULATED
2026-08-27 11:00:00,BLR_ST11,Hombegowda Nagar (Lalbagh Vicinity),12.9388,77.5936,37.8,73.8,26.4,5.7,0.84,58.8,13.5,74,Satisfactory,PM10,DEMO,SIMULATED
2026-08-27 11:00:00,BLR_ST12,Yelahanka New Town,13.1007,77.5963,43.3,85.3,30.1,6.2,0.96,52.4,15.6,86,Satisfactory,PM10,DEMO,SIMULATED
2026-08-27 11:00:00,BLR_ST13,Electronic City Phase 1,12.8452,77.6602,65.8,130.9,44.1,9.8,1.39,49.4,20.7,121,Moderate,PM10,DEMO,SIMULATED
2026-08-27 11:00:00,BLR_ST14,Mysore Road / Nayandahalli,12.9463,77.5255,70.8,142.2,49.8,11.0,1.62,37.8,22.0,137,Moderate,PM2.5,DEMO,SIMULATED
2026-08-27 12:00:00,BLR_ST01,Silk Board Junction,12.9176,77.6238,74.6,141.8,48.8,11.5,1.69,42.1,24.1,149,Moderate,PM2.5,DEMO,SIMULATED
2026-08-27 12:00:00,BLR_ST02,BTM Layout CAAQMS,12.9135,77.6101,45.4,90.1,31.1,7.7,0.97,46.5,17.9,90,Satisfactory,PM10,DEMO,SIMULATED
2026-08-27 12:00:00,BLR_ST03,Peenya Industrial Area,13.0285,77.5197,76.1,152.9,52.6,20.3,1.82,32.5,34.5,154,Moderate,PM2.5,DEMO,SIMULATED
2026-08-27 12:00:00,BLR_ST04,Hebbal CAAQMS,13.0358,77.597,62.4,126.2,43.8,9.7,1.46,45.4,20.7,118,Moderate,PM10,DEMO,SIMULATED
2026-08-27 12:00:00,BLR_ST05,Whitefield Export Promotion Industrial Park,12.9815,77.7289,56.2,115.2,37.2,9.8,1.22,48.0,19.7,111,Moderate,PM10,DEMO,SIMULATED
2026-08-27 12:00:00,BLR_ST06,Indiranagar 100ft Road,12.9784,77.6408,40.3,79.8,30.0,7.1,0.9,55.0,16.2,80,Satisfactory,PM10,DEMO,SIMULATED
2026-08-27 12:00:00,BLR_ST07,Jayanagar 4th Block,12.9299,77.5826,33.2,66.1,23.8,5.7,0.78,57.4,13.3,67,Satisfactory,PM10,DEMO,SIMULATED
2026-08-27 12:00:00,BLR_ST08,City Railway Station / Majestic,12.9778,77.5713,77.0,150.9,56.6,14.2,1.96,43.0,28.4,157,Moderate,PM2.5,DEMO,SIMULATED
2026-08-27 12:00:00,BLR_ST09,Saneguruvanahalli (Basaveshwaranagar),12.9912,77.5456,42.7,84.8,29.4,7.3,0.9,60.2,17.3,85,Satisfactory,PM10,DEMO,SIMULATED
2026-08-27 12:00:00,BLR_ST10,BWSSB Kadabeesanahalli (Outer Ring Road),12.9352,77.6894,68.6,136.0,47.8,10.7,1.61,43.7,23.3,129,Moderate,PM2.5,DEMO,SIMULATED
2026-08-27 12:00:00,BLR_ST11,Hombegowda Nagar (Lalbagh Vicinity),12.9388,77.5936,36.3,70.8,25.4,6.0,0.81,72.9,14.2,73,Satisfactory,O3,DEMO,SIMULATED
2026-08-27 12:00:00,BLR_ST12,Yelahanka New Town,13.1007,77.5963,41.9,82.5,29.1,6.6,0.93,65.3,16.5,83,Satisfactory,PM10,DEMO,SIMULATED
2026-08-27 12:00:00,BLR_ST13,Electronic City Phase 1,12.8452,77.6602,57.1,113.8,38.3,9.3,1.2,55.3,19.7,110,Moderate,PM10,DEMO,SIMULATED
2026-08-27 12:00:00,BLR_ST14,Mysore Road / Nayandahalli,12.9463,77.5255,61.8,124.0,43.4,10.5,1.41,42.5,21.0,117,Moderate,PM10,DEMO,SIMULATED
2026-08-27 13:00:00,BLR_ST01,Silk Board Junction,12.9176,77.6238,65.1,123.6,42.6,10.4,1.47,44.0,21.9,118,Moderate,PM2.5,DEMO,SIMULATED
2026-08-27 13:00:00,BLR_ST02,BTM Layout CAAQMS,12.9135,77.6101,49.9,99.1,34.2,8.8,1.07,61.3,20.5,99,Satisfactory,PM10,DEMO,SIMULATED
2026-08-27 13:00:00,BLR_ST03,Peenya Industrial Area,13.0285,77.5197,79.9,160.6,55.3,22.3,1.92,40.9,37.8,167,Moderate,PM2.5,DEMO,SIMULATED
2026-08-27 13:00:00,BLR_ST04,Hebbal CAAQMS,13.0358,77.597,62.4,126.4,43.9,10.1,1.46,54.5,21.6,118,Moderate,PM10,DEMO,SIMULATED
2026-08-27 13:00:00,BLR_ST05,Whitefield Export Promotion Industrial Park,12.9815,77.7289,60.5,124.1,40.1,11.0,1.32,61.9,22.1,117,Moderate,PM10,DEMO,SIMULATED
2026-08-27 13:00:00,BLR_ST06,Indiranagar 100ft Road,12.9784,77.6408,38.0,75.4,28.3,7.0,0.85,62.3,15.9,76,Satisfactory,PM10,DEMO,SIMULATED
2026-08-27 13:00:00,BLR_ST07,Jayanagar 4th Block,12.9299,77.5826,35.3,70.2,25.3,6.3,0.83,73.0,14.7,74,Satisfactory,O3,DEMO,SIMULATED
2026-08-27 13:00:00,BLR_ST08,City Railway Station / Majestic,12.9778,77.5713,69.4,136.0,51.0,13.4,1.77,46.4,26.7,132,Moderate,PM2.5,DEMO,SIMULATED
2026-08-27 13:00:00,BLR_ST09,Saneguruvanahalli (Basaveshwaranagar),12.9912,77.5456,38.3,76.1,26.3,6.8,0.81,64.7,16.2,77,Satisfactory,PM10,DEMO,SIMULATED
2026-08-27 13:00:00,BLR_ST10,BWSSB Kadabeesanahalli (Outer Ring Road),12.9352,77.6894,59.5,117.9,41.4,9.6,1.4,45.4,21.1,113,Moderate,PM10,DEMO,SIMULATED
2026-08-27 13:00:00,BLR_ST11,Hombegowda Nagar (Lalbagh Vicinity),12.9388,77.5936,31.0,60.4,21.6,5.3,0.69,74.4,12.6,75,Satisfactory,O3,DEMO,SIMULATED
2026-08-27 13:00:00,BLR_ST12,Yelahanka New Town,13.1007,77.5963,35.3,69.5,24.5,5.8,0.78,66.0,14.5,70,Satisfactory,PM10,DEMO,SIMULATED
2026-08-27 13:00:00,BLR_ST13,Electronic City Phase 1,12.8452,77.6602,54.7,109.0,36.7,9.3,1.15,63.5,19.6,107,Moderate,PM10,DEMO,SIMULATED
2026-08-27 13:00:00,BLR_ST14,Mysore Road / Nayandahalli,12.9463,77.5255,66.5,133.5,46.7,11.8,1.52,54.8,23.6,123,Moderate,PM10,DEMO,SIMULATED
2026-08-27 14:00:00,BLR_ST01,Silk Board Junction,12.9176,77.6238,68.4,129.9,44.7,11.1,1.55,49.4,23.3,129,Moderate,PM2.5,DEMO,SIMULATED
2026-08-27 14:00:00,BLR_ST02,BTM Layout CAAQMS,12.9135,77.6101,48.7,96.8,33.4,8.7,1.04,63.9,20.3,97,Satisfactory,PM10,DEMO,SIMULATED
2026-08-27 14:00:00,BLR_ST03,Peenya Industrial Area,13.0285,77.5197,76.0,152.9,52.6,21.5,1.82,41.5,36.4,154,Moderate,PM2.5,DEMO,SIMULATED
2026-08-27 14:00:00,BLR_ST04,Hebbal CAAQMS,13.0358,77.597,65.2,132.1,45.9,10.7,1.53,60.8,22.9,122,Moderate,PM10,DEMO,SIMULATED
2026-08-27 14:00:00,BLR_ST05,Whitefield Export Promotion Industrial Park,12.9815,77.7289,58.7,120.3,38.9,10.8,1.28,64.1,21.7,114,Moderate,PM10,DEMO,SIMULATED
2026-08-27 14:00:00,BLR_ST06,Indiranagar 100ft Road,12.9784,77.6408,40.6,80.4,30.2,7.6,0.91,70.9,17.2,81,Satisfactory,PM10,DEMO,SIMULATED
2026-08-27 14:00:00,BLR_ST07,Jayanagar 4th Block,12.9299,77.5826,34.0,67.6,24.3,6.1,0.79,75.1,14.4,76,Satisfactory,O3,DEMO,SIMULATED
2026-08-27 14:00:00,BLR_ST08,City Railway Station / Majestic,12.9778,77.5713,64.3,126.1,47.3,12.5,1.64,45.9,25.0,118,Moderate,PM10,DEMO,SIMULATED
2026-08-27 14:00:00,BLR_ST09,Saneguruvanahalli (Basaveshwaranagar),12.9912,77.5456,36.6,72.7,25.1,6.6,0.77,66.0,15.6,73,Satisfactory,PM10,DEMO,SIMULATED
2026-08-27 14:00:00,BLR_ST10,BWSSB Kadabeesanahalli (Outer Ring Road),12.9352,77.6894,70.1,138.9,48.8,11.5,1.65,57.1,25.2,134,Moderate,PM2.5,DEMO,SIMULATED
2026-08-27 14:00:00,BLR_ST11,Hombegowda Nagar (Lalbagh Vicinity),12.9388,77.5936,31.0,60.4,21.6,5.4,0.69,79.4,12.8,80,Satisfactory,O3,DEMO,SIMULATED
2026-08-27 14:00:00,BLR_ST12,Yelahanka New Town,13.1007,77.5963,36.2,71.3,25.1,6.0,0.8,72.2,15.0,73,Satisfactory,O3,DEMO,SIMULATED
2026-08-27 14:00:00,BLR_ST13,Electronic City Phase 1,12.8452,77.6602,57.4,114.4,38.5,9.9,1.21,71.1,20.9,111,Moderate,PM10,DEMO,SIMULATED
2026-08-27 14:00:00,BLR_ST14,Mysore Road / Nayandahalli,12.9463,77.5255,63.3,127.0,44.5,11.3,1.45,55.7,22.7,119,Moderate,PM10,DEMO,SIMULATED
2026-08-27 15:00:00,BLR_ST01,Silk Board Junction,12.9176,77.6238,71.3,135.5,46.7,11.6,1.62,48.9,24.3,138,Moderate,PM2.5,DEMO,SIMULATED
2026-08-27 15:00:00,BLR_ST02,BTM Layout CAAQMS,12.9135,77.6101,46.1,91.5,31.6,8.3,0.98,57.3,19.2,92,Satisfactory,PM10,DEMO,SIMULATED
2026-08-27 15:00:00,BLR_ST03,Peenya Industrial Area,13.0285,77.5197,74.4,149.5,51.4,21.0,1.78,38.5,35.6,149,Moderate,PM2.5,DEMO,SIMULATED
2026-08-27 15:00:00,BLR_ST04,Hebbal CAAQMS,13.0358,77.597,58.2,117.8,40.9,9.5,1.36,51.4,20.4,113,Moderate,PM10,DEMO,SIMULATED
2026-08-27 15:00:00,BLR_ST05,Whitefield Export Promotion Industrial Park,12.9815,77.7289,58.0,118.9,38.4,10.7,1.26,60.1,21.4,113,Moderate,PM10,DEMO,SIMULATED
2026-08-27 15:00:00,BLR_ST06,Indiranagar 100ft Road,12.9784,77.6408,41.1,81.5,30.6,7.7,0.92,68.2,17.4,82,Satisfactory,PM10,DEMO,SIMULATED
2026-08-27 15:00:00,BLR_ST07,Jayanagar 4th Block,12.9299,77.5826,36.0,71.7,25.8,6.5,0.84,75.6,15.3,76,Satisfactory,O3,DEMO,SIMULATED
2026-08-27 15:00:00,BLR_ST08,City Railway Station / Majestic,12.9778,77.5713,62.7,123.0,46.2,12.2,1.6,42.5,24.5,116,Moderate,PM10,DEMO,SIMULATED
2026-08-27 15:00:00,BLR_ST09,Saneguruvanahalli (Basaveshwaranagar),12.9912,77.5456,38.2,76.0,26.3,6.9,0.81,65.5,16.4,76,Satisfactory,PM10,DEMO,SIMULATED
2026-08-27 15:00:00,BLR_ST10,BWSSB Kadabeesanahalli (Outer Ring Road),12.9352,77.6894,69.5,137.7,48.4,11.4,1.63,53.7,25.0,132,Moderate,PM2.5,DEMO,SIMULATED
2026-08-27 15:00:00,BLR_ST11,Hombegowda Nagar (Lalbagh Vicinity),12.9388,77.5936,31.2,60.7,21.8,5.4,0.69,75.8,12.8,76,Satisfactory,O3,DEMO,SIMULATED
2026-08-27 15:00:00,BLR_ST12,Yelahanka New Town,13.1007,77.5963,37.5,73.8,26.0,6.2,0.83,70.9,15.6,74,Satisfactory,PM10,DEMO,SIMULATED
2026-08-27 15:00:00,BLR_ST13,Electronic City Phase 1,12.8452,77.6602,48.3,96.2,32.4,8.3,1.02,56.8,17.6,96,Satisfactory,PM10,DEMO,SIMULATED
2026-08-27 15:00:00,BLR_ST14,Mysore Road / Nayandahalli,12.9463,77.5255,67.1,134.7,47.1,12.0,1.53,56.0,24.1,124,Moderate,PM2.5,DEMO,SIMULATED
2026-08-27 16:00:00,BLR_ST01,Silk Board Junction,12.9176,77.6238,72.7,138.1,47.5,11.8,1.65,43.1,24.6,143,Moderate,PM2.5,DEMO,SIMULATED
2026-08-27 16:00:00,BLR_ST02,BTM Layout CAAQMS,12.9135,77.6101,44.7,88.8,30.6,8.0,0.95,48.1,18.5,89,Satisfactory,PM10,DEMO,SIMULATED
2026-08-27 16:00:00,BLR_ST03,Peenya Industrial Area,13.0285,77.5197,74.3,149.4,51.4,20.9,1.78,33.3,35.4,148,Moderate,PM2.5,DEMO,SIMULATED
2026-08-27 16:00:00,BLR_ST04,Hebbal CAAQMS,13.0358,77.597,60.8,123.0,42.7,9.9,1.42,46.5,21.2,116,Moderate,PM10,DEMO,SIMULATED
2026-08-27 16:00:00,BLR_ST05,Whitefield Export Promotion Industrial Park,12.9815,77.7289,56.0,114.9,37.1,10.3,1.22,50.3,20.6,111,Moderate,PM10,DEMO,SIMULATED
2026-08-27 16:00:00,BLR_ST06,Indiranagar 100ft Road,12.9784,77.6408,37.0,73.4,27.6,6.9,0.83,53.2,15.6,74,Satisfactory,PM10,DEMO,SIMULATED
2026-08-27 16:00:00,BLR_ST07,Jayanagar 4th Block,12.9299,77.5826,37.8,75.3,27.1,6.8,0.88,68.7,15.9,76,Satisfactory,PM10,DEMO,SIMULATED
2026-08-27 16:00:00,BLR_ST08,City Railway Station / Majestic,12.9778,77.5713,72.6,142.4,53.4,14.1,1.85,42.6,28.1,143,Moderate,PM2.5,DEMO,SIMULATED
2026-08-27 16:00:00,BLR_ST09,Saneguruvanahalli (Basaveshwaranagar),12.9912,77.5456,37.8,75.1,26.0,6.7,0.8,56.0,16.1,76,Satisfactory,PM10,DEMO,SIMULATED
2026-08-27 16:00:00,BLR_ST10,BWSSB Kadabeesanahalli (Outer Ring Road),12.9352,77.6894,59.4,117.8,41.4,9.7,1.39,39.8,21.2,113,Moderate,PM10,DEMO,SIMULATED
2026-08-27 16:00:00,BLR_ST11,Hombegowda Nagar (Lalbagh Vicinity),12.9388,77.5936,33.8,66.0,23.6,5.9,0.75,71.3,13.9,72,Satisfactory,O3,DEMO,SIMULATED
2026-08-27 16:00:00,BLR_ST12,Yelahanka New Town,13.1007,77.5963,36.2,71.3,25.2,6.0,0.81,59.4,15.0,72,Satisfactory,PM10,DEMO,SIMULATED
2026-08-27 16:00:00,BLR_ST13,Electronic City Phase 1,12.8452,77.6602,54.8,109.2,36.8,9.4,1.16,55.8,19.8,107,Moderate,PM10,DEMO,SIMULATED
2026-08-27 16:00:00,BLR_ST14,Mysore Road / Nayandahalli,12.9463,77.5255,61.7,123.9,43.4,11.0,1.41,44.6,22.0,117,Moderate,PM10,DEMO,SIMULATED
2026-08-27 17:00:00,BLR_ST01,Silk Board Junction,12.9176,77.6238,69.6,132.1,45.5,11.0,1.58,34.2,23.0,133,Moderate,PM2.5,DEMO,SIMULATED
2026-08-27 17:00:00,BLR_ST02,BTM Layout CAAQMS,12.9135,77.6101,51.5,102.3,35.3,9.0,1.1,46.0,20.8,103,Moderate,PM10,DEMO,SIMULATED
2026-08-27 17:00:00,BLR_ST03,Peenya Industrial Area,13.0285,77.5197,89.5,180.0,61.9,24.6,2.15,33.3,41.6,198,Moderate,PM2.5,DEMO,SIMULATED
2026-08-27 17:00:00,BLR_ST04,Hebbal CAAQMS,13.0358,77.597,58.5,118.3,41.1,9.3,1.37,37.0,19.9,113,Moderate,PM10,DEMO,SIMULATED
2026-08-27 17:00:00,BLR_ST05,Whitefield Export Promotion Industrial Park,12.9815,77.7289,57.4,117.7,38.0,10.3,1.25,42.6,20.6,113,Moderate,PM10,DEMO,SIMULATED
2026-08-27 17:00:00,BLR_ST06,Indiranagar 100ft Road,12.9784,77.6408,40.3,80.0,30.0,7.3,0.91,48.0,16.6,80,Satisfactory,PM10,DEMO,SIMULATED
2026-08-27 17:00:00,BLR_ST07,Jayanagar 4th Block,12.9299,77.5826,38.2,76.1,27.4,6.7,0.89,57.5,15.7,77,Satisfactory,PM10,DEMO,SIMULATED
2026-08-27 17:00:00,BLR_ST08,City Railway Station / Majestic,12.9778,77.5713,68.8,134.9,50.6,13.0,1.76,33.4,26.0,130,Moderate,PM2.5,DEMO,SIMULATED
2026-08-27 17:00:00,BLR_ST09,Saneguruvanahalli (Basaveshwaranagar),12.9912,77.5456,41.9,83.4,28.8,7.3,0.89,51.5,17.4,84,Satisfactory,PM10,DEMO,SIMULATED
2026-08-27 17:00:00,BLR_ST10,BWSSB Kadabeesanahalli (Outer Ring Road),12.9352,77.6894,70.7,140.1,49.2,11.3,1.66,39.2,24.7,136,Moderate,PM2.5,DEMO,SIMULATED
2026-08-27 17:00:00,BLR_ST11,Hombegowda Nagar (Lalbagh Vicinity),12.9388,77.5936,31.0,60.5,21.7,5.3,0.69,54.2,12.4,61,Satisfactory,PM10,DEMO,SIMULATED
2026-08-27 17:00:00,BLR_ST12,Yelahanka New Town,13.1007,77.5963,39.3,77.3,27.3,6.3,0.87,53.3,15.9,78,Satisfactory,PM10,DEMO,SIMULATED
2026-08-27 17:00:00,BLR_ST13,Electronic City Phase 1,12.8452,77.6602,52.9,105.4,35.5,8.8,1.12,44.6,18.7,105,Moderate,PM10,DEMO,SIMULATED
2026-08-27 17:00:00,BLR_ST14,Mysore Road / Nayandahalli,12.9463,77.5255,68.6,137.7,48.2,12.0,1.57,41.1,23.9,129,Moderate,PM2.5,DEMO,SIMULATED
2026-08-27 18:00:00,BLR_ST01,Silk Board Junction,12.9176,77.6238,77.9,147.9,50.9,11.5,1.76,31.5,24.1,160,Moderate,PM2.5,DEMO,SIMULATED
2026-08-27 18:00:00,BLR_ST02,BTM Layout CAAQMS,12.9135,77.6101,54.8,108.9,37.6,8.9,1.17,40.3,20.8,107,Moderate,PM10,DEMO,SIMULATED
2026-08-27 18:00:00,BLR_ST03,Peenya Industrial Area,13.0285,77.5197,83.4,167.6,57.7,21.4,2.0,25.5,36.3,178,Moderate,PM2.5,DEMO,SIMULATED
2026-08-27 18:00:00,BLR_ST04,Hebbal CAAQMS,13.0358,77.597,63.1,127.7,44.4,9.4,1.48,33.0,20.2,119,Moderate,PM10,DEMO,SIMULATED
2026-08-27 18:00:00,BLR_ST05,Whitefield Export Promotion Industrial Park,12.9815,77.7289,61.7,126.4,40.9,10.4,1.34,37.8,20.8,118,Moderate,PM10,DEMO,SIMULATED
2026-08-27 18:00:00,BLR_ST06,Indiranagar 100ft Road,12.9784,77.6408,48.5,96.1,36.1,8.2,1.09,47.5,18.7,96,Satisfactory,PM10,DEMO,SIMULATED
2026-08-27 18:00:00,BLR_ST07,Jayanagar 4th Block,12.9299,77.5826,37.6,74.7,26.9,6.2,0.88,46.6,14.5,75,Satisfactory,PM10,DEMO,SIMULATED
2026-08-27 18:00:00,BLR_ST08,City Railway Station / Majestic,12.9778,77.5713,68.1,133.6,50.1,12.1,1.74,27.3,24.2,128,Moderate,PM2.5,DEMO,SIMULATED
2026-08-27 18:00:00,BLR_ST09,Saneguruvanahalli (Basaveshwaranagar),12.9912,77.5456,41.9,83.3,28.8,6.9,0.89,42.4,16.3,84,Satisfactory,PM10,DEMO,SIMULATED
2026-08-27 18:00:00,BLR_ST10,BWSSB Kadabeesanahalli (Outer Ring Road),12.9352,77.6894,68.1,135.0,47.5,10.2,1.6,31.1,22.3,128,Moderate,PM2.5,DEMO,SIMULATED
2026-08-27 18:00:00,BLR_ST11,Hombegowda Nagar (Lalbagh Vicinity),12.9388,77.5936,35.0,68.3,24.5,5.6,0.78,50.4,13.1,69,Satisfactory,PM10,DEMO,SIMULATED
2026-08-27 18:00:00,BLR_ST12,Yelahanka New Town,13.1007,77.5963,40.0,78.7,27.7,6.1,0.89,44.7,15.1,79,Satisfactory,PM10,DEMO,SIMULATED
2026-08-27 18:00:00,BLR_ST13,Electronic City Phase 1,12.8452,77.6602,56.9,113.4,38.2,8.9,1.2,39.5,18.8,110,Moderate,PM10,DEMO,SIMULATED
2026-08-27 18:00:00,BLR_ST14,Mysore Road / Nayandahalli,12.9463,77.5255,64.9,130.4,45.6,10.6,1.49,32.1,21.2,121,Moderate,PM10,DEMO,SIMULATED
2026-08-27 19:00:00,BLR_ST01,Silk Board Junction,12.9176,77.6238,81.6,154.9,53.3,10.8,1.85,27.6,22.6,172,Moderate,PM2.5,DEMO,SIMULATED
2026-08-27 19:00:00,BLR_ST02,BTM Layout CAAQMS,12.9135,77.6101,59.9,119.0,41.1,8.7,1.28,36.8,20.3,114,Moderate,PM10,DEMO,SIMULATED
2026-08-27 19:00:00,BLR_ST03,Peenya Industrial Area,13.0285,77.5197,98.9,198.8,68.4,22.7,2.37,25.3,38.5,230,Poor,PM2.5,DEMO,SIMULATED
2026-08-27 19:00:00,BLR_ST04,Hebbal CAAQMS,13.0358,77.597,69.6,141.0,48.9,9.3,1.63,30.4,19.9,133,Moderate,PM2.5,DEMO,SIMULATED
2026-08-27 19:00:00,BLR_ST05,Whitefield Export Promotion Industrial Park,12.9815,77.7289,71.5,146.7,47.4,10.8,1.56,36.6,21.5,139,Moderate,PM2.5,DEMO,SIMULATED
2026-08-27 19:00:00,BLR_ST06,Indiranagar 100ft Road,12.9784,77.6408,44.8,88.8,33.3,6.8,1.01,36.7,15.4,89,Satisfactory,PM10,DEMO,SIMULATED
2026-08-27 19:00:00,BLR_ST07,Jayanagar 4th Block,12.9299,77.5826,44.2,87.9,31.6,6.5,1.03,45.7,15.2,88,Satisfactory,PM10,DEMO,SIMULATED
2026-08-27 19:00:00,BLR_ST08,City Railway Station / Majestic,12.9778,77.5713,85.4,167.4,62.8,13.5,2.18,28.6,27.1,185,Moderate,PM2.5,DEMO,SIMULATED
2026-08-27 19:00:00,BLR_ST09,Saneguruvanahalli (Basaveshwaranagar),12.9912,77.5456,49.4,98.2,34.0,7.2,1.05,41.8,17.2,98,Satisfactory,PM10,DEMO,SIMULATED
2026-08-27 19:00:00,BLR_ST10,BWSSB Kadabeesanahalli (Outer Ring Road),12.9352,77.6894,76.9,152.3,53.5,10.3,1.8,29.3,22.5,157,Moderate,PM2.5,DEMO,SIMULATED
2026-08-27 19:00:00,BLR_ST11,Hombegowda Nagar (Lalbagh Vicinity),12.9388,77.5936,40.0,78.1,28.0,5.7,0.89,48.1,13.4,79,Satisfactory,PM10,DEMO,SIMULATED
2026-08-27 19:00:00,BLR_ST12,Yelahanka New Town,13.1007,77.5963,47.2,92.8,32.8,6.4,1.05,44.1,16.0,93,Satisfactory,PM10,DEMO,SIMULATED
2026-08-27 19:00:00,BLR_ST13,Electronic City Phase 1,12.8452,77.6602,70.4,140.3,47.2,9.9,1.48,40.8,20.8,135,Moderate,PM2.5,DEMO,SIMULATED
2026-08-27 19:00:00,BLR_ST14,Mysore Road / Nayandahalli,12.9463,77.5255,75.3,151.1,52.9,11.0,1.72,31.0,22.0,151,Moderate,PM2.5,DEMO,SIMULATED
2026-08-27 20:00:00,BLR_ST01,Silk Board Junction,12.9176,77.6238,88.5,168.1,57.9,10.4,2.0,26.0,21.9,195,Moderate,PM2.5,DEMO,SIMULATED
2026-08-27 20:00:00,BLR_ST02,BTM Layout CAAQMS,12.9135,77.6101,64.7,128.5,44.3,8.4,1.38,34.5,19.5,120,Moderate,PM10,DEMO,SIMULATED
2026-08-27 20:00:00,BLR_ST03,Peenya Industrial Area,13.0285,77.5197,111.3,223.9,77.0,22.8,2.67,24.8,38.7,271,Poor,PM2.5,DEMO,SIMULATED
2026-08-27 20:00:00,BLR_ST04,Hebbal CAAQMS,13.0358,77.597,88.6,179.4,62.3,10.5,2.08,33.6,22.6,195,Moderate,PM2.5,DEMO,SIMULATED
2026-08-27 20:00:00,BLR_ST05,Whitefield Export Promotion Industrial Park,12.9815,77.7289,81.8,167.6,54.2,11.0,1.78,36.3,21.9,173,Moderate,PM2.5,DEMO,SIMULATED
2026-08-27 20:00:00,BLR_ST06,Indiranagar 100ft Road,12.9784,77.6408,54.6,108.3,40.7,7.4,1.23,38.9,16.8,106,Moderate,PM10,DEMO,SIMULATED
2026-08-27 20:00:00,BLR_ST07,Jayanagar 4th Block,12.9299,77.5826,47.5,94.4,34.0,6.2,1.11,42.7,14.6,95,Satisfactory,PM10,DEMO,SIMULATED
2026-08-27 20:00:00,BLR_ST08,City Railway Station / Majestic,12.9778,77.5713,91.2,178.8,67.1,12.9,2.33,26.5,25.8,205,Poor,PM2.5,DEMO,SIMULATED
2026-08-27 20:00:00,BLR_ST09,Saneguruvanahalli (Basaveshwaranagar),12.9912,77.5456,54.5,108.4,37.5,7.1,1.15,40.0,16.9,107,Moderate,PM10,DEMO,SIMULATED
2026-08-27 20:00:00,BLR_ST10,BWSSB Kadabeesanahalli (Outer Ring Road),12.9352,77.6894,86.7,171.7,60.3,10.3,2.03,28.7,22.6,189,Moderate,PM2.5,DEMO,SIMULATED
2026-08-27 20:00:00,BLR_ST11,Hombegowda Nagar (Lalbagh Vicinity),12.9388,77.5936,44.8,87.4,31.3,5.7,1.0,46.8,13.4,88,Satisfactory,PM10,DEMO,SIMULATED
2026-08-27 20:00:00,BLR_ST12,Yelahanka New Town,13.1007,77.5963,46.3,91.1,32.1,5.6,1.03,37.6,14.0,91,Satisfactory,PM10,DEMO,SIMULATED
2026-08-27 20:00:00,BLR_ST13,Electronic City Phase 1,12.8452,77.6602,71.6,142.7,48.0,8.9,1.51,36.1,18.9,139,Moderate,PM2.5,DEMO,SIMULATED
2026-08-27 20:00:00,BLR_ST14,Mysore Road / Nayandahalli,12.9463,77.5255,92.4,185.6,65.0,12.0,2.11,33.1,24.1,209,Poor,PM2.5,DEMO,SIMULATED
2026-08-27 21:00:00,BLR_ST01,Silk Board Junction,12.9176,77.6238,99.1,188.3,64.8,11.1,2.25,27.5,23.3,231,Poor,PM2.5,DEMO,SIMULATED
2026-08-27 21:00:00,BLR_ST02,BTM Layout CAAQMS,12.9135,77.6101,70.5,140.0,48.3,8.7,1.51,35.6,20.3,136,Moderate,PM2.5,DEMO,SIMULATED
2026-08-27 21:00:00,BLR_ST03,Peenya Industrial Area,13.0285,77.5197,118.3,237.8,81.8,23.1,2.84,24.9,39.1,294,Poor,PM2.5,DEMO,SIMULATED
2026-08-27 21:00:00,BLR_ST04,Hebbal CAAQMS,13.0358,77.597,92.7,187.7,65.2,10.5,2.17,33.2,22.5,210,Poor,PM2.5,DEMO,SIMULATED
2026-08-27 21:00:00,BLR_ST05,Whitefield Export Promotion Industrial Park,12.9815,77.7289,85.5,175.3,56.7,10.9,1.86,35.9,21.8,185,Moderate,PM2.5,DEMO,SIMULATED
2026-08-27 21:00:00,BLR_ST06,Indiranagar 100ft Road,12.9784,77.6408,62.2,123.4,46.3,8.0,1.4,41.9,18.2,116,Moderate,PM10,DEMO,SIMULATED
2026-08-27 21:00:00,BLR_ST07,Jayanagar 4th Block,12.9299,77.5826,48.4,96.3,34.7,6.1,1.13,41.2,14.2,96,Satisfactory,PM10,DEMO,SIMULATED
2026-08-27 21:00:00,BLR_ST08,City Railway Station / Majestic,12.9778,77.5713,93.0,182.4,68.4,12.5,2.37,25.6,25.0,211,Poor,PM2.5,DEMO,SIMULATED
2026-08-27 21:00:00,BLR_ST09,Saneguruvanahalli (Basaveshwaranagar),12.9912,77.5456,57.2,113.7,39.3,7.1,1.21,39.7,16.9,110,Moderate,PM10,DEMO,SIMULATED
2026-08-27 21:00:00,BLR_ST10,BWSSB Kadabeesanahalli (Outer Ring Road),12.9352,77.6894,97.5,193.1,67.9,11.0,2.29,30.6,24.2,226,Poor,PM2.5,DEMO,SIMULATED
2026-08-27 21:00:00,BLR_ST11,Hombegowda Nagar (Lalbagh Vicinity),12.9388,77.5936,49.1,95.7,34.3,5.9,1.09,48.4,14.0,96,Satisfactory,PM10,DEMO,SIMULATED
2026-08-27 21:00:00,BLR_ST12,Yelahanka New Town,13.1007,77.5963,47.4,93.2,32.9,5.4,1.05,36.4,13.6,93,Satisfactory,PM10,DEMO,SIMULATED
2026-08-27 21:00:00,BLR_ST13,Electronic City Phase 1,12.8452,77.6602,69.2,137.7,46.4,8.2,1.46,33.0,17.4,131,Moderate,PM2.5,DEMO,SIMULATED
2026-08-27 21:00:00,BLR_ST14,Mysore Road / Nayandahalli,12.9463,77.5255,91.1,182.8,64.0,11.3,2.08,30.8,22.6,205,Poor,PM2.5,DEMO,SIMULATED
2026-08-27 22:00:00,BLR_ST01,Silk Board Junction,12.9176,77.6238,135.2,256.7,69.2,12.5,2.4,30.8,26.1,313,Very Poor,PM2.5,DEMO,SIMULATED
2026-08-27 22:00:00,BLR_ST02,BTM Layout CAAQMS,12.9135,77.6101,90.8,180.4,48.7,9.2,1.52,37.6,21.4,204,Poor,PM2.5,DEMO,SIMULATED
2026-08-27 22:00:00,BLR_ST03,Peenya Industrial Area,13.0285,77.5197,146.6,294.8,79.4,23.5,2.75,25.3,39.9,321,Very Poor,PM2.5,DEMO,SIMULATED
2026-08-27 22:00:00,BLR_ST04,Hebbal CAAQMS,13.0358,77.597,104.1,210.6,57.2,9.7,1.91,30.6,20.7,248,Poor,PM2.5,DEMO,SIMULATED
2026-08-27 22:00:00,BLR_ST05,Whitefield Export Promotion Industrial Park,12.9815,77.7289,89.4,183.3,46.4,9.4,1.52,30.8,18.8,198,Moderate,PM2.5,DEMO,SIMULATED
2026-08-27 22:00:00,BLR_ST06,Indiranagar 100ft Road,12.9784,77.6408,72.6,143.8,42.3,7.7,1.28,40.1,17.5,143,Moderate,PM2.5,DEMO,SIMULATED
2026-08-27 22:00:00,BLR_ST07,Jayanagar 4th Block,12.9299,77.5826,64.8,129.0,36.4,6.7,1.19,45.2,15.6,120,Moderate,PM10,DEMO,SIMULATED
2026-08-27 22:00:00,BLR_ST08,City Railway Station / Majestic,12.9778,77.5713,116.2,227.8,66.9,12.9,2.32,26.2,25.7,287,Poor,PM2.5,DEMO,SIMULATED
2026-08-27 22:00:00,BLR_ST09,Saneguruvanahalli (Basaveshwaranagar),12.9912,77.5456,69.3,137.7,37.3,7.1,1.15,39.5,16.8,132,Moderate,PM2.5,DEMO,SIMULATED
2026-08-27 22:00:00,BLR_ST10,BWSSB Kadabeesanahalli (Outer Ring Road),12.9352,77.6894,121.8,241.5,66.4,11.3,2.24,31.3,24.9,302,Very Poor,PM2.5,DEMO,SIMULATED
2026-08-27 22:00:00,BLR_ST11,Hombegowda Nagar (Lalbagh Vicinity),12.9388,77.5936,50.5,98.5,27.6,5.0,0.88,40.9,11.8,99,Satisfactory,PM10,DEMO,SIMULATED
2026-08-27 22:00:00,BLR_ST12,Yelahanka New Town,13.1007,77.5963,67.3,132.5,36.6,6.4,1.17,42.4,15.9,125,Moderate,PM2.5,DEMO,SIMULATED
2026-08-27 22:00:00,BLR_ST13,Electronic City Phase 1,12.8452,77.6602,88.3,175.8,46.3,8.6,1.46,34.5,18.2,194,Moderate,PM2.5,DEMO,SIMULATED
2026-08-27 22:00:00,BLR_ST14,Mysore Road / Nayandahalli,12.9463,77.5255,105.3,211.3,57.9,10.7,1.88,29.3,21.4,251,Poor,PM2.5,DEMO,SIMULATED
2026-08-27 23:00:00,BLR_ST01,Silk Board Junction,12.9176,77.6238,103.3,196.1,52.8,10.7,1.83,26.4,22.4,245,Poor,PM2.5,DEMO,SIMULATED
2026-08-27 23:00:00,BLR_ST02,BTM Layout CAAQMS,12.9135,77.6101,74.1,147.2,39.8,8.5,1.24,34.4,19.6,148,Moderate,PM2.5,DEMO,SIMULATED
2026-08-27 23:00:00,BLR_ST03,Peenya Industrial Area,13.0285,77.5197,126.2,253.8,68.4,22.7,2.37,24.4,38.5,306,Very Poor,PM2.5,DEMO,SIMULATED
2026-08-27 23:00:00,BLR_ST04,Hebbal CAAQMS,13.0358,77.597,99.5,201.4,54.7,10.4,1.82,32.8,22.2,232,Poor,PM2.5,DEMO,SIMULATED
2026-08-27 23:00:00,BLR_ST05,Whitefield Export Promotion Industrial Park,12.9815,77.7289,80.9,165.9,42.0,9.5,1.38,31.3,19.1,170,Moderate,PM2.5,DEMO,SIMULATED
2026-08-27 23:00:00,BLR_ST06,Indiranagar 100ft Road,12.9784,77.6408,57.7,114.3,33.6,6.9,1.01,35.7,15.6,110,Moderate,PM10,DEMO,SIMULATED
2026-08-27 23:00:00,BLR_ST07,Jayanagar 4th Block,12.9299,77.5826,57.8,115.0,32.4,6.7,1.06,45.2,15.6,111,Moderate,PM10,DEMO,SIMULATED
2026-08-27 23:00:00,BLR_ST08,City Railway Station / Majestic,12.9778,77.5713,107.3,210.3,61.8,13.3,2.14,27.1,26.6,258,Poor,PM2.5,DEMO,SIMULATED
2026-08-27 23:00:00,BLR_ST09,Saneguruvanahalli (Basaveshwaranagar),12.9912,77.5456,56.4,112.0,30.3,6.4,0.93,36.0,15.4,109,Moderate,PM10,DEMO,SIMULATED
2026-08-27 23:00:00,BLR_ST10,BWSSB Kadabeesanahalli (Outer Ring Road),12.9352,77.6894,108.8,215.6,59.3,11.4,2.0,31.4,24.9,263,Poor,PM2.5,DEMO,SIMULATED
2026-08-27 23:00:00,BLR_ST11,Hombegowda Nagar (Lalbagh Vicinity),12.9388,77.5936,46.0,89.7,25.1,5.1,0.8,41.8,12.1,90,Satisfactory,PM10,DEMO,SIMULATED
2026-08-27 23:00:00,BLR_ST12,Yelahanka New Town,13.1007,77.5963,56.2,110.6,30.5,6.0,0.98,39.7,14.9,108,Moderate,PM10,DEMO,SIMULATED
2026-08-27 23:00:00,BLR_ST13,Electronic City Phase 1,12.8452,77.6602,78.1,155.5,41.0,8.6,1.29,34.2,18.1,161,Moderate,PM2.5,DEMO,SIMULATED
2026-08-27 23:00:00,BLR_ST14,Mysore Road / Nayandahalli,12.9463,77.5255,91.6,183.8,50.3,10.5,1.64,28.5,20.9,206,Poor,PM2.5,DEMO,SIMULATED
2026-08-28 00:00:00,BLR_ST01,Silk Board Junction,12.9176,77.6238,81.4,154.6,41.7,10.4,1.44,25.6,21.7,172,Moderate,PM2.5,DEMO,SIMULATED
2026-08-28 00:00:00,BLR_ST02,BTM Layout CAAQMS,12.9135,77.6101,63.4,126.1,34.1,8.9,1.06,36.3,20.7,118,Moderate,PM10,DEMO,SIMULATED
2026-08-28 00:00:00,BLR_ST03,Peenya Industrial Area,13.0285,77.5197,109.3,219.8,59.2,24.2,2.05,26.0,41.0,265,Poor,PM2.5,DEMO,SIMULATED
2026-08-28 00:00:00,BLR_ST04,Hebbal CAAQMS,13.0358,77.597,79.1,160.1,43.5,10.1,1.45,32.1,21.7,164,Moderate,PM2.5,DEMO,SIMULATED
2026-08-28 00:00:00,BLR_ST05,Whitefield Export Promotion Industrial Park,12.9815,77.7289,65.6,134.4,34.0,9.5,1.12,31.2,19.0,124,Moderate,PM10,DEMO,SIMULATED
2026-08-28 00:00:00,BLR_ST06,Indiranagar 100ft Road,12.9784,77.6408,50.6,100.2,29.5,7.4,0.89,38.5,16.8,101,Moderate,PM10,DEMO,SIMULATED
2026-08-28 00:00:00,BLR_ST07,Jayanagar 4th Block,12.9299,77.5826,42.4,84.3,23.7,6.0,0.78,40.8,14.1,85,Satisfactory,PM10,DEMO,SIMULATED
2026-08-28 00:00:00,BLR_ST08,City Railway Station / Majestic,12.9778,77.5713,86.6,169.8,49.9,13.2,1.73,27.0,26.5,189,Moderate,PM2.5,DEMO,SIMULATED
2026-08-28 00:00:00,BLR_ST09,Saneguruvanahalli (Basaveshwaranagar),12.9912,77.5456,49.6,98.7,26.7,7.0,0.82,39.1,16.7,99,Satisfactory,PM10,DEMO,SIMULATED
2026-08-28 00:00:00,BLR_ST10,BWSSB Kadabeesanahalli (Outer Ring Road),12.9352,77.6894,80.4,159.4,43.8,10.3,1.48,28.6,22.7,168,Moderate,PM2.5,DEMO,SIMULATED
2026-08-28 00:00:00,BLR_ST11,Hombegowda Nagar (Lalbagh Vicinity),12.9388,77.5936,38.2,74.6,20.9,5.2,0.67,42.8,12.4,75,Satisfactory,PM10,DEMO,SIMULATED
2026-08-28 00:00:00,BLR_ST12,Yelahanka New Town,13.1007,77.5963,49.2,96.8,26.7,6.4,0.86,42.8,16.0,97,Satisfactory,PM10,DEMO,SIMULATED
2026-08-28 00:00:00,BLR_ST13,Electronic City Phase 1,12.8452,77.6602,62.7,124.8,32.9,8.5,1.03,33.8,17.9,117,Moderate,PM10,DEMO,SIMULATED
2026-08-28 00:00:00,BLR_ST14,Mysore Road / Nayandahalli,12.9463,77.5255,76.4,153.4,42.0,10.7,1.37,29.3,21.5,155,Moderate,PM2.5,DEMO,SIMULATED
2026-08-28 01:00:00,BLR_ST01,Silk Board Junction,12.9176,77.6238,90.0,170.9,46.0,11.5,1.59,28.3,24.0,200,Moderate,PM2.5,DEMO,SIMULATED
2026-08-28 01:00:00,BLR_ST02,BTM Layout CAAQMS,12.9135,77.6101,56.7,112.6,30.4,8.0,0.95,32.4,18.5,109,Moderate,PM10,DEMO,SIMULATED
2026-08-28 01:00:00,BLR_ST03,Peenya Industrial Area,13.0285,77.5197,102.7,206.4,55.6,22.7,1.93,24.4,38.5,243,Poor,PM2.5,DEMO,SIMULATED
2026-08-28 01:00:00,BLR_ST04,Hebbal CAAQMS,13.0358,77.597,77.5,156.9,42.6,9.9,1.42,31.5,21.3,159,Moderate,PM2.5,DEMO,SIMULATED
2026-08-28 01:00:00,BLR_ST05,Whitefield Export Promotion Industrial Park,12.9815,77.7289,77.3,158.5,40.1,11.2,1.32,36.8,22.4,158,Moderate,PM2.5,DEMO,SIMULATED
2026-08-28 01:00:00,BLR_ST06,Indiranagar 100ft Road,12.9784,77.6408,49.1,97.3,28.6,7.2,0.86,37.4,16.3,97,Satisfactory,PM10,DEMO,SIMULATED
2026-08-28 01:00:00,BLR_ST07,Jayanagar 4th Block,12.9299,77.5826,47.9,95.3,26.8,6.8,0.88,46.1,15.9,95,Satisfactory,PM10,DEMO,SIMULATED
2026-08-28 01:00:00,BLR_ST08,City Railway Station / Majestic,12.9778,77.5713,87.8,172.2,50.6,13.4,1.75,27.3,26.8,193,Moderate,PM2.5,DEMO,SIMULATED
2026-08-28 01:00:00,BLR_ST09,Saneguruvanahalli (Basaveshwaranagar),12.9912,77.5456,46.1,91.7,24.8,6.5,0.76,36.3,15.5,92,Satisfactory,PM10,DEMO,SIMULATED
2026-08-28 01:00:00,BLR_ST10,BWSSB Kadabeesanahalli (Outer Ring Road),12.9352,77.6894,82.7,163.9,45.1,10.6,1.52,29.4,23.3,176,Moderate,PM2.5,DEMO,SIMULATED
2026-08-28 01:00:00,BLR_ST11,Hombegowda Nagar (Lalbagh Vicinity),12.9388,77.5936,41.7,81.4,22.8,5.7,0.73,46.7,13.5,82,Satisfactory,PM10,DEMO,SIMULATED
2026-08-28 01:00:00,BLR_ST12,Yelahanka New Town,13.1007,77.5963,48.3,95.0,26.2,6.3,0.84,42.0,15.7,95,Satisfactory,PM10,DEMO,SIMULATED
2026-08-28 01:00:00,BLR_ST13,Electronic City Phase 1,12.8452,77.6602,60.7,120.8,31.8,8.2,1.0,32.8,17.3,115,Moderate,PM10,DEMO,SIMULATED
2026-08-28 01:00:00,BLR_ST14,Mysore Road / Nayandahalli,12.9463,77.5255,79.9,160.3,43.9,11.2,1.43,30.6,22.5,167,Moderate,PM2.5,DEMO,SIMULATED
2026-08-28 02:00:00,BLR_ST01,Silk Board Junction,12.9176,77.6238,90.2,171.4,46.2,11.5,1.6,28.4,24.1,202,Poor,PM2.5,DEMO,SIMULATED
2026-08-28 02:00:00,BLR_ST02,BTM Layout CAAQMS,12.9135,77.6101,64.6,128.4,34.7,9.1,1.08,37.0,21.1,120,Moderate,PM10,DEMO,SIMULATED
2026-08-28 02:00:00,BLR_ST03,Peenya Industrial Area,13.0285,77.5197,96.9,194.8,52.5,21.4,1.82,23.1,36.4,224,Poor,PM2.5,DEMO,SIMULATED
2026-08-28 02:00:00,BLR_ST04,Hebbal CAAQMS,13.0358,77.597,80.9,163.8,44.5,10.4,1.48,32.9,22.3,170,Moderate,PM2.5,DEMO,SIMULATED
2026-08-28 02:00:00,BLR_ST05,Whitefield Export Promotion Industrial Park,12.9815,77.7289,71.9,147.4,37.3,10.4,1.23,34.2,20.8,140,Moderate,PM2.5,DEMO,SIMULATED
2026-08-28 02:00:00,BLR_ST06,Indiranagar 100ft Road,12.9784,77.6408,49.7,98.4,28.9,7.3,0.87,37.8,16.5,98,Satisfactory,PM10,DEMO,SIMULATED
2026-08-28 02:00:00,BLR_ST07,Jayanagar 4th Block,12.9299,77.5826,44.9,89.3,25.2,6.4,0.82,43.3,14.9,90,Satisfactory,PM10,DEMO,SIMULATED
2026-08-28 02:00:00,BLR_ST08,City Railway Station / Majestic,12.9778,77.5713,87.2,170.9,50.2,13.3,1.74,27.1,26.6,191,Moderate,PM2.5,DEMO,SIMULATED
2026-08-28 02:00:00,BLR_ST09,Saneguruvanahalli (Basaveshwaranagar),12.9912,77.5456,50.0,99.4,26.9,7.0,0.83,39.4,16.8,99,Satisfactory,PM10,DEMO,SIMULATED
2026-08-28 02:00:00,BLR_ST10,BWSSB Kadabeesanahalli (Outer Ring Road),12.9352,77.6894,85.3,169.0,46.5,11.0,1.57,30.3,24.0,184,Moderate,PM2.5,DEMO,SIMULATED
2026-08-28 02:00:00,BLR_ST11,Hombegowda Nagar (Lalbagh Vicinity),12.9388,77.5936,41.5,81.0,22.7,5.7,0.72,46.4,13.4,81,Satisfactory,PM10,DEMO,SIMULATED
2026-08-28 02:00:00,BLR_ST12,Yelahanka New Town,13.1007,77.5963,49.1,96.7,26.7,6.4,0.85,42.7,16.0,97,Satisfactory,PM10,DEMO,SIMULATED
2026-08-28 02:00:00,BLR_ST13,Electronic City Phase 1,12.8452,77.6602,68.4,136.2,35.9,9.2,1.13,36.9,19.5,129,Moderate,PM2.5,DEMO,SIMULATED
2026-08-28 02:00:00,BLR_ST14,Mysore Road / Nayandahalli,12.9463,77.5255,84.5,169.6,46.5,11.9,1.51,32.4,23.8,182,Moderate,PM2.5,DEMO,SIMULATED
2026-08-28 03:00:00,BLR_ST01,Silk Board Junction,12.9176,77.6238,92.9,176.5,47.6,11.8,1.65,29.2,24.8,211,Poor,PM2.5,DEMO,SIMULATED
2026-08-28 03:00:00,BLR_ST02,BTM Layout CAAQMS,12.9135,77.6101,57.5,114.3,30.9,8.1,0.96,32.9,18.8,110,Moderate,PM10,DEMO,SIMULATED
2026-08-28 03:00:00,BLR_ST03,Peenya Industrial Area,13.0285,77.5197,100.0,201.1,54.2,22.1,1.88,23.8,37.6,234,Poor,PM2.5,DEMO,SIMULATED
2026-08-28 03:00:00,BLR_ST04,Hebbal CAAQMS,13.0358,77.597,77.6,157.1,42.7,10.0,1.42,31.5,21.3,159,Moderate,PM2.5,DEMO,SIMULATED
2026-08-28 03:00:00,BLR_ST05,Whitefield Export Promotion Industrial Park,12.9815,77.7289,73.7,151.0,38.2,10.7,1.26,35.1,21.3,146,Moderate,PM2.5,DEMO,SIMULATED
2026-08-28 03:00:00,BLR_ST06,Indiranagar 100ft Road,12.9784,77.6408,47.0,93.1,27.4,6.9,0.83,35.8,15.6,93,Satisfactory,PM10,DEMO,SIMULATED
2026-08-28 03:00:00,BLR_ST07,Jayanagar 4th Block,12.9299,77.5826,41.9,83.4,23.5,5.9,0.77,40.4,13.9,84,Satisfactory,PM10,DEMO,SIMULATED
2026-08-28 03:00:00,BLR_ST08,City Railway Station / Majestic,12.9778,77.5713,89.3,175.2,51.4,13.6,1.78,27.8,27.3,198,Moderate,PM2.5,DEMO,SIMULATED
2026-08-28 03:00:00,BLR_ST09,Saneguruvanahalli (Basaveshwaranagar),12.9912,77.5456,45.2,89.8,24.3,6.4,0.75,35.5,15.1,90,Satisfactory,PM10,DEMO,SIMULATED
2026-08-28 03:00:00,BLR_ST10,BWSSB Kadabeesanahalli (Outer Ring Road),12.9352,77.6894,75.7,149.9,41.2,9.7,1.39,26.9,21.3,153,Moderate,PM2.5,DEMO,SIMULATED
2026-08-28 03:00:00,BLR_ST11,Hombegowda Nagar (Lalbagh Vicinity),12.9388,77.5936,40.6,79.1,22.2,5.5,0.71,45.4,13.1,80,Satisfactory,PM10,DEMO,SIMULATED
2026-08-28 03:00:00,BLR_ST12,Yelahanka New Town,13.1007,77.5963,50.4,99.1,27.4,6.6,0.88,43.8,16.4,99,Satisfactory,PM10,DEMO,SIMULATED
2026-08-28 03:00:00,BLR_ST13,Electronic City Phase 1,12.8452,77.6602,67.1,133.7,35.2,9.1,1.11,36.2,19.1,124,Moderate,PM2.5,DEMO,SIMULATED
2026-08-28 03:00:00,BLR_ST14,Mysore Road / Nayandahalli,12.9463,77.5255,84.7,170.0,46.6,11.9,1.52,32.5,23.8,183,Moderate,PM2.5,DEMO,SIMULATED
2026-08-28 04:00:00,BLR_ST01,Silk Board Junction,12.9176,77.6238,96.5,183.2,49.4,12.3,1.71,30.3,25.7,222,Poor,PM2.5,DEMO,SIMULATED
2026-08-28 04:00:00,BLR_ST02,BTM Layout CAAQMS,12.9135,77.6101,57.0,113.3,30.6,8.0,0.95,32.5,18.6,110,Moderate,PM10,DEMO,SIMULATED
2026-08-28 04:00:00,BLR_ST03,Peenya Industrial Area,13.0285,77.5197,108.0,217.2,58.5,23.9,2.03,25.7,40.5,260,Poor,PM2.5,DEMO,SIMULATED
2026-08-28 04:00:00,BLR_ST04,Hebbal CAAQMS,13.0358,77.597,76.3,154.4,41.9,9.8,1.4,30.9,20.9,155,Moderate,PM2.5,DEMO,SIMULATED
2026-08-28 04:00:00,BLR_ST05,Whitefield Export Promotion Industrial Park,12.9815,77.7289,74.9,153.5,38.8,10.8,1.28,35.6,21.7,150,Moderate,PM2.5,DEMO,SIMULATED
2026-08-28 04:00:00,BLR_ST06,Indiranagar 100ft Road,12.9784,77.6408,53.8,106.7,31.3,7.9,0.95,40.9,17.8,105,Moderate,PM10,DEMO,SIMULATED
2026-08-28 04:00:00,BLR_ST07,Jayanagar 4th Block,12.9299,77.5826,42.4,84.3,23.8,6.0,0.78,40.7,14.0,85,Satisfactory,PM10,DEMO,SIMULATED
2026-08-28 04:00:00,BLR_ST08,City Railway Station / Majestic,12.9778,77.5713,78.7,154.4,45.3,12.0,1.57,24.5,24.0,163,Moderate,PM2.5,DEMO,SIMULATED
2026-08-28 04:00:00,BLR_ST09,Saneguruvanahalli (Basaveshwaranagar),12.9912,77.5456,52.9,105.1,28.5,7.4,0.88,41.5,17.7,104,Moderate,PM10,DEMO,SIMULATED
2026-08-28 04:00:00,BLR_ST10,BWSSB Kadabeesanahalli (Outer Ring Road),12.9352,77.6894,76.0,150.5,41.4,9.7,1.4,26.9,21.3,154,Moderate,PM2.5,DEMO,SIMULATED
2026-08-28 04:00:00,BLR_ST11,Hombegowda Nagar (Lalbagh Vicinity),12.9388,77.5936,44.1,86.0,24.1,6.0,0.77,49.2,14.2,86,Satisfactory,PM10,DEMO,SIMULATED
2026-08-28 04:00:00,BLR_ST12,Yelahanka New Town,13.1007,77.5963,49.4,97.3,26.9,6.4,0.86,42.9,16.1,97,Satisfactory,PM10,DEMO,SIMULATED
2026-08-28 04:00:00,BLR_ST13,Electronic City Phase 1,12.8452,77.6602,69.9,139.1,36.7,9.4,1.15,37.6,19.9,134,Moderate,PM2.5,DEMO,SIMULATED
2026-08-28 04:00:00,BLR_ST14,Mysore Road / Nayandahalli,12.9463,77.5255,85.9,172.4,47.2,12.1,1.54,32.9,24.1,186,Moderate,PM2.5,DEMO,SIMULATED
2026-08-28 05:00:00,BLR_ST01,Silk Board Junction,12.9176,77.6238,100.1,190.2,51.2,12.6,1.77,31.1,26.4,234,Poor,PM2.5,DEMO,SIMULATED
2026-08-28 05:00:00,BLR_ST02,BTM Layout CAAQMS,12.9135,77.6101,64.3,127.9,34.5,8.9,1.08,36.3,20.7,119,Moderate,PM10,DEMO,SIMULATED
2026-08-28 05:00:00,BLR_ST03,Peenya Industrial Area,13.0285,77.5197,99.9,200.8,54.1,21.8,1.88,23.5,37.0,234,Poor,PM2.5,DEMO,SIMULATED
2026-08-28 05:00:00,BLR_ST04,Hebbal CAAQMS,13.0358,77.597,82.0,165.9,45.1,10.4,1.5,32.8,22.2,174,Moderate,PM2.5,DEMO,SIMULATED
2026-08-28 05:00:00,BLR_ST05,Whitefield Export Promotion Industrial Park,12.9815,77.7289,64.4,132.1,33.4,9.2,1.1,30.2,18.4,122,Moderate,PM10,DEMO,SIMULATED
2026-08-28 05:00:00,BLR_ST06,Indiranagar 100ft Road,12.9784,77.6408,52.3,103.6,30.4,7.6,0.92,39.3,17.1,103,Moderate,PM10,DEMO,SIMULATED
2026-08-28 05:00:00,BLR_ST07,Jayanagar 4th Block,12.9299,77.5826,43.9,87.4,24.6,6.1,0.8,41.7,14.4,88,Satisfactory,PM10,DEMO,SIMULATED
2026-08-28 05:00:00,BLR_ST08,City Railway Station / Majestic,12.9778,77.5713,89.3,175.1,51.4,13.4,1.78,27.4,26.9,198,Moderate,PM2.5,DEMO,SIMULATED
2026-08-28 05:00:00,BLR_ST09,Saneguruvanahalli (Basaveshwaranagar),12.9912,77.5456,50.7,100.7,27.3,7.0,0.84,39.3,16.8,101,Moderate,PM10,DEMO,SIMULATED
2026-08-28 05:00:00,BLR_ST10,BWSSB Kadabeesanahalli (Outer Ring Road),12.9352,77.6894,84.2,166.9,45.9,10.7,1.55,29.5,23.4,181,Moderate,PM2.5,DEMO,SIMULATED
2026-08-28 05:00:00,BLR_ST11,Hombegowda Nagar (Lalbagh Vicinity),12.9388,77.5936,43.5,84.7,23.8,5.9,0.76,47.9,13.8,85,Satisfactory,PM10,DEMO,SIMULATED
2026-08-28 05:00:00,BLR_ST12,Yelahanka New Town,13.1007,77.5963,50.8,99.9,27.6,6.5,0.88,43.5,16.3,100,Satisfactory,PM10,DEMO,SIMULATED
2026-08-28 05:00:00,BLR_ST13,Electronic City Phase 1,12.8452,77.6602,62.4,124.2,32.7,8.3,1.03,33.2,17.5,117,Moderate,PM10,DEMO,SIMULATED
2026-08-28 05:00:00,BLR_ST14,Mysore Road / Nayandahalli,12.9463,77.5255,75.1,150.7,41.3,10.4,1.34,28.4,20.8,151,Moderate,PM2.5,DEMO,SIMULATED
2026-08-28 06:00:00,BLR_ST01,Silk Board Junction,12.9176,77.6238,67.6,128.5,44.2,10.4,1.53,25.7,21.8,126,Moderate,PM2.5,DEMO,SIMULATED
2026-08-28 06:00:00,BLR_ST02,BTM Layout CAAQMS,12.9135,77.6101,53.3,105.9,36.6,9.0,1.14,36.8,21.0,105,Moderate,PM10,DEMO,SIMULATED
2026-08-28 06:00:00,BLR_ST03,Peenya Industrial Area,13.0285,77.5197,84.8,170.5,58.7,22.7,2.03,24.4,38.5,183,Moderate,PM2.5,DEMO,SIMULATED
2026-08-28 06:00:00,BLR_ST04,Hebbal CAAQMS,13.0358,77.597,68.5,138.6,48.1,10.6,1.6,33.6,22.7,129,Moderate,PM2.5,DEMO,SIMULATED
2026-08-28 06:00:00,BLR_ST05,Whitefield Export Promotion Industrial Park,12.9815,77.7289,55.0,112.8,36.5,9.6,1.2,31.6,19.3,109,Moderate,PM10,DEMO,SIMULATED
2026-08-28 06:00:00,BLR_ST06,Indiranagar 100ft Road,12.9784,77.6408,38.7,76.6,28.8,6.8,0.87,35.6,15.5,77,Satisfactory,PM10,DEMO,SIMULATED
2026-08-28 06:00:00,BLR_ST07,Jayanagar 4th Block,12.9299,77.5826,38.5,76.6,27.6,6.6,0.9,44.8,15.4,77,Satisfactory,PM10,DEMO,SIMULATED
2026-08-28 06:00:00,BLR_ST08,City Railway Station / Majestic,12.9778,77.5713,76.2,149.5,56.1,14.1,1.95,28.7,28.1,154,Moderate,PM2.5,DEMO,SIMULATED
2026-08-28 06:00:00,BLR_ST09,Saneguruvanahalli (Basaveshwaranagar),12.9912,77.5456,38.4,76.3,26.4,6.5,0.81,36.5,15.6,77,Satisfactory,PM10,DEMO,SIMULATED
2026-08-28 06:00:00,BLR_ST10,BWSSB Kadabeesanahalli (Outer Ring Road),12.9352,77.6894,66.4,131.5,46.2,10.3,1.56,28.5,22.6,122,Moderate,PM2.5,DEMO,SIMULATED
2026-08-28 06:00:00,BLR_ST11,Hombegowda Nagar (Lalbagh Vicinity),12.9388,77.5936,30.9,60.3,21.6,5.1,0.69,41.8,12.1,61,Satisfactory,PM10,DEMO,SIMULATED
2026-08-28 06:00:00,BLR_ST12,Yelahanka New Town,13.1007,77.5963,41.5,81.7,28.8,6.5,0.92,43.6,16.3,82,Satisfactory,PM10,DEMO,SIMULATED
2026-08-28 06:00:00,BLR_ST13,Electronic City Phase 1,12.8452,77.6602,53.1,105.7,35.6,8.6,1.12,34.6,18.3,105,Moderate,PM10,DEMO,SIMULATED
2026-08-28 06:00:00,BLR_ST14,Mysore Road / Nayandahalli,12.9463,77.5255,64.6,129.8,45.4,11.0,1.48,30.0,22.0,121,Moderate,PM10,DEMO,SIMULATED
2026-08-28 07:00:00,BLR_ST01,Silk Board Junction,12.9176,77.6238,75.2,142.8,49.2,10.6,1.7,26.2,22.2,151,Moderate,PM2.5,DEMO,SIMULATED
2026-08-28 07:00:00,BLR_ST02,BTM Layout CAAQMS,12.9135,77.6101,58.4,115.9,40.0,9.1,1.25,36.9,21.0,111,Moderate,PM10,DEMO,SIMULATED
2026-08-28 07:00:00,BLR_ST03,Peenya Industrial Area,13.0285,77.5197,85.0,170.8,58.8,20.8,2.04,22.4,35.2,184,Moderate,PM2.5,DEMO,SIMULATED
2026-08-28 07:00:00,BLR_ST04,Hebbal CAAQMS,13.0358,77.597,68.5,138.7,48.2,9.7,1.61,30.8,20.8,129,Moderate,PM2.5,DEMO,SIMULATED
2026-08-28 07:00:00,BLR_ST05,Whitefield Export Promotion Industrial Park,12.9815,77.7289,65.9,135.1,43.7,10.5,1.44,34.7,21.1,124,Moderate,PM10,DEMO,SIMULATED
2026-08-28 07:00:00,BLR_ST06,Indiranagar 100ft Road,12.9784,77.6408,48.6,96.3,36.2,7.9,1.09,41.0,17.8,96,Satisfactory,PM10,DEMO,SIMULATED
2026-08-28 07:00:00,BLR_ST07,Jayanagar 4th Block,12.9299,77.5826,43.1,85.8,30.9,6.8,1.01,45.9,15.8,86,Satisfactory,PM10,DEMO,SIMULATED
2026-08-28 07:00:00,BLR_ST08,City Railway Station / Majestic,12.9778,77.5713,75.8,148.7,55.8,12.8,1.94,26.1,25.6,153,Moderate,PM2.5,DEMO,SIMULATED
2026-08-28 07:00:00,BLR_ST09,Saneguruvanahalli (Basaveshwaranagar),12.9912,77.5456,45.9,91.2,31.5,7.1,0.97,39.9,17.0,91,Satisfactory,PM10,DEMO,SIMULATED
2026-08-28 07:00:00,BLR_ST10,BWSSB Kadabeesanahalli (Outer Ring Road),12.9352,77.6894,68.8,136.4,47.9,9.8,1.62,27.0,21.4,130,Moderate,PM2.5,DEMO,SIMULATED
2026-08-28 07:00:00,BLR_ST11,Hombegowda Nagar (Lalbagh Vicinity),12.9388,77.5936,35.8,69.9,25.0,5.4,0.8,44.3,12.8,71,Satisfactory,PM10,DEMO,SIMULATED
2026-08-28 07:00:00,BLR_ST12,Yelahanka New Town,13.1007,77.5963,38.3,75.4,26.6,5.5,0.85,36.9,13.8,76,Satisfactory,PM10,DEMO,SIMULATED
2026-08-28 07:00:00,BLR_ST13,Electronic City Phase 1,12.8452,77.6602,60.3,120.0,40.4,9.0,1.27,36.0,19.0,114,Moderate,PM10,DEMO,SIMULATED
2026-08-28 07:00:00,BLR_ST14,Mysore Road / Nayandahalli,12.9463,77.5255,69.5,139.6,48.8,10.8,1.59,29.5,21.6,132,Moderate,PM2.5,DEMO,SIMULATED
2026-08-28 08:00:00,BLR_ST01,Silk Board Junction,12.9176,77.6238,99.1,188.2,64.8,12.5,2.24,31.2,26.3,231,Poor,PM2.5,DEMO,SIMULATED
2026-08-28 08:00:00,BLR_ST02,BTM Layout CAAQMS,12.9135,77.6101,54.6,108.5,37.4,7.6,1.17,31.3,17.7,107,Moderate,PM10,DEMO,SIMULATED
2026-08-28 08:00:00,BLR_ST03,Peenya Industrial Area,13.0285,77.5197,99.3,199.6,68.7,21.8,2.38,23.7,37.0,232,Poor,PM2.5,DEMO,SIMULATED
2026-08-28 08:00:00,BLR_ST04,Hebbal CAAQMS,13.0358,77.597,76.0,153.9,53.4,9.7,1.78,30.9,20.8,154,Moderate,PM2.5,DEMO,SIMULATED
2026-08-28 08:00:00,BLR_ST05,Whitefield Export Promotion Industrial Park,12.9815,77.7289,77.2,158.4,51.2,11.1,1.68,36.8,22.2,158,Moderate,PM2.5,DEMO,SIMULATED
2026-08-28 08:00:00,BLR_ST06,Indiranagar 100ft Road,12.9784,77.6408,55.2,109.4,41.1,8.0,1.24,42.1,18.2,107,Moderate,PM10,DEMO,SIMULATED
2026-08-28 08:00:00,BLR_ST07,Jayanagar 4th Block,12.9299,77.5826,40.5,80.5,29.0,5.7,0.95,39.1,13.3,81,Satisfactory,PM10,DEMO,SIMULATED
2026-08-28 08:00:00,BLR_ST08,City Railway Station / Majestic,12.9778,77.5713,88.9,174.3,65.4,13.5,2.27,27.7,27.0,196,Moderate,PM2.5,DEMO,SIMULATED
2026-08-28 08:00:00,BLR_ST09,Saneguruvanahalli (Basaveshwaranagar),12.9912,77.5456,49.1,97.5,33.7,6.9,1.04,38.7,16.3,98,Satisfactory,PM10,DEMO,SIMULATED
2026-08-28 08:00:00,BLR_ST10,BWSSB Kadabeesanahalli (Outer Ring Road),12.9352,77.6894,90.1,178.5,62.7,11.5,2.11,32.1,25.2,201,Poor,PM2.5,DEMO,SIMULATED
2026-08-28 08:00:00,BLR_ST11,Hombegowda Nagar (Lalbagh Vicinity),12.9388,77.5936,39.4,76.8,27.5,5.3,0.88,44.1,12.6,77,Satisfactory,PM10,DEMO,SIMULATED
2026-08-28 08:00:00,BLR_ST12,Yelahanka New Town,13.1007,77.5963,45.4,89.3,31.5,5.9,1.01,39.5,14.7,90,Satisfactory,PM10,DEMO,SIMULATED
2026-08-28 08:00:00,BLR_ST13,Electronic City Phase 1,12.8452,77.6602,63.0,125.4,42.2,8.4,1.33,34.1,17.8,118,Moderate,PM10,DEMO,SIMULATED
2026-08-28 08:00:00,BLR_ST14,Mysore Road / Nayandahalli,12.9463,77.5255,72.8,146.1,51.1,10.2,1.67,28.0,20.3,143,Moderate,PM2.5,DEMO,SIMULATED
2026-08-28 09:00:00,BLR_ST01,Silk Board Junction,12.9176,77.6238,102.0,193.8,66.7,12.3,2.31,31.4,25.8,241,Poor,PM2.5,DEMO,SIMULATED
2026-08-28 09:00:00,BLR_ST02,BTM Layout CAAQMS,12.9135,77.6101,62.6,124.4,42.9,8.3,1.34,35.1,19.3,117,Moderate,PM10,DEMO,SIMULATED
2026-08-28 09:00:00,BLR_ST03,Peenya Industrial Area,13.0285,77.5197,110.4,222.0,76.4,23.1,2.65,25.8,39.2,268,Poor,PM2.5,DEMO,SIMULATED
2026-08-28 09:00:00,BLR_ST04,Hebbal CAAQMS,13.0358,77.597,83.0,167.9,58.3,10.1,1.94,33.0,21.6,177,Moderate,PM2.5,DEMO,SIMULATED
2026-08-28 09:00:00,BLR_ST05,Whitefield Export Promotion Industrial Park,12.9815,77.7289,75.8,155.4,50.2,10.4,1.65,35.4,20.8,153,Moderate,PM2.5,DEMO,SIMULATED
2026-08-28 09:00:00,BLR_ST06,Indiranagar 100ft Road,12.9784,77.6408,48.9,96.9,36.4,6.8,1.1,36.5,15.4,97,Satisfactory,PM10,DEMO,SIMULATED
2026-08-28 09:00:00,BLR_ST07,Jayanagar 4th Block,12.9299,77.5826,48.8,97.1,35.0,6.6,1.14,46.1,15.3,97,Satisfactory,PM10,DEMO,SIMULATED
2026-08-28 09:00:00,BLR_ST08,City Railway Station / Majestic,12.9778,77.5713,85.3,167.3,62.8,12.3,2.18,26.0,24.7,184,Moderate,PM2.5,DEMO,SIMULATED
2026-08-28 09:00:00,BLR_ST09,Saneguruvanahalli (Basaveshwaranagar),12.9912,77.5456,47.2,93.8,32.5,6.3,1.0,36.4,15.0,94,Satisfactory,PM10,DEMO,SIMULATED
2026-08-28 09:00:00,BLR_ST10,BWSSB Kadabeesanahalli (Outer Ring Road),12.9352,77.6894,87.4,173.2,60.9,10.6,2.05,30.4,23.3,191,Moderate,PM2.5,DEMO,SIMULATED
2026-08-28 09:00:00,BLR_ST11,Hombegowda Nagar (Lalbagh Vicinity),12.9388,77.5936,38.9,75.8,27.1,5.0,0.86,42.6,11.9,76,Satisfactory,PM10,DEMO,SIMULATED
2026-08-28 09:00:00,BLR_ST12,Yelahanka New Town,13.1007,77.5963,51.2,100.8,35.5,6.3,1.14,43.6,15.8,102,Moderate,PM10,DEMO,SIMULATED
2026-08-28 09:00:00,BLR_ST13,Electronic City Phase 1,12.8452,77.6602,66.3,132.1,44.5,8.5,1.4,35.1,17.9,122,Moderate,PM2.5,DEMO,SIMULATED
2026-08-28 09:00:00,BLR_ST14,Mysore Road / Nayandahalli,12.9463,77.5255,77.9,156.4,54.8,10.4,1.78,29.3,20.8,160,Moderate,PM2.5,DEMO,SIMULATED
2026-08-28 10:00:00,BLR_ST01,Silk Board Junction,12.9176,77.6238,97.6,185.4,63.8,12.4,2.21,33.8,25.9,226,Poor,PM2.5,DEMO,SIMULATED
2026-08-28 10:00:00,BLR_ST02,BTM Layout CAAQMS,12.9135,77.6101,58.1,115.5,39.9,8.1,1.24,36.6,18.8,111,Moderate,PM10,DEMO,SIMULATED
2026-08-28 10:00:00,BLR_ST03,Peenya Industrial Area,13.0285,77.5197,94.7,190.4,65.5,20.8,2.27,24.8,35.3,217,Poor,PM2.5,DEMO,SIMULATED
2026-08-28 10:00:00,BLR_ST04,Hebbal CAAQMS,13.0358,77.597,83.0,168.1,58.4,10.6,1.95,37.1,22.7,177,Moderate,PM2.5,DEMO,SIMULATED
2026-08-28 10:00:00,BLR_ST05,Whitefield Export Promotion Industrial Park,12.9815,77.7289,63.8,130.8,42.3,9.2,1.39,33.4,18.4,121,Moderate,PM10,DEMO,SIMULATED
2026-08-28 10:00:00,BLR_ST06,Indiranagar 100ft Road,12.9784,77.6408,55.2,109.4,41.1,8.0,1.24,46.3,18.2,107,Moderate,PM10,DEMO,SIMULATED
2026-08-28 10:00:00,BLR_ST07,Jayanagar 4th Block,12.9299,77.5826,40.9,81.3,29.3,5.8,0.96,43.3,13.5,82,Satisfactory,PM10,DEMO,SIMULATED
2026-08-28 10:00:00,BLR_ST08,City Railway Station / Majestic,12.9778,77.5713,79.3,155.6,58.4,12.0,2.03,27.2,24.1,165,Moderate,PM2.5,DEMO,SIMULATED
2026-08-28 10:00:00,BLR_ST09,Saneguruvanahalli (Basaveshwaranagar),12.9912,77.5456,46.2,91.8,31.8,6.5,0.98,40.0,15.4,92,Satisfactory,PM10,DEMO,SIMULATED
2026-08-28 10:00:00,BLR_ST10,BWSSB Kadabeesanahalli (Outer Ring Road),12.9352,77.6894,76.9,152.3,53.5,9.8,1.8,30.0,21.5,157,Moderate,PM2.5,DEMO,SIMULATED
2026-08-28 10:00:00,BLR_ST11,Hombegowda Nagar (Lalbagh Vicinity),12.9388,77.5936,41.8,81.6,29.2,5.7,0.93,51.5,13.4,82,Satisfactory,PM10,DEMO,SIMULATED
2026-08-28 10:00:00,BLR_ST12,Yelahanka New Town,13.1007,77.5963,41.9,82.5,29.1,5.4,0.93,40.1,13.6,83,Satisfactory,PM10,DEMO,SIMULATED
2026-08-28 10:00:00,BLR_ST13,Electronic City Phase 1,12.8452,77.6602,60.6,120.8,40.7,8.1,1.28,36.0,17.2,115,Moderate,PM10,DEMO,SIMULATED
2026-08-28 10:00:00,BLR_ST14,Mysore Road / Nayandahalli,12.9463,77.5255,83.3,167.2,58.5,11.6,1.91,35.2,23.3,178,Moderate,PM2.5,DEMO,SIMULATED
2026-08-28 11:00:00,BLR_ST01,Silk Board Junction,12.9176,77.6238,77.5,147.2,50.7,10.9,1.75,33.9,22.8,159,Moderate,PM2.5,DEMO,SIMULATED
2026-08-28 11:00:00,BLR_ST02,BTM Layout CAAQMS,12.9135,77.6101,52.3,103.8,35.8,8.1,1.12,41.6,18.8,104,Moderate,PM10,DEMO,SIMULATED
2026-08-28 11:00:00,BLR_ST03,Peenya Industrial Area,13.0285,77.5197,85.7,172.3,59.3,20.9,2.06,28.4,35.5,186,Moderate,PM2.5,DEMO,SIMULATED
2026-08-28 11:00:00,BLR_ST04,Hebbal CAAQMS,13.0358,77.597,63.0,127.5,44.3,8.9,1.48,35.6,19.1,119,Moderate,PM10,DEMO,SIMULATED
2026-08-28 11:00:00,BLR_ST05,Whitefield Export Promotion Industrial Park,12.9815,77.7289,66.8,137.0,44.3,10.7,1.46,44.2,21.4,125,Moderate,PM10,DEMO,SIMULATED
2026-08-28 11:00:00,BLR_ST06,Indiranagar 100ft Road,12.9784,77.6408,46.6,92.3,34.7,7.5,1.05,49.4,17.1,92,Satisfactory,PM10,DEMO,SIMULATED
2026-08-28 11:00:00,BLR_ST07,Jayanagar 4th Block,12.9299,77.5826,41.5,82.6,29.7,6.5,0.97,55.6,15.2,83,Satisfactory,PM10,DEMO,SIMULATED
2026-08-28 11:00:00,BLR_ST08,City Railway Station / Majestic,12.9778,77.5713,76.7,150.4,56.4,12.9,1.96,33.2,25.9,156,Moderate,PM2.5,DEMO,SIMULATED
2026-08-28 11:00:00,BLR_ST09,Saneguruvanahalli (Basaveshwaranagar),12.9912,77.5456,46.2,91.8,31.8,7.2,0.98,50.5,17.1,92,Satisfactory,PM10,DEMO,SIMULATED
2026-08-28 11:00:00,BLR_ST10,BWSSB Kadabeesanahalli (Outer Ring Road),12.9352,77.6894,74.1,146.9,51.6,10.5,1.74,36.6,23.1,148,Moderate,PM2.5,DEMO,SIMULATED
2026-08-28 11:00:00,BLR_ST11,Hombegowda Nagar (Lalbagh Vicinity),12.9388,77.5936,33.6,65.5,23.5,5.1,0.75,52.3,12.0,66,Satisfactory,PM10,DEMO,SIMULATED
2026-08-28 11:00:00,BLR_ST12,Yelahanka New Town,13.1007,77.5963,41.7,82.1,29.0,6.0,0.93,50.4,15.0,82,Satisfactory,PM10,DEMO,SIMULATED
2026-08-28 11:00:00,BLR_ST13,Electronic City Phase 1,12.8452,77.6602,65.8,131.0,44.1,9.8,1.39,49.4,20.7,121,Moderate,PM10,DEMO,SIMULATED
2026-08-28 11:00:00,BLR_ST14,Mysore Road / Nayandahalli,12.9463,77.5255,64.4,129.2,45.2,10.0,1.47,34.3,20.0,120,Moderate,PM10,DEMO,SIMULATED
2026-08-28 12:00:00,BLR_ST01,Silk Board Junction,12.9176,77.6238,79.0,150.0,51.6,12.2,1.79,44.6,25.5,164,Moderate,PM2.5,DEMO,SIMULATED
2026-08-28 12:00:00,BLR_ST02,BTM Layout CAAQMS,12.9135,77.6101,53.1,105.6,36.4,9.0,1.14,54.5,20.9,105,Moderate,PM10,DEMO,SIMULATED
2026-08-28 12:00:00,BLR_ST03,Peenya Industrial Area,13.0285,77.5197,84.1,169.2,58.2,22.5,2.02,35.9,38.2,181,Moderate,PM2.5,DEMO,SIMULATED
2026-08-28 12:00:00,BLR_ST04,Hebbal CAAQMS,13.0358,77.597,62.7,126.9,44.1,9.7,1.47,45.7,20.8,119,Moderate,PM10,DEMO,SIMULATED
2026-08-28 12:00:00,BLR_ST05,Whitefield Export Promotion Industrial Park,12.9815,77.7289,63.7,130.5,42.2,11.1,1.39,54.4,22.3,121,Moderate,PM10,DEMO,SIMULATED
2026-08-28 12:00:00,BLR_ST06,Indiranagar 100ft Road,12.9784,77.6408,38.6,76.6,28.8,6.8,0.87,52.8,15.5,77,Satisfactory,PM10,DEMO,SIMULATED
2026-08-28 12:00:00,BLR_ST07,Jayanagar 4th Block,12.9299,77.5826,36.0,71.7,25.8,6.2,0.84,62.3,14.4,72,Satisfactory,PM10,DEMO,SIMULATED
2026-08-28 12:00:00,BLR_ST08,City Railway Station / Majestic,12.9778,77.5713,69.1,135.4,50.8,12.7,1.76,38.6,25.5,131,Moderate,PM2.5,DEMO,SIMULATED
2026-08-28 12:00:00,BLR_ST09,Saneguruvanahalli (Basaveshwaranagar),12.9912,77.5456,41.5,82.4,28.5,7.1,0.88,58.5,16.8,83,Satisfactory,PM10,DEMO,SIMULATED
2026-08-28 12:00:00,BLR_ST10,BWSSB Kadabeesanahalli (Outer Ring Road),12.9352,77.6894,67.5,133.7,47.0,10.5,1.58,43.0,23.0,126,Moderate,PM2.5,DEMO,SIMULATED
2026-08-28 12:00:00,BLR_ST11,Hombegowda Nagar (Lalbagh Vicinity),12.9388,77.5936,36.1,70.3,25.2,6.0,0.8,72.3,14.1,73,Satisfactory,O3,DEMO,SIMULATED
2026-08-28 12:00:00,BLR_ST12,Yelahanka New Town,13.1007,77.5963,34.8,68.6,24.2,5.5,0.77,54.3,13.7,69,Satisfactory,PM10,DEMO,SIMULATED
2026-08-28 12:00:00,BLR_ST13,Electronic City Phase 1,12.8452,77.6602,50.6,100.7,33.9,8.2,1.07,49.0,17.4,101,Moderate,PM10,DEMO,SIMULATED
2026-08-28 12:00:00,BLR_ST14,Mysore Road / Nayandahalli,12.9463,77.5255,66.1,132.8,46.5,11.2,1.51,45.5,22.5,123,Moderate,PM10,DEMO,SIMULATED
2026-08-28 13:00:00,BLR_ST01,Silk Board Junction,12.9176,77.6238,65.4,124.3,42.8,10.5,1.48,44.2,22.0,119,Moderate,PM2.5,DEMO,SIMULATED
2026-08-28 13:00:00,BLR_ST02,BTM Layout CAAQMS,12.9135,77.6101,45.3,90.1,31.1,8.0,0.97,55.7,18.6,90,Satisfactory,PM10,DEMO,SIMULATED
2026-08-28 13:00:00,BLR_ST03,Peenya Industrial Area,13.0285,77.5197,82.5,165.8,57.1,23.0,1.98,42.2,39.0,175,Moderate,PM2.5,DEMO,SIMULATED
2026-08-28 13:00:00,BLR_ST04,Hebbal CAAQMS,13.0358,77.597,61.2,123.9,43.0,9.9,1.43,53.4,21.2,117,Moderate,PM10,DEMO,SIMULATED
2026-08-28 13:00:00,BLR_ST05,Whitefield Export Promotion Industrial Park,12.9815,77.7289,53.9,110.5,35.7,9.8,1.17,55.2,19.7,108,Moderate,PM10,DEMO,SIMULATED
2026-08-28 13:00:00,BLR_ST06,Indiranagar 100ft Road,12.9784,77.6408,44.6,88.5,33.2,8.2,1.0,73.1,18.7,89,Satisfactory,PM10,DEMO,SIMULATED
2026-08-28 13:00:00,BLR_ST07,Jayanagar 4th Block,12.9299,77.5826,34.9,69.4,25.0,6.2,0.82,72.3,14.6,73,Satisfactory,O3,DEMO,SIMULATED
2026-08-28 13:00:00,BLR_ST08,City Railway Station / Majestic,12.9778,77.5713,66.9,131.2,49.2,12.9,1.71,44.8,25.8,124,Moderate,PM2.5,DEMO,SIMULATED
2026-08-28 13:00:00,BLR_ST09,Saneguruvanahalli (Basaveshwaranagar),12.9912,77.5456,39.1,77.8,26.9,6.9,0.83,66.2,16.5,78,Satisfactory,PM10,DEMO,SIMULATED
2026-08-28 13:00:00,BLR_ST10,BWSSB Kadabeesanahalli (Outer Ring Road),12.9352,77.6894,59.6,118.1,41.5,9.7,1.4,45.5,21.2,113,Moderate,PM10,DEMO,SIMULATED
2026-08-28 13:00:00,BLR_ST11,Hombegowda Nagar (Lalbagh Vicinity),12.9388,77.5936,33.2,64.8,23.2,5.7,0.74,79.9,13.5,80,Satisfactory,O3,DEMO,SIMULATED
2026-08-28 13:00:00,BLR_ST12,Yelahanka New Town,13.1007,77.5963,39.1,77.0,27.1,6.4,0.87,73.1,16.1,77,Satisfactory,PM10,DEMO,SIMULATED
2026-08-28 13:00:00,BLR_ST13,Electronic City Phase 1,12.8452,77.6602,54.5,108.6,36.6,9.3,1.15,63.3,19.6,107,Moderate,PM10,DEMO,SIMULATED
2026-08-28 13:00:00,BLR_ST14,Mysore Road / Nayandahalli,12.9463,77.5255,65.4,131.3,46.0,11.6,1.5,53.9,23.2,122,Moderate,PM10,DEMO,SIMULATED
2026-08-28 14:00:00,BLR_ST01,Silk Board Junction,12.9176,77.6238,74.0,140.5,48.4,12.0,1.67,53.4,25.2,147,Moderate,PM2.5,DEMO,SIMULATED
2026-08-28 14:00:00,BLR_ST02,BTM Layout CAAQMS,12.9135,77.6101,44.2,87.9,30.3,7.9,0.95,58.1,18.4,88,Satisfactory,PM10,DEMO,SIMULATED
2026-08-28 14:00:00,BLR_ST03,Peenya Industrial Area,13.0285,77.5197,78.6,158.1,54.4,22.2,1.89,43.0,37.6,162,Moderate,PM2.5,DEMO,SIMULATED
2026-08-28 14:00:00,BLR_ST04,Hebbal CAAQMS,13.0358,77.597,56.7,114.7,39.8,9.3,1.33,52.8,19.9,111,Moderate,PM10,DEMO,SIMULATED
2026-08-28 14:00:00,BLR_ST05,Whitefield Export Promotion Industrial Park,12.9815,77.7289,53.4,109.6,35.4,9.9,1.16,58.4,19.7,107,Moderate,PM10,DEMO,SIMULATED
2026-08-28 14:00:00,BLR_ST06,Indiranagar 100ft Road,12.9784,77.6408,39.8,78.8,29.6,7.4,0.89,69.5,16.8,79,Satisfactory,PM10,DEMO,SIMULATED
2026-08-28 14:00:00,BLR_ST07,Jayanagar 4th Block,12.9299,77.5826,33.7,67.1,24.1,6.1,0.79,74.5,14.3,75,Satisfactory,O3,DEMO,SIMULATED
2026-08-28 14:00:00,BLR_ST08,City Railway Station / Majestic,12.9778,77.5713,61.4,120.3,45.1,11.9,1.57,43.8,23.9,114,Moderate,PM10,DEMO,SIMULATED
2026-08-28 14:00:00,BLR_ST09,Saneguruvanahalli (Basaveshwaranagar),12.9912,77.5456,37.3,74.2,25.7,6.7,0.79,67.4,16.0,75,Satisfactory,PM10,DEMO,SIMULATED
2026-08-28 14:00:00,BLR_ST10,BWSSB Kadabeesanahalli (Outer Ring Road),12.9352,77.6894,66.2,131.1,46.1,10.8,1.55,53.9,23.8,122,Moderate,PM10,DEMO,SIMULATED
2026-08-28 14:00:00,BLR_ST11,Hombegowda Nagar (Lalbagh Vicinity),12.9388,77.5936,30.8,60.0,21.5,5.4,0.68,79.0,12.7,79,Satisfactory,O3,DEMO,SIMULATED
2026-08-28 14:00:00,BLR_ST12,Yelahanka New Town,13.1007,77.5963,33.6,66.1,23.3,5.6,0.75,67.0,14.0,68,Satisfactory,O3,DEMO,SIMULATED
2026-08-28 14:00:00,BLR_ST13,Electronic City Phase 1,12.8452,77.6602,56.8,113.0,38.1,9.8,1.2,70.3,20.6,110,Moderate,PM10,DEMO,SIMULATED
2026-08-28 14:00:00,BLR_ST14,Mysore Road / Nayandahalli,12.9463,77.5255,56.0,112.5,39.4,10.0,1.28,49.3,20.1,109,Moderate,PM10,DEMO,SIMULATED
2026-08-28 15:00:00,BLR_ST01,Silk Board Junction,12.9176,77.6238,75.4,143.3,49.3,12.3,1.71,51.7,25.7,152,Moderate,PM2.5,DEMO,SIMULATED
2026-08-28 15:00:00,BLR_ST02,BTM Layout CAAQMS,12.9135,77.6101,43.1,85.5,29.5,7.7,0.92,53.6,17.9,86,Satisfactory,PM10,DEMO,SIMULATED
2026-08-28 15:00:00,BLR_ST03,Peenya Industrial Area,13.0285,77.5197,72.9,146.6,50.4,20.6,1.75,37.8,34.9,144,Moderate,PM2.5,DEMO,SIMULATED
2026-08-28 15:00:00,BLR_ST04,Hebbal CAAQMS,13.0358,77.597,62.7,126.9,44.1,10.3,1.47,55.4,22.0,119,Moderate,PM10,DEMO,SIMULATED
2026-08-28 15:00:00,BLR_ST05,Whitefield Export Promotion Industrial Park,12.9815,77.7289,58.6,120.1,38.8,10.8,1.28,60.7,21.7,114,Moderate,PM10,DEMO,SIMULATED
2026-08-28 15:00:00,BLR_ST06,Indiranagar 100ft Road,12.9784,77.6408,40.6,80.4,30.2,7.6,0.91,67.3,17.2,81,Satisfactory,PM10,DEMO,SIMULATED
2026-08-28 15:00:00,BLR_ST07,Jayanagar 4th Block,12.9299,77.5826,34.8,69.3,25.0,6.3,0.81,73.1,14.8,74,Satisfactory,O3,DEMO,SIMULATED
2026-08-28 15:00:00,BLR_ST08,City Railway Station / Majestic,12.9778,77.5713,67.5,132.4,49.7,13.2,1.72,45.8,26.3,126,Moderate,PM2.5,DEMO,SIMULATED
2026-08-28 15:00:00,BLR_ST09,Saneguruvanahalli (Basaveshwaranagar),12.9912,77.5456,36.6,72.7,25.1,6.6,0.77,62.6,15.6,73,Satisfactory,PM10,DEMO,SIMULATED
2026-08-28 15:00:00,BLR_ST10,BWSSB Kadabeesanahalli (Outer Ring Road),12.9352,77.6894,59.2,117.2,41.2,9.7,1.39,45.7,21.3,112,Moderate,PM10,DEMO,SIMULATED
2026-08-28 15:00:00,BLR_ST11,Hombegowda Nagar (Lalbagh Vicinity),12.9388,77.5936,30.6,59.7,21.4,5.3,0.68,74.5,12.6,75,Satisfactory,O3,DEMO,SIMULATED
2026-08-28 15:00:00,BLR_ST12,Yelahanka New Town,13.1007,77.5963,37.2,73.3,25.9,6.2,0.83,70.5,15.5,74,Satisfactory,PM10,DEMO,SIMULATED
2026-08-28 15:00:00,BLR_ST13,Electronic City Phase 1,12.8452,77.6602,54.9,109.3,36.8,9.5,1.16,64.5,20.0,107,Moderate,PM10,DEMO,SIMULATED
2026-08-28 15:00:00,BLR_ST14,Mysore Road / Nayandahalli,12.9463,77.5255,65.8,132.1,46.2,11.8,1.51,54.9,23.6,122,Moderate,PM10,DEMO,SIMULATED
2026-08-28 16:00:00,BLR_ST01,Silk Board Junction,12.9176,77.6238,74.3,141.1,48.6,12.0,1.68,44.0,25.2,148,Moderate,PM2.5,DEMO,SIMULATED
2026-08-28 16:00:00,BLR_ST02,BTM Layout CAAQMS,12.9135,77.6101,51.5,102.4,35.4,9.2,1.1,55.6,21.3,103,Moderate,PM10,DEMO,SIMULATED
2026-08-28 16:00:00,BLR_ST03,Peenya Industrial Area,13.0285,77.5197,81.4,163.6,56.3,22.8,1.95,36.5,38.8,172,Moderate,PM2.5,DEMO,SIMULATED
2026-08-28 16:00:00,BLR_ST04,Hebbal CAAQMS,13.0358,77.597,58.4,118.2,41.0,9.5,1.37,44.7,20.4,113,Moderate,PM10,DEMO,SIMULATED
2026-08-28 16:00:00,BLR_ST05,Whitefield Export Promotion Industrial Park,12.9815,77.7289,56.3,115.5,37.3,10.4,1.23,50.5,20.7,111,Moderate,PM10,DEMO,SIMULATED
2026-08-28 16:00:00,BLR_ST06,Indiranagar 100ft Road,12.9784,77.6408,38.0,75.3,28.3,7.1,0.85,54.6,16.0,76,Satisfactory,PM10,DEMO,SIMULATED
2026-08-28 16:00:00,BLR_ST07,Jayanagar 4th Block,12.9299,77.5826,35.5,70.7,25.4,6.4,0.83,64.5,15.0,71,Satisfactory,PM10,DEMO,SIMULATED
2026-08-28 16:00:00,BLR_ST08,City Railway Station / Majestic,12.9778,77.5713,63.4,124.3,46.6,12.3,1.62,37.2,24.6,117,Moderate,PM10,DEMO,SIMULATED
2026-08-28 16:00:00,BLR_ST09,Saneguruvanahalli (Basaveshwaranagar),12.9912,77.5456,35.1,69.7,24.1,6.3,0.74,52.0,14.9,70,Satisfactory,PM10,DEMO,SIMULATED
2026-08-28 16:00:00,BLR_ST10,BWSSB Kadabeesanahalli (Outer Ring Road),12.9352,77.6894,68.8,136.3,47.9,11.2,1.61,46.0,24.6,130,Moderate,PM2.5,DEMO,SIMULATED
2026-08-28 16:00:00,BLR_ST11,Hombegowda Nagar (Lalbagh Vicinity),12.9388,77.5936,30.9,60.2,21.6,5.4,0.69,65.1,12.7,66,Satisfactory,O3,DEMO,SIMULATED
2026-08-28 16:00:00,BLR_ST12,Yelahanka New Town,13.1007,77.5963,38.2,75.1,26.5,6.3,0.85,62.5,15.8,76,Satisfactory,PM10,DEMO,SIMULATED
2026-08-28 16:00:00,BLR_ST13,Electronic City Phase 1,12.8452,77.6602,53.3,106.2,35.8,9.1,1.12,54.3,19.3,105,Moderate,PM10,DEMO,SIMULATED
2026-08-28 16:00:00,BLR_ST14,Mysore Road / Nayandahalli,12.9463,77.5255,65.4,131.3,46.0,11.7,1.5,47.3,23.4,122,Moderate,PM10,DEMO,SIMULATED
2026-08-28 17:00:00,BLR_ST01,Silk Board Junction,12.9176,77.6238,77.9,147.9,50.9,12.3,1.76,38.2,25.8,160,Moderate,PM2.5,DEMO,SIMULATED
2026-08-28 17:00:00,BLR_ST02,BTM Layout CAAQMS,12.9135,77.6101,52.8,105.0,36.2,9.2,1.13,47.2,21.4,104,Moderate,PM10,DEMO,SIMULATED
2026-08-28 17:00:00,BLR_ST03,Peenya Industrial Area,13.0285,77.5197,86.9,174.7,60.1,23.8,2.08,32.3,40.4,190,Moderate,PM2.5,DEMO,SIMULATED
2026-08-28 17:00:00,BLR_ST04,Hebbal CAAQMS,13.0358,77.597,63.0,127.6,44.3,10.0,1.48,39.9,21.5,119,Moderate,PM10,DEMO,SIMULATED
2026-08-28 17:00:00,BLR_ST05,Whitefield Export Promotion Industrial Park,12.9815,77.7289,58.4,119.8,38.7,10.5,1.27,43.4,21.0,114,Moderate,PM10,DEMO,SIMULATED
2026-08-28 17:00:00,BLR_ST06,Indiranagar 100ft Road,12.9784,77.6408,37.4,74.1,27.8,6.8,0.84,44.5,15.4,75,Satisfactory,PM10,DEMO,SIMULATED
2026-08-28 17:00:00,BLR_ST07,Jayanagar 4th Block,12.9299,77.5826,38.3,76.2,27.4,6.7,0.9,57.6,15.7,77,Satisfactory,PM10,DEMO,SIMULATED
2026-08-28 17:00:00,BLR_ST08,City Railway Station / Majestic,12.9778,77.5713,73.2,143.6,53.9,13.9,1.87,35.6,27.7,145,Moderate,PM2.5,DEMO,SIMULATED
2026-08-28 17:00:00,BLR_ST09,Saneguruvanahalli (Basaveshwaranagar),12.9912,77.5456,37.2,73.9,25.6,6.5,0.79,45.6,15.4,74,Satisfactory,PM10,DEMO,SIMULATED
2026-08-28 17:00:00,BLR_ST10,BWSSB Kadabeesanahalli (Outer Ring Road),12.9352,77.6894,61.7,122.2,43.0,9.8,1.45,34.2,21.5,116,Moderate,PM10,DEMO,SIMULATED
2026-08-28 17:00:00,BLR_ST11,Hombegowda Nagar (Lalbagh Vicinity),12.9388,77.5936,33.8,65.9,23.6,5.7,0.75,59.0,13.5,67,Satisfactory,PM10,DEMO,SIMULATED
2026-08-28 17:00:00,BLR_ST12,Yelahanka New Town,13.1007,77.5963,35.7,70.3,24.8,5.8,0.79,48.5,14.4,71,Satisfactory,PM10,DEMO,SIMULATED
2026-08-28 17:00:00,BLR_ST13,Electronic City Phase 1,12.8452,77.6602,52.1,103.8,34.9,8.7,1.1,43.9,18.4,104,Moderate,PM10,DEMO,SIMULATED
2026-08-28 17:00:00,BLR_ST14,Mysore Road / Nayandahalli,12.9463,77.5255,56.9,114.2,40.0,9.9,1.3,34.1,19.8,110,Moderate,PM10,DEMO,SIMULATED
2026-08-28 18:00:00,BLR_ST01,Silk Board Junction,12.9176,77.6238,83.5,158.6,54.6,12.4,1.89,33.8,25.9,179,Moderate,PM2.5,DEMO,SIMULATED
2026-08-28 18:00:00,BLR_ST02,BTM Layout CAAQMS,12.9135,77.6101,52.2,103.7,35.8,8.5,1.12,38.4,19.8,103,Moderate,PM10,DEMO,SIMULATED
2026-08-28 18:00:00,BLR_ST03,Peenya Industrial Area,13.0285,77.5197,85.4,171.7,59.1,22.0,2.05,26.2,37.2,185,Moderate,PM2.5,DEMO,SIMULATED
2026-08-28 18:00:00,BLR_ST04,Hebbal CAAQMS,13.0358,77.597,61.1,123.6,42.9,9.1,1.43,31.9,19.5,117,Moderate,PM10,DEMO,SIMULATED
2026-08-28 18:00:00,BLR_ST05,Whitefield Export Promotion Industrial Park,12.9815,77.7289,62.2,127.6,41.2,10.5,1.36,38.1,20.9,119,Moderate,PM10,DEMO,SIMULATED
2026-08-28 18:00:00,BLR_ST06,Indiranagar 100ft Road,12.9784,77.6408,39.9,79.2,29.7,6.8,0.9,39.2,15.4,80,Satisfactory,PM10,DEMO,SIMULATED
2026-08-28 18:00:00,BLR_ST07,Jayanagar 4th Block,12.9299,77.5826,39.5,78.6,28.3,6.5,0.92,49.0,15.2,79,Satisfactory,PM10,DEMO,SIMULATED
2026-08-28 18:00:00,BLR_ST08,City Railway Station / Majestic,12.9778,77.5713,69.1,135.5,50.8,12.3,1.76,27.7,24.5,131,Moderate,PM2.5,DEMO,SIMULATED
2026-08-28 18:00:00,BLR_ST09,Saneguruvanahalli (Basaveshwaranagar),12.9912,77.5456,40.9,81.3,28.2,6.7,0.87,41.4,15.9,82,Satisfactory,PM10,DEMO,SIMULATED
2026-08-28 18:00:00,BLR_ST10,BWSSB Kadabeesanahalli (Outer Ring Road),12.9352,77.6894,68.1,134.9,47.4,10.2,1.6,31.1,22.3,128,Moderate,PM2.5,DEMO,SIMULATED
2026-08-28 18:00:00,BLR_ST11,Hombegowda Nagar (Lalbagh Vicinity),12.9388,77.5936,33.8,65.8,23.6,5.4,0.75,48.6,12.7,66,Satisfactory,PM10,DEMO,SIMULATED
2026-08-28 18:00:00,BLR_ST12,Yelahanka New Town,13.1007,77.5963,41.4,81.4,28.7,6.3,0.92,46.3,15.7,82,Satisfactory,PM10,DEMO,SIMULATED
2026-08-28 18:00:00,BLR_ST13,Electronic City Phase 1,12.8452,77.6602,60.6,120.7,40.6,9.5,1.28,42.1,20.1,115,Moderate,PM10,DEMO,SIMULATED
2026-08-28 18:00:00,BLR_ST14,Mysore Road / Nayandahalli,12.9463,77.5255,68.3,137.0,48.0,11.1,1.56,33.7,22.3,128,Moderate,PM2.5,DEMO,SIMULATED
2026-08-28 19:00:00,BLR_ST01,Silk Board Junction,12.9176,77.6238,79.8,151.5,52.2,10.5,1.81,27.0,22.1,166,Moderate,PM2.5,DEMO,SIMULATED
2026-08-28 19:00:00,BLR_ST02,BTM Layout CAAQMS,12.9135,77.6101,52.5,104.2,36.0,7.6,1.12,32.2,17.8,104,Moderate,PM10,DEMO,SIMULATED
2026-08-28 19:00:00,BLR_ST03,Peenya Industrial Area,13.0285,77.5197,90.8,182.6,62.8,20.9,2.18,23.2,35.4,204,Poor,PM2.5,DEMO,SIMULATED
2026-08-28 19:00:00,BLR_ST04,Hebbal CAAQMS,13.0358,77.597,75.3,152.4,52.9,10.0,1.76,32.8,21.5,151,Moderate,PM2.5,DEMO,SIMULATED
2026-08-28 19:00:00,BLR_ST05,Whitefield Export Promotion Industrial Park,12.9815,77.7289,70.2,143.9,46.5,10.6,1.53,35.9,21.1,135,Moderate,PM2.5,DEMO,SIMULATED
2026-08-28 19:00:00,BLR_ST06,Indiranagar 100ft Road,12.9784,77.6408,47.1,93.3,35.0,7.2,1.06,38.5,16.2,93,Satisfactory,PM10,DEMO,SIMULATED
2026-08-28 19:00:00,BLR_ST07,Jayanagar 4th Block,12.9299,77.5826,43.5,86.5,31.1,6.4,1.02,45.0,15.0,87,Satisfactory,PM10,DEMO,SIMULATED
2026-08-28 19:00:00,BLR_ST08,City Railway Station / Majestic,12.9778,77.5713,81.8,160.3,60.1,13.0,2.09,27.4,25.9,173,Moderate,PM2.5,DEMO,SIMULATED
2026-08-28 19:00:00,BLR_ST09,Saneguruvanahalli (Basaveshwaranagar),12.9912,77.5456,46.0,91.4,31.6,6.7,0.97,38.9,16.0,92,Satisfactory,PM10,DEMO,SIMULATED
2026-08-28 19:00:00,BLR_ST10,BWSSB Kadabeesanahalli (Outer Ring Road),12.9352,77.6894,75.1,148.8,52.3,10.0,1.76,28.7,22.0,151,Moderate,PM2.5,DEMO,SIMULATED
2026-08-28 19:00:00,BLR_ST11,Hombegowda Nagar (Lalbagh Vicinity),12.9388,77.5936,40.8,79.5,28.5,5.8,0.91,49.0,13.7,80,Satisfactory,PM10,DEMO,SIMULATED
2026-08-28 19:00:00,BLR_ST12,Yelahanka New Town,13.1007,77.5963,40.9,80.5,28.4,5.5,0.91,38.2,13.8,81,Satisfactory,PM10,DEMO,SIMULATED
2026-08-28 19:00:00,BLR_ST13,Electronic City Phase 1,12.8452,77.6602,63.4,126.2,42.5,8.9,1.34,36.7,18.7,118,Moderate,PM10,DEMO,SIMULATED
2026-08-28 19:00:00,BLR_ST14,Mysore Road / Nayandahalli,12.9463,77.5255,72.1,144.7,50.6,10.5,1.65,29.7,21.0,141,Moderate,PM2.5,DEMO,SIMULATED
2026-08-28 20:00:00,BLR_ST01,Silk Board Junction,12.9176,77.6238,101.0,191.9,66.1,11.9,2.29,29.7,25.0,237,Poor,PM2.5,DEMO,SIMULATED
2026-08-28 20:00:00,BLR_ST02,BTM Layout CAAQMS,12.9135,77.6101,64.5,128.1,44.2,8.4,1.38,34.4,19.4,120,Moderate,PM10,DEMO,SIMULATED
2026-08-28 20:00:00,BLR_ST03,Peenya Industrial Area,13.0285,77.5197,113.0,227.2,78.2,23.1,2.71,25.1,39.3,277,Poor,PM2.5,DEMO,SIMULATED
2026-08-28 20:00:00,BLR_ST04,Hebbal CAAQMS,13.0358,77.597,75.0,151.8,52.7,8.9,1.76,28.4,19.1,150,Moderate,PM2.5,DEMO,SIMULATED
2026-08-28 20:00:00,BLR_ST05,Whitefield Export Promotion Industrial Park,12.9815,77.7289,74.5,152.7,49.3,10.0,1.62,33.1,20.0,149,Moderate,PM2.5,DEMO,SIMULATED
2026-08-28 20:00:00,BLR_ST06,Indiranagar 100ft Road,12.9784,77.6408,56.4,111.8,42.0,7.6,1.27,40.1,17.3,109,Moderate,PM10,DEMO,SIMULATED
2026-08-28 20:00:00,BLR_ST07,Jayanagar 4th Block,12.9299,77.5826,42.6,84.7,30.5,5.6,1.0,38.3,13.1,85,Satisfactory,PM10,DEMO,SIMULATED
2026-08-28 20:00:00,BLR_ST08,City Railway Station / Majestic,12.9778,77.5713,88.3,173.2,65.0,12.5,2.25,25.7,25.0,194,Moderate,PM2.5,DEMO,SIMULATED
2026-08-28 20:00:00,BLR_ST09,Saneguruvanahalli (Basaveshwaranagar),12.9912,77.5456,49.2,97.8,33.8,6.4,1.04,36.1,15.3,98,Satisfactory,PM10,DEMO,SIMULATED
2026-08-28 20:00:00,BLR_ST10,BWSSB Kadabeesanahalli (Outer Ring Road),12.9352,77.6894,81.8,162.2,57.0,9.7,1.92,27.1,21.3,173,Moderate,PM2.5,DEMO,SIMULATED
2026-08-28 20:00:00,BLR_ST11,Hombegowda Nagar (Lalbagh Vicinity),12.9388,77.5936,41.4,80.7,28.9,5.2,0.92,43.2,12.4,81,Satisfactory,PM10,DEMO,SIMULATED
2026-08-28 20:00:00,BLR_ST12,Yelahanka New Town,13.1007,77.5963,48.0,94.5,33.3,5.8,1.07,39.0,14.5,95,Satisfactory,PM10,DEMO,SIMULATED
2026-08-28 20:00:00,BLR_ST13,Electronic City Phase 1,12.8452,77.6602,65.0,129.4,43.6,8.1,1.37,32.7,17.1,120,Moderate,PM10,DEMO,SIMULATED
2026-08-28 20:00:00,BLR_ST14,Mysore Road / Nayandahalli,12.9463,77.5255,88.7,178.0,62.3,11.5,2.03,31.8,23.1,196,Moderate,PM2.5,DEMO,SIMULATED
2026-08-28 21:00:00,BLR_ST01,Silk Board Junction,12.9176,77.6238,95.8,182.0,62.6,10.8,2.17,26.6,22.5,220,Poor,PM2.5,DEMO,SIMULATED
2026-08-28 21:00:00,BLR_ST02,BTM Layout CAAQMS,12.9135,77.6101,66.2,131.6,45.4,8.2,1.42,33.4,19.0,122,Moderate,PM10,DEMO,SIMULATED
2026-08-28 21:00:00,BLR_ST03,Peenya Industrial Area,13.0285,77.5197,119.5,240.3,82.7,23.3,2.87,25.1,39.5,298,Poor,PM2.5,DEMO,SIMULATED
2026-08-28 21:00:00,BLR_ST04,Hebbal CAAQMS,13.0358,77.597,86.7,175.4,60.9,9.8,2.03,31.1,21.0,189,Moderate,PM2.5,DEMO,SIMULATED
2026-08-28 21:00:00,BLR_ST05,Whitefield Export Promotion Industrial Park,12.9815,77.7289,85.2,174.7,56.5,10.9,1.86,35.8,21.8,184,Moderate,PM2.5,DEMO,SIMULATED
2026-08-28 21:00:00,BLR_ST06,Indiranagar 100ft Road,12.9784,77.6408,61.6,122.1,45.9,8.0,1.38,41.5,18.0,116,Moderate,PM10,DEMO,SIMULATED
2026-08-28 21:00:00,BLR_ST07,Jayanagar 4th Block,12.9299,77.5826,45.3,90.2,32.5,5.7,1.06,38.6,13.3,90,Satisfactory,PM10,DEMO,SIMULATED
2026-08-28 21:00:00,BLR_ST08,City Railway Station / Majestic,12.9778,77.5713,103.6,203.1,76.2,13.9,2.64,28.5,27.9,246,Poor,PM2.5,DEMO,SIMULATED
2026-08-28 21:00:00,BLR_ST09,Saneguruvanahalli (Basaveshwaranagar),12.9912,77.5456,49.8,99.0,34.2,6.2,1.05,34.6,14.7,99,Satisfactory,PM10,DEMO,SIMULATED
2026-08-28 21:00:00,BLR_ST10,BWSSB Kadabeesanahalli (Outer Ring Road),12.9352,77.6894,83.7,165.9,58.3,9.5,1.97,26.3,20.8,179,Moderate,PM2.5,DEMO,SIMULATED
2026-08-28 21:00:00,BLR_ST11,Hombegowda Nagar (Lalbagh Vicinity),12.9388,77.5936,49.5,96.6,34.6,6.0,1.1,48.9,14.1,97,Satisfactory,PM10,DEMO,SIMULATED
2026-08-28 21:00:00,BLR_ST12,Yelahanka New Town,13.1007,77.5963,56.0,110.2,38.9,6.4,1.24,43.0,16.1,108,Moderate,PM10,DEMO,SIMULATED
2026-08-28 21:00:00,BLR_ST13,Electronic City Phase 1,12.8452,77.6602,76.8,153.0,51.5,9.1,1.62,36.6,19.3,156,Moderate,PM2.5,DEMO,SIMULATED
2026-08-28 21:00:00,BLR_ST14,Mysore Road / Nayandahalli,12.9463,77.5255,90.0,180.7,63.3,11.2,2.06,30.5,22.3,200,Moderate,PM2.5,DEMO,SIMULATED
2026-08-28 22:00:00,BLR_ST01,Silk Board Junction,12.9176,77.6238,129.9,246.7,66.5,12.0,2.3,29.6,25.1,309,Very Poor,PM2.5,DEMO,SIMULATED
2026-08-28 22:00:00,BLR_ST02,BTM Layout CAAQMS,12.9135,77.6101,81.2,161.4,43.6,8.3,1.36,33.6,19.2,171,Moderate,PM2.5,DEMO,SIMULATED
2026-08-28 22:00:00,BLR_ST03,Peenya Industrial Area,13.0285,77.5197,129.0,259.3,69.8,20.7,2.42,22.3,35.1,308,Very Poor,PM2.5,DEMO,SIMULATED
2026-08-28 22:00:00,BLR_ST04,Hebbal CAAQMS,13.0358,77.597,95.3,193.0,52.4,8.9,1.75,28.0,19.0,218,Poor,PM2.5,DEMO,SIMULATED
2026-08-28 22:00:00,BLR_ST05,Whitefield Export Promotion Industrial Park,12.9815,77.7289,93.8,192.3,48.6,9.8,1.6,32.3,19.7,214,Poor,PM2.5,DEMO,SIMULATED
2026-08-28 22:00:00,BLR_ST06,Indiranagar 100ft Road,12.9784,77.6408,74.9,148.5,43.6,8.0,1.32,41.4,18.0,150,Moderate,PM2.5,DEMO,SIMULATED
2026-08-28 22:00:00,BLR_ST07,Jayanagar 4th Block,12.9299,77.5826,61.8,122.9,34.6,6.3,1.13,43.1,14.8,116,Moderate,PM10,DEMO,SIMULATED
2026-08-28 22:00:00,BLR_ST08,City Railway Station / Majestic,12.9778,77.5713,125.3,245.7,72.2,13.9,2.5,28.3,27.7,305,Very Poor,PM2.5,DEMO,SIMULATED
2026-08-28 22:00:00,BLR_ST09,Saneguruvanahalli (Basaveshwaranagar),12.9912,77.5456,72.3,143.7,38.9,7.4,1.2,41.2,17.6,142,Moderate,PM2.5,DEMO,SIMULATED
2026-08-28 22:00:00,BLR_ST10,BWSSB Kadabeesanahalli (Outer Ring Road),12.9352,77.6894,103.5,205.0,56.4,9.6,1.9,26.6,21.1,246,Poor,PM2.5,DEMO,SIMULATED
2026-08-28 22:00:00,BLR_ST11,Hombegowda Nagar (Lalbagh Vicinity),12.9388,77.5936,59.4,115.9,32.5,5.9,1.03,48.1,13.9,111,Moderate,PM10,DEMO,SIMULATED
2026-08-28 22:00:00,BLR_ST12,Yelahanka New Town,13.1007,77.5963,60.3,118.6,32.8,5.7,1.05,38.0,14.2,113,Moderate,PM10,DEMO,SIMULATED
2026-08-28 22:00:00,BLR_ST13,Electronic City Phase 1,12.8452,77.6602,93.7,186.7,49.2,9.2,1.55,36.6,19.3,213,Poor,PM2.5,DEMO,SIMULATED
2026-08-28 22:00:00,BLR_ST14,Mysore Road / Nayandahalli,12.9463,77.5255,108.5,217.8,59.7,11.1,1.94,30.2,22.1,262,Poor,PM2.5,DEMO,SIMULATED
2026-08-28 23:00:00,BLR_ST01,Silk Board Junction,12.9176,77.6238,108.8,206.7,55.7,11.3,1.93,27.8,23.6,263,Poor,PM2.5,DEMO,SIMULATED
2026-08-28 23:00:00,BLR_ST02,BTM Layout CAAQMS,12.9135,77.6101,70.8,140.7,38.0,8.1,1.18,32.9,18.8,137,Moderate,PM2.5,DEMO,SIMULATED
2026-08-28 23:00:00,BLR_ST03,Peenya Industrial Area,13.0285,77.5197,120.6,242.4,65.3,21.7,2.26,23.3,36.8,301,Very Poor,PM2.5,DEMO,SIMULATED
2026-08-28 23:00:00,BLR_ST04,Hebbal CAAQMS,13.0358,77.597,90.9,183.9,50.0,9.5,1.67,30.0,20.3,204,Poor,PM2.5,DEMO,SIMULATED
2026-08-28 23:00:00,BLR_ST05,Whitefield Export Promotion Industrial Park,12.9815,77.7289,80.9,165.8,42.0,9.5,1.38,31.3,19.0,170,Moderate,PM2.5,DEMO,SIMULATED
2026-08-28 23:00:00,BLR_ST06,Indiranagar 100ft Road,12.9784,77.6408,63.1,125.1,36.8,7.5,1.11,39.1,17.0,118,Moderate,PM10,DEMO,SIMULATED
2026-08-28 23:00:00,BLR_ST07,Jayanagar 4th Block,12.9299,77.5826,49.6,98.8,27.8,5.7,0.91,38.9,13.4,99,Satisfactory,PM10,DEMO,SIMULATED
2026-08-28 23:00:00,BLR_ST08,City Railway Station / Majestic,12.9778,77.5713,105.0,205.8,60.4,13.0,2.1,26.6,26.1,250,Poor,PM2.5,DEMO,SIMULATED
2026-08-28 23:00:00,BLR_ST09,Saneguruvanahalli (Basaveshwaranagar),12.9912,77.5456,64.3,127.8,34.6,7.4,1.06,41.1,17.5,119,Moderate,PM10,DEMO,SIMULATED
2026-08-28 23:00:00,BLR_ST10,BWSSB Kadabeesanahalli (Outer Ring Road),12.9352,77.6894,97.5,193.2,53.1,10.2,1.79,28.1,22.3,226,Poor,PM2.5,DEMO,SIMULATED
2026-08-28 23:00:00,BLR_ST11,Hombegowda Nagar (Lalbagh Vicinity),12.9388,77.5936,51.8,101.0,28.3,5.8,0.9,47.0,13.6,102,Moderate,PM10,DEMO,SIMULATED
2026-08-28 23:00:00,BLR_ST12,Yelahanka New Town,13.1007,77.5963,60.2,118.6,32.7,6.4,1.05,42.6,16.0,113,Moderate,PM10,DEMO,SIMULATED
2026-08-28 23:00:00,BLR_ST13,Electronic City Phase 1,12.8452,77.6602,87.3,173.8,45.8,9.6,1.44,38.3,20.2,191,Moderate,PM2.5,DEMO,SIMULATED
2026-08-28 23:00:00,BLR_ST14,Mysore Road / Nayandahalli,12.9463,77.5255,91.2,183.0,50.1,10.4,1.63,28.4,20.8,205,Poor,PM2.5,DEMO,SIMULATED
2026-08-29 00:00:00,BLR_ST01,Silk Board Junction,12.9176,77.6238,83.9,159.3,42.9,10.7,1.49,26.4,22.4,180,Moderate,PM2.5,DEMO,SIMULATED
2026-08-29 00:00:00,BLR_ST02,BTM Layout CAAQMS,12.9135,77.6101,56.2,111.6,30.2,7.9,0.94,32.1,18.3,109,Moderate,PM10,DEMO,SIMULATED
2026-08-29 00:00:00,BLR_ST03,Peenya Industrial Area,13.0285,77.5197,103.3,207.6,55.9,22.9,1.94,24.6,38.8,245,Poor,PM2.5,DEMO,SIMULATED
2026-08-29 00:00:00,BLR_ST04,Hebbal CAAQMS,13.0358,77.597,80.3,162.6,44.2,10.3,1.47,32.6,22.1,168,Moderate,PM2.5,DEMO,SIMULATED
2026-08-29 00:00:00,BLR_ST05,Whitefield Export Promotion Industrial Park,12.9815,77.7289,72.6,148.8,37.6,10.5,1.24,34.5,21.0,143,Moderate,PM2.5,DEMO,SIMULATED
2026-08-29 00:00:00,BLR_ST06,Indiranagar 100ft Road,12.9784,77.6408,47.9,94.9,27.9,7.0,0.84,36.5,15.9,95,Satisfactory,PM10,DEMO,SIMULATED
2026-08-29 00:00:00,BLR_ST07,Jayanagar 4th Block,12.9299,77.5826,46.1,91.7,25.8,6.5,0.84,44.4,15.3,92,Satisfactory,PM10,DEMO,SIMULATED
2026-08-29 00:00:00,BLR_ST08,City Railway Station / Majestic,12.9778,77.5713,85.0,166.7,48.9,13.0,1.7,26.5,26.0,184,Moderate,PM2.5,DEMO,SIMULATED
2026-08-29 00:00:00,BLR_ST09,Saneguruvanahalli (Basaveshwaranagar),12.9912,77.5456,50.8,100.9,27.3,7.1,0.84,39.9,17.0,102,Moderate,PM10,DEMO,SIMULATED
2026-08-29 00:00:00,BLR_ST10,BWSSB Kadabeesanahalli (Outer Ring Road),12.9352,77.6894,85.9,170.2,46.8,11.0,1.58,30.5,24.2,186,Moderate,PM2.5,DEMO,SIMULATED
2026-08-29 00:00:00,BLR_ST11,Hombegowda Nagar (Lalbagh Vicinity),12.9388,77.5936,39.8,77.7,21.8,5.4,0.69,44.5,12.9,78,Satisfactory,PM10,DEMO,SIMULATED
2026-08-29 00:00:00,BLR_ST12,Yelahanka New Town,13.1007,77.5963,49.9,98.2,27.1,6.5,0.87,43.4,16.3,98,Satisfactory,PM10,DEMO,SIMULATED
2026-08-29 00:00:00,BLR_ST13,Electronic City Phase 1,12.8452,77.6602,67.6,134.5,35.5,9.1,1.11,36.5,19.2,126,Moderate,PM2.5,DEMO,SIMULATED
2026-08-29 00:00:00,BLR_ST14,Mysore Road / Nayandahalli,12.9463,77.5255,80.3,161.2,44.2,11.3,1.44,30.8,22.6,168,Moderate,PM2.5,DEMO,SIMULATED
2026-08-29 01:00:00,BLR_ST01,Silk Board Junction,12.9176,77.6238,92.5,175.7,47.4,11.8,1.64,29.1,24.7,209,Poor,PM2.5,DEMO,SIMULATED
2026-08-29 01:00:00,BLR_ST02,BTM Layout CAAQMS,12.9135,77.6101,64.2,127.5,34.4,9.0,1.07,36.7,20.9,119,Moderate,PM10,DEMO,SIMULATED
2026-08-29 01:00:00,BLR_ST03,Peenya Industrial Area,13.0285,77.5197,103.8,208.6,56.2,23.0,1.95,24.7,39.0,247,Poor,PM2.5,DEMO,SIMULATED
2026-08-29 01:00:00,BLR_ST04,Hebbal CAAQMS,13.0358,77.597,71.0,143.8,39.1,9.1,1.3,28.8,19.5,137,Moderate,PM2.5,DEMO,SIMULATED
2026-08-29 01:00:00,BLR_ST05,Whitefield Export Promotion Industrial Park,12.9815,77.7289,64.3,131.8,33.3,9.3,1.1,30.6,18.6,122,Moderate,PM10,DEMO,SIMULATED
2026-08-29 01:00:00,BLR_ST06,Indiranagar 100ft Road,12.9784,77.6408,50.6,100.3,29.5,7.4,0.89,38.5,16.8,101,Moderate,PM10,DEMO,SIMULATED
2026-08-29 01:00:00,BLR_ST07,Jayanagar 4th Block,12.9299,77.5826,42.0,83.5,23.5,6.0,0.77,40.4,13.9,84,Satisfactory,PM10,DEMO,SIMULATED
2026-08-29 01:00:00,BLR_ST08,City Railway Station / Majestic,12.9778,77.5713,81.3,159.4,46.8,12.4,1.62,25.3,24.8,171,Moderate,PM2.5,DEMO,SIMULATED
2026-08-29 01:00:00,BLR_ST09,Saneguruvanahalli (Basaveshwaranagar),12.9912,77.5456,44.0,87.5,23.7,6.2,0.73,34.6,14.8,88,Satisfactory,PM10,DEMO,SIMULATED
2026-08-29 01:00:00,BLR_ST10,BWSSB Kadabeesanahalli (Outer Ring Road),12.9352,77.6894,81.8,162.0,44.6,10.5,1.5,29.0,23.0,173,Moderate,PM2.5,DEMO,SIMULATED
2026-08-29 01:00:00,BLR_ST11,Hombegowda Nagar (Lalbagh Vicinity),12.9388,77.5936,38.7,75.5,21.2,5.3,0.67,43.3,12.5,76,Satisfactory,PM10,DEMO,SIMULATED
2026-08-29 01:00:00,BLR_ST12,Yelahanka New Town,13.1007,77.5963,45.6,89.7,24.8,5.9,0.79,39.6,14.9,90,Satisfactory,PM10,DEMO,SIMULATED
2026-08-29 01:00:00,BLR_ST13,Electronic City Phase 1,12.8452,77.6602,60.8,121.1,31.9,8.2,1.0,32.8,17.3,115,Moderate,PM10,DEMO,SIMULATED
2026-08-29 01:00:00,BLR_ST14,Mysore Road / Nayandahalli,12.9463,77.5255,83.4,167.4,45.9,11.7,1.49,32.0,23.5,178,Moderate,PM2.5,DEMO,SIMULATED
2026-08-29 02:00:00,BLR_ST01,Silk Board Junction,12.9176,77.6238,82.6,157.0,42.3,10.5,1.46,26.0,22.1,176,Moderate,PM2.5,DEMO,SIMULATED
2026-08-29 02:00:00,BLR_ST02,BTM Layout CAAQMS,12.9135,77.6101,64.2,127.5,34.4,9.0,1.07,36.7,20.9,119,Moderate,PM10,DEMO,SIMULATED
2026-08-29 02:00:00,BLR_ST03,Peenya Industrial Area,13.0285,77.5197,108.4,217.9,58.7,24.0,2.04,25.8,40.7,262,Poor,PM2.5,DEMO,SIMULATED
2026-08-29 02:00:00,BLR_ST04,Hebbal CAAQMS,13.0358,77.597,78.1,158.1,43.0,10.0,1.43,31.7,21.5,161,Moderate,PM2.5,DEMO,SIMULATED
2026-08-29 02:00:00,BLR_ST05,Whitefield Export Promotion Industrial Park,12.9815,77.7289,70.5,144.5,36.6,10.2,1.2,33.5,20.4,136,Moderate,PM2.5,DEMO,SIMULATED
2026-08-29 02:00:00,BLR_ST06,Indiranagar 100ft Road,12.9784,77.6408,50.8,100.7,29.6,7.4,0.89,38.7,16.9,101,Moderate,PM10,DEMO,SIMULATED
2026-08-29 02:00:00,BLR_ST07,Jayanagar 4th Block,12.9299,77.5826,44.2,87.9,24.8,6.3,0.81,42.6,14.7,88,Satisfactory,PM10,DEMO,SIMULATED
2026-08-29 02:00:00,BLR_ST08,City Railway Station / Majestic,12.9778,77.5713,90.1,176.6,51.9,13.8,1.8,28.0,27.5,201,Poor,PM2.5,DEMO,SIMULATED
2026-08-29 02:00:00,BLR_ST09,Saneguruvanahalli (Basaveshwaranagar),12.9912,77.5456,52.1,103.6,28.1,7.3,0.86,41.0,17.5,103,Moderate,PM10,DEMO,SIMULATED
2026-08-29 02:00:00,BLR_ST10,BWSSB Kadabeesanahalli (Outer Ring Road),12.9352,77.6894,80.8,160.2,44.1,10.4,1.48,28.7,22.8,170,Moderate,PM2.5,DEMO,SIMULATED
2026-08-29 02:00:00,BLR_ST11,Hombegowda Nagar (Lalbagh Vicinity),12.9388,77.5936,42.7,83.4,23.4,5.8,0.74,47.8,13.8,84,Satisfactory,PM10,DEMO,SIMULATED
2026-08-29 02:00:00,BLR_ST12,Yelahanka New Town,13.1007,77.5963,47.4,93.3,25.8,6.2,0.82,41.2,15.5,93,Satisfactory,PM10,DEMO,SIMULATED
2026-08-29 02:00:00,BLR_ST13,Electronic City Phase 1,12.8452,77.6602,64.3,128.1,33.8,8.7,1.06,34.7,18.3,120,Moderate,PM10,DEMO,SIMULATED
2026-08-29 02:00:00,BLR_ST14,Mysore Road / Nayandahalli,12.9463,77.5255,77.8,156.2,42.8,10.9,1.39,29.9,21.9,160,Moderate,PM2.5,DEMO,SIMULATED
2026-08-29 03:00:00,BLR_ST01,Silk Board Junction,12.9176,77.6238,84.0,159.5,43.0,10.7,1.49,26.4,22.4,180,Moderate,PM2.5,DEMO,SIMULATED
2026-08-29 03:00:00,BLR_ST02,BTM Layout CAAQMS,12.9135,77.6101,54.6,108.4,29.3,7.7,0.91,31.2,17.8,107,Moderate,PM10,DEMO,SIMULATED
2026-08-29 03:00:00,BLR_ST03,Peenya Industrial Area,13.0285,77.5197,93.2,187.4,50.5,20.6,1.75,22.2,35.0,212,Poor,PM2.5,DEMO,SIMULATED
2026-08-29 03:00:00,BLR_ST04,Hebbal CAAQMS,13.0358,77.597,82.5,166.9,45.4,10.6,1.51,33.5,22.7,175,Moderate,PM2.5,DEMO,SIMULATED
2026-08-29 03:00:00,BLR_ST05,Whitefield Export Promotion Industrial Park,12.9815,77.7289,68.2,139.8,35.4,9.9,1.16,32.5,19.8,128,Moderate,PM2.5,DEMO,SIMULATED
2026-08-29 03:00:00,BLR_ST06,Indiranagar 100ft Road,12.9784,77.6408,53.4,105.8,31.1,7.8,0.94,40.7,17.7,105,Moderate,PM10,DEMO,SIMULATED
2026-08-29 03:00:00,BLR_ST07,Jayanagar 4th Block,12.9299,77.5826,43.8,87.0,24.5,6.2,0.8,42.1,14.5,87,Satisfactory,PM10,DEMO,SIMULATED
2026-08-29 03:00:00,BLR_ST08,City Railway Station / Majestic,12.9778,77.5713,79.5,156.0,45.8,12.1,1.59,24.8,24.3,165,Moderate,PM2.5,DEMO,SIMULATED
2026-08-29 03:00:00,BLR_ST09,Saneguruvanahalli (Basaveshwaranagar),12.9912,77.5456,45.9,91.2,24.7,6.5,0.76,36.1,15.4,91,Satisfactory,PM10,DEMO,SIMULATED
2026-08-29 03:00:00,BLR_ST10,BWSSB Kadabeesanahalli (Outer Ring Road),12.9352,77.6894,80.7,159.8,44.0,10.4,1.48,28.6,22.7,169,Moderate,PM2.5,DEMO,SIMULATED
2026-08-29 03:00:00,BLR_ST11,Hombegowda Nagar (Lalbagh Vicinity),12.9388,77.5936,39.8,77.6,21.7,5.4,0.69,44.5,12.8,78,Satisfactory,PM10,DEMO,SIMULATED
2026-08-29 03:00:00,BLR_ST12,Yelahanka New Town,13.1007,77.5963,46.2,91.0,25.1,6.0,0.8,40.2,15.1,91,Satisfactory,PM10,DEMO,SIMULATED
2026-08-29 03:00:00,BLR_ST13,Electronic City Phase 1,12.8452,77.6602,62.2,123.8,32.6,8.4,1.03,33.5,17.7,117,Moderate,PM10,DEMO,SIMULATED
2026-08-29 03:00:00,BLR_ST14,Mysore Road / Nayandahalli,12.9463,77.5255,76.2,153.0,41.9,10.7,1.36,29.2,21.4,154,Moderate,PM2.5,DEMO,SIMULATED
2026-08-29 04:00:00,BLR_ST01,Silk Board Junction,12.9176,77.6238,86.6,164.4,44.3,11.0,1.53,27.2,23.1,189,Moderate,PM2.5,DEMO,SIMULATED
2026-08-29 04:00:00,BLR_ST02,BTM Layout CAAQMS,12.9135,77.6101,58.8,116.9,31.6,8.2,0.98,33.6,19.1,112,Moderate,PM10,DEMO,SIMULATED
2026-08-29 04:00:00,BLR_ST03,Peenya Industrial Area,13.0285,77.5197,98.2,197.4,53.2,21.7,1.84,23.3,36.8,228,Poor,PM2.5,DEMO,SIMULATED
2026-08-29 04:00:00,BLR_ST04,Hebbal CAAQMS,13.0358,77.597,78.0,158.0,42.9,10.0,1.43,31.6,21.4,160,Moderate,PM2.5,DEMO,SIMULATED
2026-08-29 04:00:00,BLR_ST05,Whitefield Export Promotion Industrial Park,12.9815,77.7289,74.6,153.0,38.7,10.8,1.27,35.4,21.6,149,Moderate,PM2.5,DEMO,SIMULATED
2026-08-29 04:00:00,BLR_ST06,Indiranagar 100ft Road,12.9784,77.6408,52.8,104.7,30.8,7.7,0.93,40.1,17.5,104,Moderate,PM10,DEMO,SIMULATED
2026-08-29 04:00:00,BLR_ST07,Jayanagar 4th Block,12.9299,77.5826,40.0,79.6,22.4,5.7,0.73,38.4,13.2,80,Satisfactory,PM10,DEMO,SIMULATED
2026-08-29 04:00:00,BLR_ST08,City Railway Station / Majestic,12.9778,77.5713,78.4,153.7,45.1,11.9,1.57,24.4,23.9,162,Moderate,PM2.5,DEMO,SIMULATED
2026-08-29 04:00:00,BLR_ST09,Saneguruvanahalli (Basaveshwaranagar),12.9912,77.5456,50.1,99.7,27.0,7.0,0.83,39.4,16.8,100,Satisfactory,PM10,DEMO,SIMULATED
2026-08-29 04:00:00,BLR_ST10,BWSSB Kadabeesanahalli (Outer Ring Road),12.9352,77.6894,78.3,155.2,42.7,10.0,1.44,27.7,22.0,161,Moderate,PM2.5,DEMO,SIMULATED
2026-08-29 04:00:00,BLR_ST11,Hombegowda Nagar (Lalbagh Vicinity),12.9388,77.5936,42.2,82.2,23.0,5.7,0.73,47.0,13.6,83,Satisfactory,PM10,DEMO,SIMULATED
2026-08-29 04:00:00,BLR_ST12,Yelahanka New Town,13.1007,77.5963,47.6,93.6,25.8,6.2,0.83,41.3,15.5,94,Satisfactory,PM10,DEMO,SIMULATED
2026-08-29 04:00:00,BLR_ST13,Electronic City Phase 1,12.8452,77.6602,72.3,144.0,37.9,9.7,1.19,38.9,20.5,142,Moderate,PM2.5,DEMO,SIMULATED
2026-08-29 04:00:00,BLR_ST14,Mysore Road / Nayandahalli,12.9463,77.5255,84.2,169.1,46.3,11.8,1.51,32.2,23.6,181,Moderate,PM2.5,DEMO,SIMULATED
2026-08-29 05:00:00,BLR_ST01,Silk Board Junction,12.9176,77.6238,88.5,168.1,45.3,11.1,1.57,27.5,23.3,195,Moderate,PM2.5,DEMO,SIMULATED
2026-08-29 05:00:00,BLR_ST02,BTM Layout CAAQMS,12.9135,77.6101,61.7,122.5,33.1,8.5,1.03,34.8,19.8,116,Moderate,PM10,DEMO,SIMULATED
2026-08-29 05:00:00,BLR_ST03,Peenya Industrial Area,13.0285,77.5197,95.3,191.6,51.6,20.8,1.79,22.4,35.3,218,Poor,PM2.5,DEMO,SIMULATED
2026-08-29 05:00:00,BLR_ST04,Hebbal CAAQMS,13.0358,77.597,75.1,152.1,41.3,9.5,1.38,30.1,20.4,151,Moderate,PM2.5,DEMO,SIMULATED
2026-08-29 05:00:00,BLR_ST05,Whitefield Export Promotion Industrial Park,12.9815,77.7289,78.1,160.0,40.5,11.2,1.33,36.6,22.3,161,Moderate,PM2.5,DEMO,SIMULATED
2026-08-29 05:00:00,BLR_ST06,Indiranagar 100ft Road,12.9784,77.6408,54.0,107.0,31.4,7.8,0.95,40.5,17.7,106,Moderate,PM10,DEMO,SIMULATED
2026-08-29 05:00:00,BLR_ST07,Jayanagar 4th Block,12.9299,77.5826,43.4,86.3,24.3,6.1,0.79,41.2,14.2,87,Satisfactory,PM10,DEMO,SIMULATED
2026-08-29 05:00:00,BLR_ST08,City Railway Station / Majestic,12.9778,77.5713,88.0,172.5,50.6,13.2,1.76,27.0,26.5,193,Moderate,PM2.5,DEMO,SIMULATED
2026-08-29 05:00:00,BLR_ST09,Saneguruvanahalli (Basaveshwaranagar),12.9912,77.5456,53.3,105.9,28.7,7.4,0.88,41.3,17.6,105,Moderate,PM10,DEMO,SIMULATED
2026-08-29 05:00:00,BLR_ST10,BWSSB Kadabeesanahalli (Outer Ring Road),12.9352,77.6894,79.7,157.9,43.4,10.1,1.46,27.9,22.1,166,Moderate,PM2.5,DEMO,SIMULATED
2026-08-29 05:00:00,BLR_ST11,Hombegowda Nagar (Lalbagh Vicinity),12.9388,77.5936,39.8,77.6,21.8,5.4,0.69,43.9,12.7,78,Satisfactory,PM10,DEMO,SIMULATED
2026-08-29 05:00:00,BLR_ST12,Yelahanka New Town,13.1007,77.5963,49.4,97.2,26.8,6.3,0.86,42.3,15.9,97,Satisfactory,PM10,DEMO,SIMULATED
2026-08-29 05:00:00,BLR_ST13,Electronic City Phase 1,12.8452,77.6602,71.9,143.2,37.7,9.6,1.19,38.3,20.2,140,Moderate,PM2.5,DEMO,SIMULATED
2026-08-29 05:00:00,BLR_ST14,Mysore Road / Nayandahalli,12.9463,77.5255,82.0,164.6,45.1,11.4,1.47,31.0,22.7,174,Moderate,PM2.5,DEMO,SIMULATED
2026-08-29 06:00:00,BLR_ST01,Silk Board Junction,12.9176,77.6238,79.7,151.3,52.1,12.3,1.8,30.3,25.7,166,Moderate,PM2.5,DEMO,SIMULATED
2026-08-29 06:00:00,BLR_ST02,BTM Layout CAAQMS,12.9135,77.6101,51.9,103.1,35.6,8.8,1.11,35.8,20.4,103,Moderate,PM10,DEMO,SIMULATED
2026-08-29 06:00:00,BLR_ST03,Peenya Industrial Area,13.0285,77.5197,86.9,174.7,60.1,23.2,2.08,25.0,39.4,190,Moderate,PM2.5,DEMO,SIMULATED
2026-08-29 06:00:00,BLR_ST04,Hebbal CAAQMS,13.0358,77.597,63.6,128.6,44.7,9.9,1.49,31.2,21.1,120,Moderate,PM10,DEMO,SIMULATED
2026-08-29 06:00:00,BLR_ST05,Whitefield Export Promotion Industrial Park,12.9815,77.7289,60.0,122.9,39.7,10.5,1.31,34.5,21.0,116,Moderate,PM10,DEMO,SIMULATED
2026-08-29 06:00:00,BLR_ST06,Indiranagar 100ft Road,12.9784,77.6408,41.7,82.7,31.0,7.4,0.94,38.4,16.7,83,Satisfactory,PM10,DEMO,SIMULATED
2026-08-29 06:00:00,BLR_ST07,Jayanagar 4th Block,12.9299,77.5826,35.2,70.0,25.2,6.0,0.82,40.9,14.1,71,Satisfactory,PM10,DEMO,SIMULATED
2026-08-29 06:00:00,BLR_ST08,City Railway Station / Majestic,12.9778,77.5713,68.5,134.4,50.4,12.6,1.75,25.8,25.3,129,Moderate,PM2.5,DEMO,SIMULATED
2026-08-29 06:00:00,BLR_ST09,Saneguruvanahalli (Basaveshwaranagar),12.9912,77.5456,37.4,74.4,25.7,6.4,0.79,35.6,15.2,75,Satisfactory,PM10,DEMO,SIMULATED
2026-08-29 06:00:00,BLR_ST10,BWSSB Kadabeesanahalli (Outer Ring Road),12.9352,77.6894,63.7,126.3,44.4,9.9,1.5,27.3,21.7,118,Moderate,PM10,DEMO,SIMULATED
2026-08-29 06:00:00,BLR_ST11,Hombegowda Nagar (Lalbagh Vicinity),12.9388,77.5936,36.3,70.8,25.4,6.0,0.81,49.0,14.2,71,Satisfactory,PM10,DEMO,SIMULATED
2026-08-29 06:00:00,BLR_ST12,Yelahanka New Town,13.1007,77.5963,38.0,74.8,26.4,6.0,0.84,39.9,15.0,75,Satisfactory,PM10,DEMO,SIMULATED
2026-08-29 06:00:00,BLR_ST13,Electronic City Phase 1,12.8452,77.6602,52.2,103.9,35.0,8.5,1.1,34.0,18.0,104,Moderate,PM10,DEMO,SIMULATED
2026-08-29 06:00:00,BLR_ST14,Mysore Road / Nayandahalli,12.9463,77.5255,60.0,120.5,42.2,10.2,1.37,27.8,20.4,115,Moderate,PM10,DEMO,SIMULATED
2026-08-29 07:00:00,BLR_ST01,Silk Board Junction,12.9176,77.6238,74.8,142.2,48.9,10.5,1.7,26.0,22.1,150,Moderate,PM2.5,DEMO,SIMULATED
2026-08-29 07:00:00,BLR_ST02,BTM Layout CAAQMS,12.9135,77.6101,57.9,115.0,39.7,9.0,1.24,36.6,20.8,111,Moderate,PM10,DEMO,SIMULATED
2026-08-29 07:00:00,BLR_ST03,Peenya Industrial Area,13.0285,77.5197,84.3,169.6,58.4,20.6,2.02,22.2,35.0,181,Moderate,PM2.5,DEMO,SIMULATED
2026-08-29 07:00:00,BLR_ST04,Hebbal CAAQMS,13.0358,77.597,72.9,147.6,51.2,10.3,1.71,32.7,22.1,144,Moderate,PM2.5,DEMO,SIMULATED
2026-08-29 07:00:00,BLR_ST05,Whitefield Export Promotion Industrial Park,12.9815,77.7289,68.0,139.4,45.1,10.9,1.48,35.8,21.8,127,Moderate,PM2.5,DEMO,SIMULATED
2026-08-29 07:00:00,BLR_ST06,Indiranagar 100ft Road,12.9784,77.6408,49.9,98.9,37.1,8.1,1.12,42.1,18.3,99,Satisfactory,PM10,DEMO,SIMULATED
2026-08-29 07:00:00,BLR_ST07,Jayanagar 4th Block,12.9299,77.5826,35.9,71.5,25.7,5.6,0.84,38.3,13.2,72,Satisfactory,PM10,DEMO,SIMULATED
2026-08-29 07:00:00,BLR_ST08,City Railway Station / Majestic,12.9778,77.5713,74.6,146.2,54.9,12.6,1.9,25.7,25.2,149,Moderate,PM2.5,DEMO,SIMULATED
2026-08-29 07:00:00,BLR_ST09,Saneguruvanahalli (Basaveshwaranagar),12.9912,77.5456,46.1,91.6,31.7,7.2,0.98,40.1,17.1,92,Satisfactory,PM10,DEMO,SIMULATED
2026-08-29 07:00:00,BLR_ST10,BWSSB Kadabeesanahalli (Outer Ring Road),12.9352,77.6894,68.5,135.7,47.7,9.7,1.61,26.9,21.3,129,Moderate,PM2.5,DEMO,SIMULATED
2026-08-29 07:00:00,BLR_ST11,Hombegowda Nagar (Lalbagh Vicinity),12.9388,77.5936,35.6,69.3,24.8,5.4,0.79,44.0,12.7,70,Satisfactory,PM10,DEMO,SIMULATED
2026-08-29 07:00:00,BLR_ST12,Yelahanka New Town,13.1007,77.5963,38.8,76.5,27.0,5.6,0.86,37.4,14.0,77,Satisfactory,PM10,DEMO,SIMULATED
2026-08-29 07:00:00,BLR_ST13,Electronic City Phase 1,12.8452,77.6602,64.4,128.3,43.2,9.6,1.36,38.5,20.3,120,Moderate,PM10,DEMO,SIMULATED
2026-08-29 07:00:00,BLR_ST14,Mysore Road / Nayandahalli,12.9463,77.5255,74.7,149.9,52.5,11.6,1.71,31.7,23.2,150,Moderate,PM2.5,DEMO,SIMULATED
2026-08-29 08:00:00,BLR_ST01,Silk Board Junction,12.9176,77.6238,96.5,183.3,63.1,12.2,2.19,30.4,25.6,222,Poor,PM2.5,DEMO,SIMULATED
2026-08-29 08:00:00,BLR_ST02,BTM Layout CAAQMS,12.9135,77.6101,56.2,111.6,38.5,7.8,1.2,32.2,18.2,109,Moderate,PM10,DEMO,SIMULATED
2026-08-29 08:00:00,BLR_ST03,Peenya Industrial Area,13.0285,77.5197,100.6,202.3,69.6,22.1,2.41,24.0,37.5,236,Poor,PM2.5,DEMO,SIMULATED
2026-08-29 08:00:00,BLR_ST04,Hebbal CAAQMS,13.0358,77.597,75.5,152.8,53.1,9.6,1.77,30.7,20.6,152,Moderate,PM2.5,DEMO,SIMULATED
2026-08-29 08:00:00,BLR_ST05,Whitefield Export Promotion Industrial Park,12.9815,77.7289,73.4,150.4,48.6,10.6,1.6,35.0,21.1,145,Moderate,PM2.5,DEMO,SIMULATED
2026-08-29 08:00:00,BLR_ST06,Indiranagar 100ft Road,12.9784,77.6408,48.8,96.8,36.3,7.1,1.1,37.3,16.1,97,Satisfactory,PM10,DEMO,SIMULATED
2026-08-29 08:00:00,BLR_ST07,Jayanagar 4th Block,12.9299,77.5826,43.5,86.6,31.2,6.1,1.02,42.0,14.3,87,Satisfactory,PM10,DEMO,SIMULATED
2026-08-29 08:00:00,BLR_ST08,City Railway Station / Majestic,12.9778,77.5713,82.0,160.8,60.3,12.4,2.09,25.6,24.9,174,Moderate,PM2.5,DEMO,SIMULATED
2026-08-29 08:00:00,BLR_ST09,Saneguruvanahalli (Basaveshwaranagar),12.9912,77.5456,51.0,101.5,35.1,7.1,1.08,40.2,17.0,102,Moderate,PM10,DEMO,SIMULATED
2026-08-29 08:00:00,BLR_ST10,BWSSB Kadabeesanahalli (Outer Ring Road),12.9352,77.6894,81.4,161.3,56.7,10.4,1.91,29.0,22.8,172,Moderate,PM2.5,DEMO,SIMULATED
2026-08-29 08:00:00,BLR_ST11,Hombegowda Nagar (Lalbagh Vicinity),12.9388,77.5936,40.8,79.6,28.5,5.5,0.91,45.7,13.1,80,Satisfactory,PM10,DEMO,SIMULATED
2026-08-29 08:00:00,BLR_ST12,Yelahanka New Town,13.1007,77.5963,44.6,87.7,30.9,5.8,0.99,38.8,14.4,88,Satisfactory,PM10,DEMO,SIMULATED
2026-08-29 08:00:00,BLR_ST13,Electronic City Phase 1,12.8452,77.6602,71.3,142.0,47.8,9.6,1.5,38.6,20.2,138,Moderate,PM2.5,DEMO,SIMULATED
2026-08-29 08:00:00,BLR_ST14,Mysore Road / Nayandahalli,12.9463,77.5255,78.2,157.1,55.0,10.9,1.79,30.1,21.9,161,Moderate,PM2.5,DEMO,SIMULATED
2026-08-29 09:00:00,BLR_ST01,Silk Board Junction,12.9176,77.6238,101.8,193.3,66.6,12.3,2.3,31.4,25.7,240,Poor,PM2.5,DEMO,SIMULATED
2026-08-29 09:00:00,BLR_ST02,BTM Layout CAAQMS,12.9135,77.6101,61.5,122.2,42.2,8.2,1.31,34.5,19.0,116,Moderate,PM10,DEMO,SIMULATED
2026-08-29 09:00:00,BLR_ST03,Peenya Industrial Area,13.0285,77.5197,116.5,234.2,80.6,24.4,2.79,27.2,41.4,288,Poor,PM2.5,DEMO,SIMULATED
2026-08-29 09:00:00,BLR_ST04,Hebbal CAAQMS,13.0358,77.597,88.5,179.1,62.2,10.7,2.07,35.2,23.0,195,Moderate,PM2.5,DEMO,SIMULATED
2026-08-29 09:00:00,BLR_ST05,Whitefield Export Promotion Industrial Park,12.9815,77.7289,73.8,151.3,48.9,10.1,1.61,34.4,20.2,147,Moderate,PM2.5,DEMO,SIMULATED
2026-08-29 09:00:00,BLR_ST06,Indiranagar 100ft Road,12.9784,77.6408,51.7,102.5,38.5,7.2,1.16,38.6,16.3,103,Moderate,PM10,DEMO,SIMULATED
2026-08-29 09:00:00,BLR_ST07,Jayanagar 4th Block,12.9299,77.5826,45.1,89.7,32.3,6.1,1.05,42.6,14.2,90,Satisfactory,PM10,DEMO,SIMULATED
2026-08-29 09:00:00,BLR_ST08,City Railway Station / Majestic,12.9778,77.5713,90.4,177.3,66.5,13.1,2.31,27.6,26.1,202,Poor,PM2.5,DEMO,SIMULATED
2026-08-29 09:00:00,BLR_ST09,Saneguruvanahalli (Basaveshwaranagar),12.9912,77.5456,55.8,110.9,38.4,7.4,1.18,43.0,17.7,108,Moderate,PM10,DEMO,SIMULATED
2026-08-29 09:00:00,BLR_ST10,BWSSB Kadabeesanahalli (Outer Ring Road),12.9352,77.6894,91.7,181.8,63.9,11.2,2.15,31.9,24.5,207,Poor,PM2.5,DEMO,SIMULATED
2026-08-29 09:00:00,BLR_ST11,Hombegowda Nagar (Lalbagh Vicinity),12.9388,77.5936,45.1,87.9,31.5,5.8,1.0,49.4,13.8,88,Satisfactory,PM10,DEMO,SIMULATED
2026-08-29 09:00:00,BLR_ST12,Yelahanka New Town,13.1007,77.5963,45.1,88.8,31.3,5.6,1.0,38.4,13.9,89,Satisfactory,PM10,DEMO,SIMULATED
2026-08-29 09:00:00,BLR_ST13,Electronic City Phase 1,12.8452,77.6602,66.9,133.3,44.9,8.6,1.41,35.4,18.1,124,Moderate,PM2.5,DEMO,SIMULATED
2026-08-29 09:00:00,BLR_ST14,Mysore Road / Nayandahalli,12.9463,77.5255,85.0,170.5,59.7,11.3,1.94,31.9,22.6,184,Moderate,PM2.5,DEMO,SIMULATED
2026-08-29 10:00:00,BLR_ST01,Silk Board Junction,12.9176,77.6238,97.7,185.6,63.9,12.4,2.21,33.8,25.9,226,Poor,PM2.5,DEMO,SIMULATED
2026-08-29 10:00:00,BLR_ST02,BTM Layout CAAQMS,12.9135,77.6101,60.9,120.9,41.7,8.5,1.3,38.3,19.7,115,Moderate,PM10,DEMO,SIMULATED
2026-08-29 10:00:00,BLR_ST03,Peenya Industrial Area,13.0285,77.5197,93.8,188.6,64.9,20.6,2.25,24.6,35.0,214,Poor,PM2.5,DEMO,SIMULATED
2026-08-29 10:00:00,BLR_ST04,Hebbal CAAQMS,13.0358,77.597,82.2,166.4,57.8,10.5,1.93,36.7,22.5,174,Moderate,PM2.5,DEMO,SIMULATED
2026-08-29 10:00:00,BLR_ST05,Whitefield Export Promotion Industrial Park,12.9815,77.7289,75.8,155.5,50.3,10.9,1.65,39.7,21.8,153,Moderate,PM2.5,DEMO,SIMULATED
2026-08-29 10:00:00,BLR_ST06,Indiranagar 100ft Road,12.9784,77.6408,49.3,97.7,36.7,7.2,1.11,41.4,16.3,98,Satisfactory,PM10,DEMO,SIMULATED
2026-08-29 10:00:00,BLR_ST07,Jayanagar 4th Block,12.9299,77.5826,46.3,92.1,33.2,6.5,1.08,49.1,15.3,92,Satisfactory,PM10,DEMO,SIMULATED
2026-08-29 10:00:00,BLR_ST08,City Railway Station / Majestic,12.9778,77.5713,81.8,160.4,60.2,12.4,2.09,28.0,24.8,173,Moderate,PM2.5,DEMO,SIMULATED
2026-08-29 10:00:00,BLR_ST09,Saneguruvanahalli (Basaveshwaranagar),12.9912,77.5456,52.6,104.5,36.2,7.4,1.11,45.5,17.5,104,Moderate,PM10,DEMO,SIMULATED
2026-08-29 10:00:00,BLR_ST10,BWSSB Kadabeesanahalli (Outer Ring Road),12.9352,77.6894,76.4,151.4,53.2,9.8,1.79,29.9,21.4,155,Moderate,PM2.5,DEMO,SIMULATED
2026-08-29 10:00:00,BLR_ST11,Hombegowda Nagar (Lalbagh Vicinity),12.9388,77.5936,40.0,78.0,28.0,5.4,0.89,49.2,12.8,78,Satisfactory,PM10,DEMO,SIMULATED
2026-08-29 10:00:00,BLR_ST12,Yelahanka New Town,13.1007,77.5963,50.5,99.3,35.0,6.5,1.12,48.3,16.3,99,Satisfactory,PM10,DEMO,SIMULATED
2026-08-29 10:00:00,BLR_ST13,Electronic City Phase 1,12.8452,77.6602,63.4,126.3,42.5,8.5,1.34,37.7,17.9,118,Moderate,PM10,DEMO,SIMULATED
2026-08-29 10:00:00,BLR_ST14,Mysore Road / Nayandahalli,12.9463,77.5255,78.0,156.5,54.8,10.9,1.78,32.9,21.8,160,Moderate,PM2.5,DEMO,SIMULATED
2026-08-29 11:00:00,BLR_ST01,Silk Board Junction,12.9176,77.6238,79.3,150.6,51.9,11.2,1.8,34.7,23.4,165,Moderate,PM2.5,DEMO,SIMULATED
2026-08-29 11:00:00,BLR_ST02,BTM Layout CAAQMS,12.9135,77.6101,49.0,97.4,33.6,7.6,1.05,39.0,17.7,97,Satisfactory,PM10,DEMO,SIMULATED
2026-08-29 11:00:00,BLR_ST03,Peenya Industrial Area,13.0285,77.5197,83.5,167.8,57.8,20.4,2.0,27.6,34.6,179,Moderate,PM2.5,DEMO,SIMULATED
2026-08-29 11:00:00,BLR_ST04,Hebbal CAAQMS,13.0358,77.597,69.2,140.0,48.6,9.8,1.62,39.1,21.0,131,Moderate,PM2.5,DEMO,SIMULATED
2026-08-29 11:00:00,BLR_ST05,Whitefield Export Promotion Industrial Park,12.9815,77.7289,60.4,123.8,40.0,9.7,1.32,40.0,19.3,117,Moderate,PM10,DEMO,SIMULATED
2026-08-29 11:00:00,BLR_ST06,Indiranagar 100ft Road,12.9784,77.6408,50.9,100.9,37.9,8.2,1.14,54.0,18.7,102,Moderate,PM10,DEMO,SIMULATED
2026-08-29 11:00:00,BLR_ST07,Jayanagar 4th Block,12.9299,77.5826,38.6,76.8,27.6,6.0,0.9,51.7,14.1,77,Satisfactory,PM10,DEMO,SIMULATED
2026-08-29 11:00:00,BLR_ST08,City Railway Station / Majestic,12.9778,77.5713,69.8,136.9,51.4,11.8,1.78,30.2,23.5,133,Moderate,PM2.5,DEMO,SIMULATED
2026-08-29 11:00:00,BLR_ST09,Saneguruvanahalli (Basaveshwaranagar),12.9912,77.5456,47.5,94.4,32.7,7.4,1.01,52.0,17.6,95,Satisfactory,PM10,DEMO,SIMULATED
2026-08-29 11:00:00,BLR_ST10,BWSSB Kadabeesanahalli (Outer Ring Road),12.9352,77.6894,79.0,156.5,55.0,11.2,1.85,39.0,24.6,164,Moderate,PM2.5,DEMO,SIMULATED
2026-08-29 11:00:00,BLR_ST11,Hombegowda Nagar (Lalbagh Vicinity),12.9388,77.5936,37.5,73.2,26.2,5.7,0.83,58.4,13.4,74,Satisfactory,PM10,DEMO,SIMULATED
2026-08-29 11:00:00,BLR_ST12,Yelahanka New Town,13.1007,77.5963,44.1,86.8,30.6,6.3,0.98,53.3,15.9,87,Satisfactory,PM10,DEMO,SIMULATED
2026-08-29 11:00:00,BLR_ST13,Electronic City Phase 1,12.8452,77.6602,56.0,111.6,37.6,8.3,1.18,42.1,17.6,109,Moderate,PM10,DEMO,SIMULATED
2026-08-29 11:00:00,BLR_ST14,Mysore Road / Nayandahalli,12.9463,77.5255,67.8,136.1,47.6,10.5,1.55,36.2,21.1,127,Moderate,PM2.5,DEMO,SIMULATED
2026-08-29 12:00:00,BLR_ST01,Silk Board Junction,12.9176,77.6238,79.7,151.3,52.1,12.3,1.8,45.0,25.7,166,Moderate,PM2.5,DEMO,SIMULATED
2026-08-29 12:00:00,BLR_ST02,BTM Layout CAAQMS,12.9135,77.6101,51.4,102.2,35.3,8.7,1.1,52.8,20.3,102,Moderate,PM10,DEMO,SIMULATED
2026-08-29 12:00:00,BLR_ST03,Peenya Industrial Area,13.0285,77.5197,77.7,156.3,53.8,20.8,1.86,33.2,35.3,159,Moderate,PM2.5,DEMO,SIMULATED
2026-08-29 12:00:00,BLR_ST04,Hebbal CAAQMS,13.0358,77.597,65.8,133.2,46.3,10.2,1.54,47.9,21.9,123,Moderate,PM10,DEMO,SIMULATED
2026-08-29 12:00:00,BLR_ST05,Whitefield Export Promotion Industrial Park,12.9815,77.7289,57.7,118.2,38.2,10.1,1.26,49.2,20.2,113,Moderate,PM10,DEMO,SIMULATED
2026-08-29 12:00:00,BLR_ST06,Indiranagar 100ft Road,12.9784,77.6408,38.2,75.7,28.4,6.8,0.86,52.2,15.3,76,Satisfactory,PM10,DEMO,SIMULATED
2026-08-29 12:00:00,BLR_ST07,Jayanagar 4th Block,12.9299,77.5826,33.1,65.9,23.7,5.7,0.78,57.3,13.3,67,Satisfactory,PM10,DEMO,SIMULATED
2026-08-29 12:00:00,BLR_ST08,City Railway Station / Majestic,12.9778,77.5713,67.0,131.4,49.3,12.4,1.71,37.4,24.7,124,Moderate,PM2.5,DEMO,SIMULATED
2026-08-29 12:00:00,BLR_ST09,Saneguruvanahalli (Basaveshwaranagar),12.9912,77.5456,42.7,84.8,29.3,7.3,0.9,60.2,17.3,85,Satisfactory,PM10,DEMO,SIMULATED
2026-08-29 12:00:00,BLR_ST10,BWSSB Kadabeesanahalli (Outer Ring Road),12.9352,77.6894,68.3,135.3,47.5,10.6,1.6,43.5,23.2,128,Moderate,PM2.5,DEMO,SIMULATED
2026-08-29 12:00:00,BLR_ST11,Hombegowda Nagar (Lalbagh Vicinity),12.9388,77.5936,34.8,67.9,24.3,5.7,0.77,69.9,13.6,71,Satisfactory,O3,DEMO,SIMULATED
2026-08-29 12:00:00,BLR_ST12,Yelahanka New Town,13.1007,77.5963,38.3,75.4,26.6,6.0,0.85,59.7,15.1,76,Satisfactory,PM10,DEMO,SIMULATED
2026-08-29 12:00:00,BLR_ST13,Electronic City Phase 1,12.8452,77.6602,50.9,101.4,34.1,8.3,1.07,49.3,17.5,102,Moderate,PM10,DEMO,SIMULATED
2026-08-29 12:00:00,BLR_ST14,Mysore Road / Nayandahalli,12.9463,77.5255,62.0,124.4,43.6,10.5,1.42,42.7,21.1,117,Moderate,PM10,DEMO,SIMULATED
2026-08-29 13:00:00,BLR_ST01,Silk Board Junction,12.9176,77.6238,68.8,130.7,45.0,11.0,1.56,46.5,23.1,130,Moderate,PM2.5,DEMO,SIMULATED
2026-08-29 13:00:00,BLR_ST02,BTM Layout CAAQMS,12.9135,77.6101,43.2,85.8,29.6,7.6,0.92,53.1,17.7,86,Satisfactory,PM10,DEMO,SIMULATED
2026-08-29 13:00:00,BLR_ST03,Peenya Industrial Area,13.0285,77.5197,79.0,158.9,54.7,22.0,1.9,40.5,37.4,164,Moderate,PM2.5,DEMO,SIMULATED
2026-08-29 13:00:00,BLR_ST04,Hebbal CAAQMS,13.0358,77.597,64.2,129.9,45.1,10.4,1.5,56.0,22.2,121,Moderate,PM10,DEMO,SIMULATED
2026-08-29 13:00:00,BLR_ST05,Whitefield Export Promotion Industrial Park,12.9815,77.7289,55.4,113.6,36.7,10.1,1.21,56.7,20.2,110,Moderate,PM10,DEMO,SIMULATED
2026-08-29 13:00:00,BLR_ST06,Indiranagar 100ft Road,12.9784,77.6408,37.5,74.2,27.9,6.9,0.84,61.4,15.7,75,Satisfactory,PM10,DEMO,SIMULATED
2026-08-29 13:00:00,BLR_ST07,Jayanagar 4th Block,12.9299,77.5826,37.5,74.6,26.9,6.7,0.88,77.6,15.7,78,Satisfactory,O3,DEMO,SIMULATED
2026-08-29 13:00:00,BLR_ST08,City Railway Station / Majestic,12.9778,77.5713,68.9,135.0,50.7,13.3,1.76,46.1,26.5,130,Moderate,PM2.5,DEMO,SIMULATED
2026-08-29 13:00:00,BLR_ST09,Saneguruvanahalli (Basaveshwaranagar),12.9912,77.5456,34.6,68.8,23.8,6.1,0.73,58.6,14.6,69,Satisfactory,PM10,DEMO,SIMULATED
2026-08-29 13:00:00,BLR_ST10,BWSSB Kadabeesanahalli (Outer Ring Road),12.9352,77.6894,65.0,128.8,45.3,10.5,1.53,49.6,23.1,120,Moderate,PM10,DEMO,SIMULATED
2026-08-29 13:00:00,BLR_ST11,Hombegowda Nagar (Lalbagh Vicinity),12.9388,77.5936,30.3,59.1,21.2,5.2,0.67,72.8,12.3,73,Satisfactory,O3,DEMO,SIMULATED
2026-08-29 13:00:00,BLR_ST12,Yelahanka New Town,13.1007,77.5963,33.9,66.8,23.5,5.6,0.75,63.4,13.9,67,Satisfactory,PM10,DEMO,SIMULATED
2026-08-29 13:00:00,BLR_ST13,Electronic City Phase 1,12.8452,77.6602,52.2,103.9,35.0,8.9,1.1,60.5,18.7,104,Moderate,PM10,DEMO,SIMULATED
2026-08-29 13:00:00,BLR_ST14,Mysore Road / Nayandahalli,12.9463,77.5255,63.5,127.5,44.6,11.3,1.45,52.4,22.5,119,Moderate,PM10,DEMO,SIMULATED
2026-08-29 14:00:00,BLR_ST01,Silk Board Junction,12.9176,77.6238,67.2,127.5,43.9,10.9,1.52,48.5,22.8,125,Moderate,PM2.5,DEMO,SIMULATED
2026-08-29 14:00:00,BLR_ST02,BTM Layout CAAQMS,12.9135,77.6101,46.1,91.7,31.6,8.3,0.99,60.5,19.2,92,Satisfactory,PM10,DEMO,SIMULATED
2026-08-29 14:00:00,BLR_ST03,Peenya Industrial Area,13.0285,77.5197,82.0,164.9,56.7,23.1,1.97,44.8,39.2,174,Moderate,PM2.5,DEMO,SIMULATED
2026-08-29 14:00:00,BLR_ST04,Hebbal CAAQMS,13.0358,77.597,54.9,111.2,38.6,9.0,1.29,51.2,19.3,108,Moderate,PM10,DEMO,SIMULATED
2026-08-29 14:00:00,BLR_ST05,Whitefield Export Promotion Industrial Park,12.9815,77.7289,60.5,124.0,40.1,11.2,1.32,66.0,22.3,117,Moderate,PM10,DEMO,SIMULATED
2026-08-29 14:00:00,BLR_ST06,Indiranagar 100ft Road,12.9784,77.6408,36.7,72.7,27.3,6.9,0.82,64.1,15.5,73,Satisfactory,PM10,DEMO,SIMULATED
2026-08-29 14:00:00,BLR_ST07,Jayanagar 4th Block,12.9299,77.5826,34.5,68.6,24.7,6.2,0.81,76.2,14.6,77,Satisfactory,O3,DEMO,SIMULATED
2026-08-29 14:00:00,BLR_ST08,City Railway Station / Majestic,12.9778,77.5713,66.9,131.1,49.2,13.0,1.71,47.8,26.0,124,Moderate,PM2.5,DEMO,SIMULATED
2026-08-29 14:00:00,BLR_ST09,Saneguruvanahalli (Basaveshwaranagar),12.9912,77.5456,41.6,82.7,28.6,7.5,0.88,75.1,17.8,83,Satisfactory,PM10,DEMO,SIMULATED
2026-08-29 14:00:00,BLR_ST10,BWSSB Kadabeesanahalli (Outer Ring Road),12.9352,77.6894,64.8,128.3,45.1,10.6,1.52,52.8,23.2,120,Moderate,PM10,DEMO,SIMULATED
2026-08-29 14:00:00,BLR_ST11,Hombegowda Nagar (Lalbagh Vicinity),12.9388,77.5936,30.9,60.2,21.6,5.4,0.69,79.2,12.7,80,Satisfactory,O3,DEMO,SIMULATED
2026-08-29 14:00:00,BLR_ST12,Yelahanka New Town,13.1007,77.5963,35.9,70.6,24.9,6.0,0.8,71.6,14.9,72,Satisfactory,O3,DEMO,SIMULATED
2026-08-29 14:00:00,BLR_ST13,Electronic City Phase 1,12.8452,77.6602,53.7,107.0,36.0,9.2,1.13,66.6,19.5,106,Moderate,PM10,DEMO,SIMULATED
2026-08-29 14:00:00,BLR_ST14,Mysore Road / Nayandahalli,12.9463,77.5255,67.3,135.0,47.3,12.1,1.54,59.2,24.1,125,Moderate,PM2.5,DEMO,SIMULATED
2026-08-29 15:00:00,BLR_ST01,Silk Board Junction,12.9176,77.6238,67.3,127.8,44.0,10.9,1.52,46.1,22.9,125,Moderate,PM2.5,DEMO,SIMULATED
2026-08-29 15:00:00,BLR_ST02,BTM Layout CAAQMS,12.9135,77.6101,42.3,84.1,29.0,7.6,0.9,52.7,17.6,84,Satisfactory,PM10,DEMO,SIMULATED
2026-08-29 15:00:00,BLR_ST03,Peenya Industrial Area,13.0285,77.5197,83.9,168.7,58.0,23.7,2.01,43.5,40.2,180,Moderate,PM2.5,DEMO,SIMULATED
2026-08-29 15:00:00,BLR_ST04,Hebbal CAAQMS,13.0358,77.597,58.0,117.4,40.8,9.5,1.36,51.2,20.3,112,Moderate,PM10,DEMO,SIMULATED
2026-08-29 15:00:00,BLR_ST05,Whitefield Export Promotion Industrial Park,12.9815,77.7289,57.7,118.4,38.3,10.7,1.26,59.8,21.4,113,Moderate,PM10,DEMO,SIMULATED
2026-08-29 15:00:00,BLR_ST06,Indiranagar 100ft Road,12.9784,77.6408,41.1,81.5,30.6,7.7,0.92,68.2,17.4,82,Satisfactory,PM10,DEMO,SIMULATED
2026-08-29 15:00:00,BLR_ST07,Jayanagar 4th Block,12.9299,77.5826,36.1,71.8,25.9,6.5,0.84,75.7,15.3,76,Satisfactory,O3,DEMO,SIMULATED
2026-08-29 15:00:00,BLR_ST08,City Railway Station / Majestic,12.9778,77.5713,69.8,136.9,51.4,13.6,1.78,47.3,27.2,133,Moderate,PM2.5,DEMO,SIMULATED
2026-08-29 15:00:00,BLR_ST09,Saneguruvanahalli (Basaveshwaranagar),12.9912,77.5456,36.6,72.7,25.2,6.6,0.77,62.7,15.7,73,Satisfactory,PM10,DEMO,SIMULATED
2026-08-29 15:00:00,BLR_ST10,BWSSB Kadabeesanahalli (Outer Ring Road),12.9352,77.6894,58.2,115.2,40.5,9.5,1.37,45.0,20.9,111,Moderate,PM10,DEMO,SIMULATED
2026-08-29 15:00:00,BLR_ST11,Hombegowda Nagar (Lalbagh Vicinity),12.9388,77.5936,31.8,62.1,22.2,5.6,0.71,77.5,13.1,78,Satisfactory,O3,DEMO,SIMULATED
2026-08-29 15:00:00,BLR_ST12,Yelahanka New Town,13.1007,77.5963,38.3,75.4,26.6,6.4,0.85,72.5,15.9,76,Satisfactory,PM10,DEMO,SIMULATED
2026-08-29 15:00:00,BLR_ST13,Electronic City Phase 1,12.8452,77.6602,48.9,97.3,32.8,8.4,1.03,57.4,17.8,97,Satisfactory,PM10,DEMO,SIMULATED
2026-08-29 15:00:00,BLR_ST14,Mysore Road / Nayandahalli,12.9463,77.5255,64.7,129.9,45.5,11.6,1.48,54.0,23.2,121,Moderate,PM10,DEMO,SIMULATED
2026-08-29 16:00:00,BLR_ST01,Silk Board Junction,12.9176,77.6238,70.6,134.2,46.2,11.4,1.6,41.9,23.9,136,Moderate,PM2.5,DEMO,SIMULATED
2026-08-29 16:00:00,BLR_ST02,BTM Layout CAAQMS,12.9135,77.6101,49.0,97.3,33.6,8.7,1.05,52.8,20.3,97,Satisfactory,PM10,DEMO,SIMULATED
2026-08-29 16:00:00,BLR_ST03,Peenya Industrial Area,13.0285,77.5197,81.9,164.6,56.6,23.0,1.96,36.7,39.0,173,Moderate,PM2.5,DEMO,SIMULATED
2026-08-29 16:00:00,BLR_ST04,Hebbal CAAQMS,13.0358,77.597,63.9,129.4,44.9,10.4,1.5,48.9,22.3,120,Moderate,PM10,DEMO,SIMULATED
2026-08-29 16:00:00,BLR_ST05,Whitefield Export Promotion Industrial Park,12.9815,77.7289,50.6,103.8,33.5,9.3,1.1,45.4,18.6,104,Moderate,PM10,DEMO,SIMULATED
2026-08-29 16:00:00,BLR_ST06,Indiranagar 100ft Road,12.9784,77.6408,42.6,84.4,31.7,7.9,0.96,61.1,17.9,85,Satisfactory,PM10,DEMO,SIMULATED
2026-08-29 16:00:00,BLR_ST07,Jayanagar 4th Block,12.9299,77.5826,34.1,67.9,24.5,6.1,0.8,62.0,14.4,69,Satisfactory,PM10,DEMO,SIMULATED
2026-08-29 16:00:00,BLR_ST08,City Railway Station / Majestic,12.9778,77.5713,64.3,126.1,47.3,12.5,1.64,37.7,24.9,118,Moderate,PM10,DEMO,SIMULATED
2026-08-29 16:00:00,BLR_ST09,Saneguruvanahalli (Basaveshwaranagar),12.9912,77.5456,34.6,68.8,23.8,6.2,0.73,51.3,14.7,69,Satisfactory,PM10,DEMO,SIMULATED
2026-08-29 16:00:00,BLR_ST10,BWSSB Kadabeesanahalli (Outer Ring Road),12.9352,77.6894,60.5,119.9,42.1,9.9,1.42,40.5,21.6,114,Moderate,PM10,DEMO,SIMULATED
2026-08-29 16:00:00,BLR_ST11,Hombegowda Nagar (Lalbagh Vicinity),12.9388,77.5936,28.8,56.2,20.1,5.0,0.64,60.7,11.8,61,Satisfactory,O3,DEMO,SIMULATED
2026-08-29 16:00:00,BLR_ST12,Yelahanka New Town,13.1007,77.5963,39.4,77.6,27.4,6.5,0.88,64.6,16.3,78,Satisfactory,PM10,DEMO,SIMULATED
2026-08-29 16:00:00,BLR_ST13,Electronic City Phase 1,12.8452,77.6602,52.7,105.0,35.4,9.0,1.11,53.6,19.1,104,Moderate,PM10,DEMO,SIMULATED
2026-08-29 16:00:00,BLR_ST14,Mysore Road / Nayandahalli,12.9463,77.5255,67.7,135.8,47.5,12.1,1.55,48.9,24.2,126,Moderate,PM2.5,DEMO,SIMULATED
2026-08-29 17:00:00,BLR_ST01,Silk Board Junction,12.9176,77.6238,73.5,139.6,48.1,11.6,1.66,36.1,24.3,146,Moderate,PM2.5,DEMO,SIMULATED
2026-08-29 17:00:00,BLR_ST02,BTM Layout CAAQMS,12.9135,77.6101,45.9,91.2,31.5,8.0,0.98,41.0,18.5,91,Satisfactory,PM10,DEMO,SIMULATED
2026-08-29 17:00:00,BLR_ST03,Peenya Industrial Area,13.0285,77.5197,85.8,172.5,59.4,23.5,2.06,31.9,39.9,186,Moderate,PM2.5,DEMO,SIMULATED
2026-08-29 17:00:00,BLR_ST04,Hebbal CAAQMS,13.0358,77.597,57.8,117.0,40.6,9.2,1.35,36.6,19.7,112,Moderate,PM10,DEMO,SIMULATED
2026-08-29 17:00:00,BLR_ST05,Whitefield Export Promotion Industrial Park,12.9815,77.7289,55.2,113.1,36.6,9.9,1.2,41.0,19.8,110,Moderate,PM10,DEMO,SIMULATED
2026-08-29 17:00:00,BLR_ST06,Indiranagar 100ft Road,12.9784,77.6408,43.6,86.5,32.5,7.9,0.98,51.9,18.0,87,Satisfactory,PM10,DEMO,SIMULATED
2026-08-29 17:00:00,BLR_ST07,Jayanagar 4th Block,12.9299,77.5826,37.8,75.3,27.1,6.7,0.89,56.9,15.6,76,Satisfactory,PM10,DEMO,SIMULATED
2026-08-29 17:00:00,BLR_ST08,City Railway Station / Majestic,12.9778,77.5713,66.4,130.2,48.8,12.6,1.69,32.3,25.1,122,Moderate,PM2.5,DEMO,SIMULATED
2026-08-29 17:00:00,BLR_ST09,Saneguruvanahalli (Basaveshwaranagar),12.9912,77.5456,36.1,71.7,24.8,6.3,0.76,44.3,15.0,72,Satisfactory,PM10,DEMO,SIMULATED
2026-08-29 17:00:00,BLR_ST10,BWSSB Kadabeesanahalli (Outer Ring Road),12.9352,77.6894,64.2,127.1,44.7,10.2,1.51,35.6,22.4,119,Moderate,PM10,DEMO,SIMULATED
2026-08-29 17:00:00,BLR_ST11,Hombegowda Nagar (Lalbagh Vicinity),12.9388,77.5936,35.0,68.3,24.5,5.9,0.78,61.1,14.0,69,Satisfactory,PM10,DEMO,SIMULATED
2026-08-29 17:00:00,BLR_ST12,Yelahanka New Town,13.1007,77.5963,38.9,76.6,27.0,6.3,0.87,52.8,15.7,77,Satisfactory,PM10,DEMO,SIMULATED
2026-08-29 17:00:00,BLR_ST13,Electronic City Phase 1,12.8452,77.6602,58.1,115.7,38.9,9.7,1.22,48.9,20.5,111,Moderate,PM10,DEMO,SIMULATED
2026-08-29 17:00:00,BLR_ST14,Mysore Road / Nayandahalli,12.9463,77.5255,61.7,123.8,43.3,10.8,1.41,36.9,21.5,117,Moderate,PM10,DEMO,SIMULATED
2026-08-29 18:00:00,BLR_ST01,Silk Board Junction,12.9176,77.6238,85.1,161.7,55.7,12.6,1.93,34.5,26.4,184,Moderate,PM2.5,DEMO,SIMULATED
2026-08-29 18:00:00,BLR_ST02,BTM Layout CAAQMS,12.9135,77.6101,51.5,102.2,35.3,8.4,1.1,37.9,19.5,102,Moderate,PM10,DEMO,SIMULATED
2026-08-29 18:00:00,BLR_ST03,Peenya Industrial Area,13.0285,77.5197,87.1,175.1,60.3,22.4,2.09,26.7,38.0,190,Moderate,PM2.5,DEMO,SIMULATED
2026-08-29 18:00:00,BLR_ST04,Hebbal CAAQMS,13.0358,77.597,71.3,144.4,50.1,10.6,1.67,37.3,22.8,138,Moderate,PM2.5,DEMO,SIMULATED
2026-08-29 18:00:00,BLR_ST05,Whitefield Export Promotion Industrial Park,12.9815,77.7289,60.8,124.7,40.3,10.2,1.33,37.3,20.5,117,Moderate,PM10,DEMO,SIMULATED
2026-08-29 18:00:00,BLR_ST06,Indiranagar 100ft Road,12.9784,77.6408,46.7,92.6,34.8,8.0,1.05,45.8,18.0,93,Satisfactory,PM10,DEMO,SIMULATED
2026-08-29 18:00:00,BLR_ST07,Jayanagar 4th Block,12.9299,77.5826,39.3,78.3,28.2,6.5,0.92,48.8,15.2,79,Satisfactory,PM10,DEMO,SIMULATED
2026-08-29 18:00:00,BLR_ST08,City Railway Station / Majestic,12.9778,77.5713,67.1,131.6,49.4,11.9,1.71,26.9,23.8,124,Moderate,PM2.5,DEMO,SIMULATED
2026-08-29 18:00:00,BLR_ST09,Saneguruvanahalli (Basaveshwaranagar),12.9912,77.5456,42.4,84.4,29.2,6.9,0.9,43.0,16.5,85,Satisfactory,PM10,DEMO,SIMULATED
2026-08-29 18:00:00,BLR_ST10,BWSSB Kadabeesanahalli (Outer Ring Road),12.9352,77.6894,74.8,148.3,52.1,11.2,1.76,34.2,24.5,150,Moderate,PM2.5,DEMO,SIMULATED
2026-08-29 18:00:00,BLR_ST11,Hombegowda Nagar (Lalbagh Vicinity),12.9388,77.5936,35.0,68.2,24.4,5.6,0.78,50.3,13.1,69,Satisfactory,PM10,DEMO,SIMULATED
2026-08-29 18:00:00,BLR_ST12,Yelahanka New Town,13.1007,77.5963,38.2,75.2,26.5,5.8,0.85,42.7,14.5,76,Satisfactory,PM10,DEMO,SIMULATED
2026-08-29 18:00:00,BLR_ST13,Electronic City Phase 1,12.8452,77.6602,52.6,104.8,35.3,8.2,1.11,36.5,17.4,104,Moderate,PM10,DEMO,SIMULATED
2026-08-29 18:00:00,BLR_ST14,Mysore Road / Nayandahalli,12.9463,77.5255,69.5,139.5,48.8,11.4,1.59,34.3,22.7,132,Moderate,PM2.5,DEMO,SIMULATED
2026-08-29 19:00:00,BLR_ST01,Silk Board Junction,12.9176,77.6238,83.6,158.8,54.7,11.1,1.89,28.3,23.2,179,Moderate,PM2.5,DEMO,SIMULATED
2026-08-29 19:00:00,BLR_ST02,BTM Layout CAAQMS,12.9135,77.6101,58.8,116.8,40.3,8.6,1.26,36.1,19.9,112,Moderate,PM10,DEMO,SIMULATED
2026-08-29 19:00:00,BLR_ST03,Peenya Industrial Area,13.0285,77.5197,96.1,193.1,66.5,22.1,2.3,24.6,37.4,221,Poor,PM2.5,DEMO,SIMULATED
2026-08-29 19:00:00,BLR_ST04,Hebbal CAAQMS,13.0358,77.597,76.4,154.6,53.7,10.2,1.79,33.3,21.8,155,Moderate,PM2.5,DEMO,SIMULATED
2026-08-29 19:00:00,BLR_ST05,Whitefield Export Promotion Industrial Park,12.9815,77.7289,65.8,134.9,43.6,9.9,1.43,33.6,19.8,124,Moderate,PM10,DEMO,SIMULATED
2026-08-29 19:00:00,BLR_ST06,Indiranagar 100ft Road,12.9784,77.6408,44.8,88.8,33.3,6.8,1.01,36.7,15.4,89,Satisfactory,PM10,DEMO,SIMULATED
2026-08-29 19:00:00,BLR_ST07,Jayanagar 4th Block,12.9299,77.5826,45.2,90.0,32.4,6.7,1.06,46.8,15.6,90,Satisfactory,PM10,DEMO,SIMULATED
2026-08-29 19:00:00,BLR_ST08,City Railway Station / Majestic,12.9778,77.5713,79.6,156.0,58.5,12.6,2.03,26.6,25.2,166,Moderate,PM2.5,DEMO,SIMULATED
2026-08-29 19:00:00,BLR_ST09,Saneguruvanahalli (Basaveshwaranagar),12.9912,77.5456,51.2,101.7,35.2,7.5,1.08,43.3,17.8,102,Moderate,PM10,DEMO,SIMULATED
2026-08-29 19:00:00,BLR_ST10,BWSSB Kadabeesanahalli (Outer Ring Road),12.9352,77.6894,75.1,148.9,52.3,10.0,1.76,28.7,22.0,151,Moderate,PM2.5,DEMO,SIMULATED
2026-08-29 19:00:00,BLR_ST11,Hombegowda Nagar (Lalbagh Vicinity),12.9388,77.5936,42.5,82.9,29.7,6.0,0.94,51.1,14.2,83,Satisfactory,PM10,DEMO,SIMULATED
2026-08-29 19:00:00,BLR_ST12,Yelahanka New Town,13.1007,77.5963,48.3,95.1,33.5,6.5,1.07,45.1,16.3,95,Satisfactory,PM10,DEMO,SIMULATED
2026-08-29 19:00:00,BLR_ST13,Electronic City Phase 1,12.8452,77.6602,58.8,117.1,39.4,8.2,1.24,34.1,17.4,112,Moderate,PM10,DEMO,SIMULATED
2026-08-29 19:00:00,BLR_ST14,Mysore Road / Nayandahalli,12.9463,77.5255,77.4,155.4,54.4,11.3,1.77,31.9,22.6,158,Moderate,PM2.5,DEMO,SIMULATED
2026-08-29 20:00:00,BLR_ST01,Silk Board Junction,12.9176,77.6238,94.9,180.2,62.1,11.2,2.15,27.9,23.4,217,Poor,PM2.5,DEMO,SIMULATED
2026-08-29 20:00:00,BLR_ST02,BTM Layout CAAQMS,12.9135,77.6101,68.5,136.1,47.0,8.9,1.46,36.6,20.7,129,Moderate,PM2.5,DEMO,SIMULATED
2026-08-29 20:00:00,BLR_ST03,Peenya Industrial Area,13.0285,77.5197,113.3,227.8,78.4,23.2,2.72,25.2,39.4,278,Poor,PM2.5,DEMO,SIMULATED
2026-08-29 20:00:00,BLR_ST04,Hebbal CAAQMS,13.0358,77.597,90.0,182.2,63.3,10.7,2.11,34.1,22.9,200,Moderate,PM2.5,DEMO,SIMULATED
2026-08-29 20:00:00,BLR_ST05,Whitefield Export Promotion Industrial Park,12.9815,77.7289,70.6,144.8,46.8,9.5,1.54,31.4,18.9,136,Moderate,PM2.5,DEMO,SIMULATED
2026-08-29 20:00:00,BLR_ST06,Indiranagar 100ft Road,12.9784,77.6408,56.5,112.0,42.0,7.7,1.27,40.2,17.4,109,Moderate,PM10,DEMO,SIMULATED
2026-08-29 20:00:00,BLR_ST07,Jayanagar 4th Block,12.9299,77.5826,49.9,99.2,35.7,6.5,1.17,44.9,15.3,99,Satisfactory,PM10,DEMO,SIMULATED
2026-08-29 20:00:00,BLR_ST08,City Railway Station / Majestic,12.9778,77.5713,83.4,163.6,61.4,11.8,2.13,24.2,23.6,178,Moderate,PM2.5,DEMO,SIMULATED
2026-08-29 20:00:00,BLR_ST09,Saneguruvanahalli (Basaveshwaranagar),12.9912,77.5456,47.7,94.8,32.8,6.2,1.01,35.0,14.8,95,Satisfactory,PM10,DEMO,SIMULATED
2026-08-29 20:00:00,BLR_ST10,BWSSB Kadabeesanahalli (Outer Ring Road),12.9352,77.6894,93.2,184.6,64.9,11.1,2.19,30.9,24.3,212,Poor,PM2.5,DEMO,SIMULATED
2026-08-29 20:00:00,BLR_ST11,Hombegowda Nagar (Lalbagh Vicinity),12.9388,77.5936,42.3,82.6,29.6,5.4,0.94,44.2,12.7,83,Satisfactory,PM10,DEMO,SIMULATED
2026-08-29 20:00:00,BLR_ST12,Yelahanka New Town,13.1007,77.5963,48.5,95.6,33.7,5.9,1.08,39.4,14.6,96,Satisfactory,PM10,DEMO,SIMULATED
2026-08-29 20:00:00,BLR_ST13,Electronic City Phase 1,12.8452,77.6602,73.1,145.5,49.0,9.1,1.54,36.8,19.3,144,Moderate,PM2.5,DEMO,SIMULATED
2026-08-29 20:00:00,BLR_ST14,Mysore Road / Nayandahalli,12.9463,77.5255,86.3,173.2,60.6,11.2,1.97,30.9,22.5,188,Moderate,PM2.5,DEMO,SIMULATED
2026-08-29 21:00:00,BLR_ST01,Silk Board Junction,12.9176,77.6238,106.1,201.5,69.4,11.9,2.4,29.5,25.0,254,Poor,PM2.5,DEMO,SIMULATED
2026-08-29 21:00:00,BLR_ST02,BTM Layout CAAQMS,12.9135,77.6101,74.0,146.9,50.7,9.2,1.58,37.3,21.3,147,Moderate,PM2.5,DEMO,SIMULATED
2026-08-29 21:00:00,BLR_ST03,Peenya Industrial Area,13.0285,77.5197,111.9,225.0,77.4,21.8,2.68,23.5,37.0,273,Poor,PM2.5,DEMO,SIMULATED
2026-08-29 21:00:00,BLR_ST04,Hebbal CAAQMS,13.0358,77.597,91.2,184.6,64.1,10.3,2.14,32.7,22.1,205,Poor,PM2.5,DEMO,SIMULATED
2026-08-29 21:00:00,BLR_ST05,Whitefield Export Promotion Industrial Park,12.9815,77.7289,81.0,166.2,53.7,10.4,1.77,34.1,20.7,170,Moderate,PM2.5,DEMO,SIMULATED
2026-08-29 21:00:00,BLR_ST06,Indiranagar 100ft Road,12.9784,77.6408,58.4,115.8,43.5,7.5,1.31,39.3,17.1,111,Moderate,PM10,DEMO,SIMULATED
2026-08-29 21:00:00,BLR_ST07,Jayanagar 4th Block,12.9299,77.5826,48.6,96.6,34.8,6.1,1.14,41.3,14.2,97,Satisfactory,PM10,DEMO,SIMULATED
2026-08-29 21:00:00,BLR_ST08,City Railway Station / Majestic,12.9778,77.5713,99.5,195.0,73.2,13.4,2.54,27.3,26.8,232,Poor,PM2.5,DEMO,SIMULATED
2026-08-29 21:00:00,BLR_ST09,Saneguruvanahalli (Basaveshwaranagar),12.9912,77.5456,52.1,103.5,35.8,6.5,1.1,36.2,15.4,103,Moderate,PM10,DEMO,SIMULATED
2026-08-29 21:00:00,BLR_ST10,BWSSB Kadabeesanahalli (Outer Ring Road),12.9352,77.6894,85.5,169.4,59.5,9.7,2.01,26.8,21.2,185,Moderate,PM2.5,DEMO,SIMULATED
2026-08-29 21:00:00,BLR_ST11,Hombegowda Nagar (Lalbagh Vicinity),12.9388,77.5936,47.8,93.3,33.4,5.8,1.06,47.2,13.6,93,Satisfactory,PM10,DEMO,SIMULATED
2026-08-29 21:00:00,BLR_ST12,Yelahanka New Town,13.1007,77.5963,52.2,102.7,36.2,6.0,1.16,40.1,15.0,103,Moderate,PM10,DEMO,SIMULATED
2026-08-29 21:00:00,BLR_ST13,Electronic City Phase 1,12.8452,77.6602,74.0,147.3,49.6,8.8,1.56,35.2,18.6,147,Moderate,PM2.5,DEMO,SIMULATED
2026-08-29 21:00:00,BLR_ST14,Mysore Road / Nayandahalli,12.9463,77.5255,89.8,180.3,63.1,11.1,2.06,30.4,22.3,199,Moderate,PM2.5,DEMO,SIMULATED
2026-08-29 22:00:00,BLR_ST01,Silk Board Junction,12.9176,77.6238,118.7,225.5,60.8,11.0,2.1,27.1,23.0,296,Poor,PM2.5,DEMO,SIMULATED
2026-08-29 22:00:00,BLR_ST02,BTM Layout CAAQMS,12.9135,77.6101,78.6,156.2,42.2,8.0,1.31,32.6,18.6,162,Moderate,PM2.5,DEMO,SIMULATED
2026-08-29 22:00:00,BLR_ST03,Peenya Industrial Area,13.0285,77.5197,138.2,277.9,74.9,22.2,2.6,23.8,37.6,315,Very Poor,PM2.5,DEMO,SIMULATED
2026-08-29 22:00:00,BLR_ST04,Hebbal CAAQMS,13.0358,77.597,115.9,234.6,63.8,10.8,2.13,34.1,23.1,286,Poor,PM2.5,DEMO,SIMULATED
2026-08-29 22:00:00,BLR_ST05,Whitefield Export Promotion Industrial Park,12.9815,77.7289,93.0,190.7,48.2,9.8,1.59,32.1,19.5,211,Poor,PM2.5,DEMO,SIMULATED
2026-08-29 22:00:00,BLR_ST06,Indiranagar 100ft Road,12.9784,77.6408,76.6,151.7,44.6,8.1,1.35,42.3,18.4,156,Moderate,PM2.5,DEMO,SIMULATED
2026-08-29 22:00:00,BLR_ST07,Jayanagar 4th Block,12.9299,77.5826,60.2,119.8,33.8,6.2,1.1,42.0,14.5,114,Moderate,PM10,DEMO,SIMULATED
2026-08-29 22:00:00,BLR_ST08,City Railway Station / Majestic,12.9778,77.5713,108.6,213.1,62.6,12.0,2.17,24.5,24.0,262,Poor,PM2.5,DEMO,SIMULATED
2026-08-29 22:00:00,BLR_ST09,Saneguruvanahalli (Basaveshwaranagar),12.9912,77.5456,71.4,141.9,38.4,7.3,1.18,40.7,17.3,139,Moderate,PM2.5,DEMO,SIMULATED
2026-08-29 22:00:00,BLR_ST10,BWSSB Kadabeesanahalli (Outer Ring Road),12.9352,77.6894,111.7,221.3,60.9,10.4,2.05,28.7,22.8,273,Poor,PM2.5,DEMO,SIMULATED
2026-08-29 22:00:00,BLR_ST11,Hombegowda Nagar (Lalbagh Vicinity),12.9388,77.5936,60.0,117.0,32.8,5.9,1.04,48.6,14.0,112,Moderate,PM10,DEMO,SIMULATED
2026-08-29 22:00:00,BLR_ST12,Yelahanka New Town,13.1007,77.5963,62.8,123.7,34.1,5.9,1.09,39.6,14.8,117,Moderate,PM10,DEMO,SIMULATED
2026-08-29 22:00:00,BLR_ST13,Electronic City Phase 1,12.8452,77.6602,84.5,168.3,44.3,8.3,1.39,33.0,17.4,182,Moderate,PM2.5,DEMO,SIMULATED
2026-08-29 22:00:00,BLR_ST14,Mysore Road / Nayandahalli,12.9463,77.5255,111.9,224.7,61.5,11.4,2.0,31.1,22.8,273,Poor,PM2.5,DEMO,SIMULATED
2026-08-29 23:00:00,BLR_ST01,Silk Board Junction,12.9176,77.6238,118.8,225.7,60.8,12.3,2.11,30.4,25.8,296,Poor,PM2.5,DEMO,SIMULATED
2026-08-29 23:00:00,BLR_ST02,BTM Layout CAAQMS,12.9135,77.6101,71.0,141.0,38.1,8.1,1.19,33.0,18.8,137,Moderate,PM2.5,DEMO,SIMULATED
2026-08-29 23:00:00,BLR_ST03,Peenya Industrial Area,13.0285,77.5197,120.8,242.8,65.4,21.7,2.27,23.4,36.8,302,Very Poor,PM2.5,DEMO,SIMULATED
2026-08-29 23:00:00,BLR_ST04,Hebbal CAAQMS,13.0358,77.597,85.8,173.7,47.2,8.9,1.57,28.3,19.2,186,Moderate,PM2.5,DEMO,SIMULATED
2026-08-29 23:00:00,BLR_ST05,Whitefield Export Promotion Industrial Park,12.9815,77.7289,87.4,179.1,45.3,10.3,1.49,33.8,20.6,191,Moderate,PM2.5,DEMO,SIMULATED
2026-08-29 23:00:00,BLR_ST06,Indiranagar 100ft Road,12.9784,77.6408,67.9,134.6,39.6,8.1,1.19,42.1,18.3,127,Moderate,PM2.5,DEMO,SIMULATED
2026-08-29 23:00:00,BLR_ST07,Jayanagar 4th Block,12.9299,77.5826,57.6,114.5,32.3,6.6,1.05,45.1,15.5,111,Moderate,PM10,DEMO,SIMULATED
2026-08-29 23:00:00,BLR_ST08,City Railway Station / Majestic,12.9778,77.5713,109.2,214.1,62.9,13.6,2.18,27.6,27.1,264,Poor,PM2.5,DEMO,SIMULATED
2026-08-29 23:00:00,BLR_ST09,Saneguruvanahalli (Basaveshwaranagar),12.9912,77.5456,64.5,128.3,34.7,7.4,1.07,41.2,17.6,120,Moderate,PM10,DEMO,SIMULATED
2026-08-29 23:00:00,BLR_ST10,BWSSB Kadabeesanahalli (Outer Ring Road),12.9352,77.6894,103.3,204.7,56.3,10.8,1.9,29.8,23.6,245,Poor,PM2.5,DEMO,SIMULATED
2026-08-29 23:00:00,BLR_ST11,Hombegowda Nagar (Lalbagh Vicinity),12.9388,77.5936,52.5,102.3,28.7,5.8,0.91,47.6,13.8,103,Moderate,PM10,DEMO,SIMULATED
2026-08-29 23:00:00,BLR_ST12,Yelahanka New Town,13.1007,77.5963,56.7,111.7,30.8,6.0,0.99,40.1,15.0,109,Moderate,PM10,DEMO,SIMULATED
2026-08-29 23:00:00,BLR_ST13,Electronic City Phase 1,12.8452,77.6602,75.9,151.1,39.8,8.3,1.25,33.3,17.6,153,Moderate,PM2.5,DEMO,SIMULATED
2026-08-29 23:00:00,BLR_ST14,Mysore Road / Nayandahalli,12.9463,77.5255,90.5,181.7,49.8,10.3,1.62,28.2,20.7,203,Poor,PM2.5,DEMO,SIMULATED
2026-08-30 00:00:00,BLR_ST01,Silk Board Junction,12.9176,77.6238,83.8,159.1,42.9,10.7,1.48,26.3,22.4,180,Moderate,PM2.5,DEMO,SIMULATED
2026-08-30 00:00:00,BLR_ST02,BTM Layout CAAQMS,12.9135,77.6101,63.3,125.7,34.0,8.9,1.06,36.2,20.6,118,Moderate,PM10,DEMO,SIMULATED
2026-08-30 00:00:00,BLR_ST03,Peenya Industrial Area,13.0285,77.5197,91.6,184.2,49.6,20.3,1.72,21.8,34.4,206,Poor,PM2.5,DEMO,SIMULATED
2026-08-30 00:00:00,BLR_ST04,Hebbal CAAQMS,13.0358,77.597,77.2,156.2,42.5,9.9,1.42,31.3,21.2,158,Moderate,PM2.5,DEMO,SIMULATED
2026-08-30 00:00:00,BLR_ST05,Whitefield Export Promotion Industrial Park,12.9815,77.7289,68.5,140.5,35.5,9.9,1.17,32.6,19.9,129,Moderate,PM2.5,DEMO,SIMULATED
2026-08-30 00:00:00,BLR_ST06,Indiranagar 100ft Road,12.9784,77.6408,54.3,107.6,31.6,8.0,0.95,41.4,18.0,106,Moderate,PM10,DEMO,SIMULATED
2026-08-30 00:00:00,BLR_ST07,Jayanagar 4th Block,12.9299,77.5826,44.2,87.8,24.8,6.3,0.81,42.5,14.6,88,Satisfactory,PM10,DEMO,SIMULATED
2026-08-30 00:00:00,BLR_ST08,City Railway Station / Majestic,12.9778,77.5713,87.0,170.6,50.1,13.3,1.74,27.1,26.6,190,Moderate,PM2.5,DEMO,SIMULATED
2026-08-30 00:00:00,BLR_ST09,Saneguruvanahalli (Basaveshwaranagar),12.9912,77.5456,44.3,88.1,23.8,6.2,0.73,34.9,14.9,88,Satisfactory,PM10,DEMO,SIMULATED
2026-08-30 00:00:00,BLR_ST10,BWSSB Kadabeesanahalli (Outer Ring Road),12.9352,77.6894,78.5,155.6,42.8,10.1,1.44,27.9,22.1,162,Moderate,PM2.5,DEMO,SIMULATED
2026-08-30 00:00:00,BLR_ST11,Hombegowda Nagar (Lalbagh Vicinity),12.9388,77.5936,44.3,86.3,24.2,6.0,0.77,49.5,14.3,87,Satisfactory,PM10,DEMO,SIMULATED
2026-08-30 00:00:00,BLR_ST12,Yelahanka New Town,13.1007,77.5963,48.0,94.5,26.1,6.3,0.84,41.8,15.7,95,Satisfactory,PM10,DEMO,SIMULATED
2026-08-30 00:00:00,BLR_ST13,Electronic City Phase 1,12.8452,77.6602,67.0,133.5,35.2,9.0,1.11,36.2,19.1,124,Moderate,PM2.5,DEMO,SIMULATED
2026-08-30 00:00:00,BLR_ST14,Mysore Road / Nayandahalli,12.9463,77.5255,82.4,165.4,45.3,11.6,1.48,31.6,23.2,175,Moderate,PM2.5,DEMO,SIMULATED
2026-08-30 01:00:00,BLR_ST01,Silk Board Junction,12.9176,77.6238,96.1,182.6,49.2,12.2,1.7,30.2,25.7,221,Poor,PM2.5,DEMO,SIMULATED
2026-08-30 01:00:00,BLR_ST02,BTM Layout CAAQMS,12.9135,77.6101,54.7,108.7,29.4,7.7,0.91,31.3,17.8,107,Moderate,PM10,DEMO,SIMULATED
2026-08-30 01:00:00,BLR_ST03,Peenya Industrial Area,13.0285,77.5197,110.8,222.7,60.0,24.5,2.08,26.4,41.6,270,Poor,PM2.5,DEMO,SIMULATED
2026-08-30 01:00:00,BLR_ST04,Hebbal CAAQMS,13.0358,77.597,78.5,159.0,43.2,10.1,1.44,31.9,21.6,162,Moderate,PM2.5,DEMO,SIMULATED
2026-08-30 01:00:00,BLR_ST05,Whitefield Export Promotion Industrial Park,12.9815,77.7289,69.7,142.9,36.1,10.1,1.19,33.2,20.2,133,Moderate,PM2.5,DEMO,SIMULATED
2026-08-30 01:00:00,BLR_ST06,Indiranagar 100ft Road,12.9784,77.6408,53.0,105.1,30.9,7.8,0.93,40.4,17.6,104,Moderate,PM10,DEMO,SIMULATED
2026-08-30 01:00:00,BLR_ST07,Jayanagar 4th Block,12.9299,77.5826,42.3,84.2,23.7,6.0,0.78,40.8,14.0,85,Satisfactory,PM10,DEMO,SIMULATED
2026-08-30 01:00:00,BLR_ST08,City Railway Station / Majestic,12.9778,77.5713,91.5,179.5,52.7,14.0,1.83,28.5,28.0,206,Poor,PM2.5,DEMO,SIMULATED
2026-08-30 01:00:00,BLR_ST09,Saneguruvanahalli (Basaveshwaranagar),12.9912,77.5456,51.0,101.4,27.5,7.2,0.84,40.1,17.1,102,Moderate,PM10,DEMO,SIMULATED
2026-08-30 01:00:00,BLR_ST10,BWSSB Kadabeesanahalli (Outer Ring Road),12.9352,77.6894,83.9,166.3,45.7,10.8,1.54,29.8,23.6,180,Moderate,PM2.5,DEMO,SIMULATED
2026-08-30 01:00:00,BLR_ST11,Hombegowda Nagar (Lalbagh Vicinity),12.9388,77.5936,37.7,73.5,20.6,5.2,0.66,42.1,12.2,74,Satisfactory,PM10,DEMO,SIMULATED
2026-08-30 01:00:00,BLR_ST12,Yelahanka New Town,13.1007,77.5963,50.3,99.0,27.3,6.6,0.87,43.7,16.4,99,Satisfactory,PM10,DEMO,SIMULATED
2026-08-30 01:00:00,BLR_ST13,Electronic City Phase 1,12.8452,77.6602,65.8,131.0,34.5,8.9,1.09,35.5,18.7,121,Moderate,PM10,DEMO,SIMULATED
2026-08-30 01:00:00,BLR_ST14,Mysore Road / Nayandahalli,12.9463,77.5255,84.6,169.9,46.5,11.9,1.52,32.5,23.8,182,Moderate,PM2.5,DEMO,SIMULATED
2026-08-30 02:00:00,BLR_ST01,Silk Board Junction,12.9176,77.6238,82.2,156.2,42.1,10.5,1.46,25.9,22.0,174,Moderate,PM2.5,DEMO,SIMULATED
2026-08-30 02:00:00,BLR_ST02,BTM Layout CAAQMS,12.9135,77.6101,55.3,109.9,29.7,7.8,0.92,31.6,18.0,108,Moderate,PM10,DEMO,SIMULATED
2026-08-30 02:00:00,BLR_ST03,Peenya Industrial Area,13.0285,77.5197,94.2,189.3,51.0,20.8,1.77,22.4,35.4,215,Poor,PM2.5,DEMO,SIMULATED
2026-08-30 02:00:00,BLR_ST04,Hebbal CAAQMS,13.0358,77.597,71.2,144.2,39.2,9.1,1.31,28.9,19.6,138,Moderate,PM2.5,DEMO,SIMULATED
2026-08-30 02:00:00,BLR_ST05,Whitefield Export Promotion Industrial Park,12.9815,77.7289,67.9,139.2,35.2,9.8,1.16,32.3,19.7,127,Moderate,PM2.5,DEMO,SIMULATED
2026-08-30 02:00:00,BLR_ST06,Indiranagar 100ft Road,12.9784,77.6408,53.3,105.7,31.0,7.8,0.94,40.6,17.7,105,Moderate,PM10,DEMO,SIMULATED
2026-08-30 02:00:00,BLR_ST07,Jayanagar 4th Block,12.9299,77.5826,42.4,84.3,23.7,6.0,0.78,40.8,14.1,85,Satisfactory,PM10,DEMO,SIMULATED
2026-08-30 02:00:00,BLR_ST08,City Railway Station / Majestic,12.9778,77.5713,92.6,181.6,53.3,14.1,1.85,28.8,28.3,210,Poor,PM2.5,DEMO,SIMULATED
2026-08-30 02:00:00,BLR_ST09,Saneguruvanahalli (Basaveshwaranagar),12.9912,77.5456,52.1,103.6,28.1,7.3,0.86,41.0,17.5,103,Moderate,PM10,DEMO,SIMULATED
2026-08-30 02:00:00,BLR_ST10,BWSSB Kadabeesanahalli (Outer Ring Road),12.9352,77.6894,87.3,173.0,47.6,11.2,1.6,31.0,24.6,191,Moderate,PM2.5,DEMO,SIMULATED
2026-08-30 02:00:00,BLR_ST11,Hombegowda Nagar (Lalbagh Vicinity),12.9388,77.5936,38.2,74.6,20.9,5.2,0.67,42.8,12.4,75,Satisfactory,PM10,DEMO,SIMULATED
2026-08-30 02:00:00,BLR_ST12,Yelahanka New Town,13.1007,77.5963,47.2,93.0,25.7,6.2,0.82,41.1,15.4,93,Satisfactory,PM10,DEMO,SIMULATED
2026-08-30 02:00:00,BLR_ST13,Electronic City Phase 1,12.8452,77.6602,67.4,134.2,35.4,9.1,1.11,36.4,19.2,125,Moderate,PM2.5,DEMO,SIMULATED
2026-08-30 02:00:00,BLR_ST14,Mysore Road / Nayandahalli,12.9463,77.5255,72.3,145.2,39.8,10.2,1.3,27.8,20.4,142,Moderate,PM2.5,DEMO,SIMULATED
2026-08-30 03:00:00,BLR_ST01,Silk Board Junction,12.9176,77.6238,86.7,164.7,44.4,11.0,1.54,27.3,23.1,189,Moderate,PM2.5,DEMO,SIMULATED
2026-08-30 03:00:00,BLR_ST02,BTM Layout CAAQMS,12.9135,77.6101,60.2,119.6,32.3,8.5,1.01,34.4,19.6,114,Moderate,PM10,DEMO,SIMULATED
2026-08-30 03:00:00,BLR_ST03,Peenya Industrial Area,13.0285,77.5197,101.3,203.6,54.8,22.4,1.9,24.1,38.0,238,Poor,PM2.5,DEMO,SIMULATED
2026-08-30 03:00:00,BLR_ST04,Hebbal CAAQMS,13.0358,77.597,71.3,144.4,39.2,9.2,1.31,28.9,19.6,138,Moderate,PM2.5,DEMO,SIMULATED
2026-08-30 03:00:00,BLR_ST05,Whitefield Export Promotion Industrial Park,12.9815,77.7289,76.6,157.1,39.7,11.1,1.31,36.5,22.2,156,Moderate,PM2.5,DEMO,SIMULATED
2026-08-30 03:00:00,BLR_ST06,Indiranagar 100ft Road,12.9784,77.6408,47.6,94.4,27.7,7.0,0.84,36.3,15.8,95,Satisfactory,PM10,DEMO,SIMULATED
2026-08-30 03:00:00,BLR_ST07,Jayanagar 4th Block,12.9299,77.5826,45.1,89.7,25.3,6.4,0.83,43.4,15.0,90,Satisfactory,PM10,DEMO,SIMULATED
2026-08-30 03:00:00,BLR_ST08,City Railway Station / Majestic,12.9778,77.5713,88.9,174.3,51.2,13.6,1.78,27.7,27.1,196,Moderate,PM2.5,DEMO,SIMULATED
2026-08-30 03:00:00,BLR_ST09,Saneguruvanahalli (Basaveshwaranagar),12.9912,77.5456,49.3,98.0,26.6,6.9,0.82,38.8,16.5,98,Satisfactory,PM10,DEMO,SIMULATED
2026-08-30 03:00:00,BLR_ST10,BWSSB Kadabeesanahalli (Outer Ring Road),12.9352,77.6894,87.3,172.9,47.6,11.2,1.6,31.0,24.6,191,Moderate,PM2.5,DEMO,SIMULATED
2026-08-30 03:00:00,BLR_ST11,Hombegowda Nagar (Lalbagh Vicinity),12.9388,77.5936,40.8,79.5,22.3,5.6,0.71,45.6,13.2,80,Satisfactory,PM10,DEMO,SIMULATED
2026-08-30 03:00:00,BLR_ST12,Yelahanka New Town,13.1007,77.5963,49.0,96.5,26.6,6.4,0.85,42.6,16.0,97,Satisfactory,PM10,DEMO,SIMULATED
2026-08-30 03:00:00,BLR_ST13,Electronic City Phase 1,12.8452,77.6602,60.4,120.3,31.7,8.2,1.0,32.6,17.2,114,Moderate,PM10,DEMO,SIMULATED
2026-08-30 03:00:00,BLR_ST14,Mysore Road / Nayandahalli,12.9463,77.5255,71.1,142.7,39.1,10.0,1.27,27.3,20.0,138,Moderate,PM2.5,DEMO,SIMULATED
2026-08-30 04:00:00,BLR_ST01,Silk Board Junction,12.9176,77.6238,93.0,176.7,47.6,11.8,1.65,29.2,24.8,211,Poor,PM2.5,DEMO,SIMULATED
2026-08-30 04:00:00,BLR_ST02,BTM Layout CAAQMS,12.9135,77.6101,60.9,120.9,32.7,8.5,1.02,34.7,19.8,115,Moderate,PM10,DEMO,SIMULATED
2026-08-30 04:00:00,BLR_ST03,Peenya Industrial Area,13.0285,77.5197,104.5,210.1,56.6,23.1,1.96,24.8,39.1,249,Poor,PM2.5,DEMO,SIMULATED
2026-08-30 04:00:00,BLR_ST04,Hebbal CAAQMS,13.0358,77.597,80.6,163.2,44.3,10.3,1.48,32.7,22.1,169,Moderate,PM2.5,DEMO,SIMULATED
2026-08-30 04:00:00,BLR_ST05,Whitefield Export Promotion Industrial Park,12.9815,77.7289,69.4,142.2,36.0,10.0,1.18,32.9,20.1,132,Moderate,PM2.5,DEMO,SIMULATED
2026-08-30 04:00:00,BLR_ST06,Indiranagar 100ft Road,12.9784,77.6408,52.7,104.5,30.7,7.7,0.93,40.1,17.5,104,Moderate,PM10,DEMO,SIMULATED
2026-08-30 04:00:00,BLR_ST07,Jayanagar 4th Block,12.9299,77.5826,43.8,87.1,24.5,6.2,0.8,42.1,14.5,87,Satisfactory,PM10,DEMO,SIMULATED
2026-08-30 04:00:00,BLR_ST08,City Railway Station / Majestic,12.9778,77.5713,87.5,171.5,50.4,13.3,1.75,27.2,26.7,192,Moderate,PM2.5,DEMO,SIMULATED
2026-08-30 04:00:00,BLR_ST09,Saneguruvanahalli (Basaveshwaranagar),12.9912,77.5456,46.4,92.2,25.0,6.5,0.77,36.4,15.5,92,Satisfactory,PM10,DEMO,SIMULATED
2026-08-30 04:00:00,BLR_ST10,BWSSB Kadabeesanahalli (Outer Ring Road),12.9352,77.6894,89.3,177.0,48.7,11.5,1.64,31.6,25.1,198,Moderate,PM2.5,DEMO,SIMULATED
2026-08-30 04:00:00,BLR_ST11,Hombegowda Nagar (Lalbagh Vicinity),12.9388,77.5936,40.2,78.4,22.0,5.5,0.7,44.8,13.0,79,Satisfactory,PM10,DEMO,SIMULATED
2026-08-30 04:00:00,BLR_ST12,Yelahanka New Town,13.1007,77.5963,48.9,96.3,26.6,6.4,0.85,42.4,15.9,96,Satisfactory,PM10,DEMO,SIMULATED
2026-08-30 04:00:00,BLR_ST13,Electronic City Phase 1,12.8452,77.6602,69.3,138.1,36.4,9.3,1.14,37.3,19.7,132,Moderate,PM2.5,DEMO,SIMULATED
2026-08-30 04:00:00,BLR_ST14,Mysore Road / Nayandahalli,12.9463,77.5255,75.2,151.0,41.4,10.6,1.35,28.8,21.1,151,Moderate,PM2.5,DEMO,SIMULATED
2026-08-30 05:00:00,BLR_ST01,Silk Board Junction,12.9176,77.6238,83.7,159.1,42.9,10.5,1.48,26.0,22.0,179,Moderate,PM2.5,DEMO,SIMULATED
2026-08-30 05:00:00,BLR_ST02,BTM Layout CAAQMS,12.9135,77.6101,55.3,109.9,29.7,7.7,0.92,31.2,17.8,108,Moderate,PM10,DEMO,SIMULATED
2026-08-30 05:00:00,BLR_ST03,Peenya Industrial Area,13.0285,77.5197,101.4,203.9,54.9,22.1,1.9,23.8,37.5,239,Poor,PM2.5,DEMO,SIMULATED
2026-08-30 05:00:00,BLR_ST04,Hebbal CAAQMS,13.0358,77.597,77.2,156.3,42.5,9.8,1.42,30.9,20.9,158,Moderate,PM2.5,DEMO,SIMULATED
2026-08-30 05:00:00,BLR_ST05,Whitefield Export Promotion Industrial Park,12.9815,77.7289,67.2,137.7,34.8,9.6,1.15,31.5,19.2,126,Moderate,PM10,DEMO,SIMULATED
2026-08-30 05:00:00,BLR_ST06,Indiranagar 100ft Road,12.9784,77.6408,53.0,105.1,30.9,7.7,0.93,39.8,17.4,104,Moderate,PM10,DEMO,SIMULATED
2026-08-30 05:00:00,BLR_ST07,Jayanagar 4th Block,12.9299,77.5826,42.7,84.9,23.9,6.0,0.78,40.5,14.0,85,Satisfactory,PM10,DEMO,SIMULATED
2026-08-30 05:00:00,BLR_ST08,City Railway Station / Majestic,12.9778,77.5713,90.1,176.6,51.9,13.6,1.8,27.7,27.1,201,Poor,PM2.5,DEMO,SIMULATED
2026-08-30 05:00:00,BLR_ST09,Saneguruvanahalli (Basaveshwaranagar),12.9912,77.5456,51.3,101.9,27.6,7.1,0.85,39.8,17.0,102,Moderate,PM10,DEMO,SIMULATED
2026-08-30 05:00:00,BLR_ST10,BWSSB Kadabeesanahalli (Outer Ring Road),12.9352,77.6894,88.8,176.0,48.4,11.3,1.63,31.1,24.7,196,Moderate,PM2.5,DEMO,SIMULATED
2026-08-30 05:00:00,BLR_ST11,Hombegowda Nagar (Lalbagh Vicinity),12.9388,77.5936,44.7,87.2,24.4,6.0,0.78,49.3,14.2,87,Satisfactory,PM10,DEMO,SIMULATED
2026-08-30 05:00:00,BLR_ST12,Yelahanka New Town,13.1007,77.5963,43.2,85.1,23.5,5.6,0.75,37.0,13.9,85,Satisfactory,PM10,DEMO,SIMULATED
2026-08-30 05:00:00,BLR_ST13,Electronic City Phase 1,12.8452,77.6602,65.9,131.2,34.6,8.8,1.09,35.1,18.5,122,Moderate,PM10,DEMO,SIMULATED
2026-08-30 05:00:00,BLR_ST14,Mysore Road / Nayandahalli,12.9463,77.5255,80.3,161.2,44.2,11.1,1.44,30.4,22.3,168,Moderate,PM2.5,DEMO,SIMULATED
2026-08-30 06:00:00,BLR_ST01,Silk Board Junction,12.9176,77.6238,72.0,136.8,47.1,11.1,1.63,27.4,23.2,141,Moderate,PM2.5,DEMO,SIMULATED
2026-08-30 06:00:00,BLR_ST02,BTM Layout CAAQMS,12.9135,77.6101,49.2,97.7,33.7,8.3,1.05,34.0,19.4,98,Satisfactory,PM10,DEMO,SIMULATED
2026-08-30 06:00:00,BLR_ST03,Peenya Industrial Area,13.0285,77.5197,79.9,160.6,55.3,21.4,1.92,23.0,36.2,167,Moderate,PM2.5,DEMO,SIMULATED
2026-08-30 06:00:00,BLR_ST04,Hebbal CAAQMS,13.0358,77.597,60.0,121.5,42.2,9.3,1.41,29.4,19.9,115,Moderate,PM10,DEMO,SIMULATED
2026-08-30 06:00:00,BLR_ST05,Whitefield Export Promotion Industrial Park,12.9815,77.7289,53.6,109.8,35.5,9.4,1.17,30.8,18.8,107,Moderate,PM10,DEMO,SIMULATED
2026-08-30 06:00:00,BLR_ST06,Indiranagar 100ft Road,12.9784,77.6408,40.6,80.4,30.2,7.2,0.91,37.4,16.3,81,Satisfactory,PM10,DEMO,SIMULATED
2026-08-30 06:00:00,BLR_ST07,Jayanagar 4th Block,12.9299,77.5826,35.3,70.3,25.3,6.1,0.83,41.1,14.2,71,Satisfactory,PM10,DEMO,SIMULATED
2026-08-30 06:00:00,BLR_ST08,City Railway Station / Majestic,12.9778,77.5713,72.1,141.3,53.0,13.3,1.84,27.1,26.6,141,Moderate,PM2.5,DEMO,SIMULATED
2026-08-30 06:00:00,BLR_ST09,Saneguruvanahalli (Basaveshwaranagar),12.9912,77.5456,38.0,75.5,26.1,6.5,0.8,36.1,15.4,76,Satisfactory,PM10,DEMO,SIMULATED
2026-08-30 06:00:00,BLR_ST10,BWSSB Kadabeesanahalli (Outer Ring Road),12.9352,77.6894,72.5,143.7,50.5,11.3,1.7,31.1,24.7,142,Moderate,PM2.5,DEMO,SIMULATED
2026-08-30 06:00:00,BLR_ST11,Hombegowda Nagar (Lalbagh Vicinity),12.9388,77.5936,31.1,60.6,21.7,5.1,0.69,41.9,12.1,61,Satisfactory,PM10,DEMO,SIMULATED
2026-08-30 06:00:00,BLR_ST12,Yelahanka New Town,13.1007,77.5963,36.8,72.4,25.5,5.8,0.82,38.6,14.5,73,Satisfactory,PM10,DEMO,SIMULATED
2026-08-30 06:00:00,BLR_ST13,Electronic City Phase 1,12.8452,77.6602,56.1,111.7,37.6,9.1,1.18,36.6,19.3,109,Moderate,PM10,DEMO,SIMULATED
2026-08-30 06:00:00,BLR_ST14,Mysore Road / Nayandahalli,12.9463,77.5255,62.3,125.1,43.8,10.6,1.43,28.9,21.2,118,Moderate,PM10,DEMO,SIMULATED
2026-08-30 07:00:00,BLR_ST01,Silk Board Junction,12.9176,77.6238,86.1,163.5,56.3,12.1,1.95,29.9,25.4,187,Moderate,PM2.5,DEMO,SIMULATED
2026-08-30 07:00:00,BLR_ST02,BTM Layout CAAQMS,12.9135,77.6101,54.1,107.6,37.1,8.4,1.16,34.2,19.5,106,Moderate,PM10,DEMO,SIMULATED
2026-08-30 07:00:00,BLR_ST03,Peenya Industrial Area,13.0285,77.5197,91.9,184.8,63.6,22.5,2.21,24.2,38.1,207,Poor,PM2.5,DEMO,SIMULATED
2026-08-30 07:00:00,BLR_ST04,Hebbal CAAQMS,13.0358,77.597,69.1,139.9,48.6,9.8,1.62,31.0,21.0,131,Moderate,PM2.5,DEMO,SIMULATED
2026-08-30 07:00:00,BLR_ST05,Whitefield Export Promotion Industrial Park,12.9815,77.7289,61.3,125.7,40.6,9.8,1.34,32.3,19.6,118,Moderate,PM10,DEMO,SIMULATED
2026-08-30 07:00:00,BLR_ST06,Indiranagar 100ft Road,12.9784,77.6408,41.9,83.1,31.2,6.8,0.94,35.3,15.4,83,Satisfactory,PM10,DEMO,SIMULATED
2026-08-30 07:00:00,BLR_ST07,Jayanagar 4th Block,12.9299,77.5826,43.1,85.8,30.9,6.8,1.01,45.9,15.8,86,Satisfactory,PM10,DEMO,SIMULATED
2026-08-30 07:00:00,BLR_ST08,City Railway Station / Majestic,12.9778,77.5713,77.2,151.3,56.8,13.0,1.97,26.6,26.0,158,Moderate,PM2.5,DEMO,SIMULATED
2026-08-30 07:00:00,BLR_ST09,Saneguruvanahalli (Basaveshwaranagar),12.9912,77.5456,47.8,95.1,32.9,7.4,1.01,41.6,17.7,95,Satisfactory,PM10,DEMO,SIMULATED
2026-08-30 07:00:00,BLR_ST10,BWSSB Kadabeesanahalli (Outer Ring Road),12.9352,77.6894,69.7,138.2,48.6,9.9,1.64,27.4,21.7,133,Moderate,PM2.5,DEMO,SIMULATED
2026-08-30 07:00:00,BLR_ST11,Hombegowda Nagar (Lalbagh Vicinity),12.9388,77.5936,35.4,69.0,24.7,5.3,0.79,43.8,12.6,70,Satisfactory,PM10,DEMO,SIMULATED
2026-08-30 07:00:00,BLR_ST12,Yelahanka New Town,13.1007,77.5963,37.9,74.6,26.3,5.5,0.84,36.5,13.7,75,Satisfactory,PM10,DEMO,SIMULATED
2026-08-30 07:00:00,BLR_ST13,Electronic City Phase 1,12.8452,77.6602,60.3,120.2,40.5,9.0,1.27,36.0,19.0,114,Moderate,PM10,DEMO,SIMULATED
2026-08-30 07:00:00,BLR_ST14,Mysore Road / Nayandahalli,12.9463,77.5255,76.2,153.0,53.6,11.8,1.74,32.4,23.7,154,Moderate,PM2.5,DEMO,SIMULATED
2026-08-30 08:00:00,BLR_ST01,Silk Board Junction,12.9176,77.6238,93.7,178.0,61.3,11.9,2.12,29.5,24.8,213,Poor,PM2.5,DEMO,SIMULATED
2026-08-30 08:00:00,BLR_ST02,BTM Layout CAAQMS,12.9135,77.6101,59.9,118.9,41.1,8.4,1.28,34.3,19.4,113,Moderate,PM10,DEMO,SIMULATED
2026-08-30 08:00:00,BLR_ST03,Peenya Industrial Area,13.0285,77.5197,102.6,206.4,71.0,22.6,2.46,24.5,38.3,243,Poor,PM2.5,DEMO,SIMULATED
2026-08-30 08:00:00,BLR_ST04,Hebbal CAAQMS,13.0358,77.597,82.2,166.4,57.8,10.5,1.93,33.4,22.5,174,Moderate,PM2.5,DEMO,SIMULATED
2026-08-30 08:00:00,BLR_ST05,Whitefield Export Promotion Industrial Park,12.9815,77.7289,69.9,143.3,46.3,10.1,1.52,33.3,20.1,134,Moderate,PM2.5,DEMO,SIMULATED
2026-08-30 08:00:00,BLR_ST06,Indiranagar 100ft Road,12.9784,77.6408,55.5,109.9,41.3,8.1,1.25,42.4,18.3,108,Moderate,PM10,DEMO,SIMULATED
2026-08-30 08:00:00,BLR_ST07,Jayanagar 4th Block,12.9299,77.5826,46.0,91.5,33.0,6.5,1.08,44.4,15.2,92,Satisfactory,PM10,DEMO,SIMULATED
2026-08-30 08:00:00,BLR_ST08,City Railway Station / Majestic,12.9778,77.5713,90.2,176.9,66.4,13.7,2.3,28.1,27.4,202,Poor,PM2.5,DEMO,SIMULATED
2026-08-30 08:00:00,BLR_ST09,Saneguruvanahalli (Basaveshwaranagar),12.9912,77.5456,47.3,94.1,32.6,6.6,1.0,37.3,15.8,94,Satisfactory,PM10,DEMO,SIMULATED
2026-08-30 08:00:00,BLR_ST10,BWSSB Kadabeesanahalli (Outer Ring Road),12.9352,77.6894,80.6,159.7,56.1,10.3,1.89,28.7,22.5,169,Moderate,PM2.5,DEMO,SIMULATED
2026-08-30 08:00:00,BLR_ST11,Hombegowda Nagar (Lalbagh Vicinity),12.9388,77.5936,41.1,80.1,28.7,5.6,0.91,46.0,13.2,80,Satisfactory,PM10,DEMO,SIMULATED
2026-08-30 08:00:00,BLR_ST12,Yelahanka New Town,13.1007,77.5963,43.5,85.6,30.2,5.6,0.97,37.9,14.1,86,Satisfactory,PM10,DEMO,SIMULATED
2026-08-30 08:00:00,BLR_ST13,Electronic City Phase 1,12.8452,77.6602,67.9,135.2,45.5,9.1,1.43,36.7,19.2,127,Moderate,PM2.5,DEMO,SIMULATED
2026-08-30 08:00:00,BLR_ST14,Mysore Road / Nayandahalli,12.9463,77.5255,72.0,144.6,50.6,10.1,1.65,27.7,20.1,141,Moderate,PM2.5,DEMO,SIMULATED
2026-08-30 09:00:00,BLR_ST01,Silk Board Junction,12.9176,77.6238,95.5,181.3,62.4,11.5,2.16,29.4,24.1,219,Poor,PM2.5,DEMO,SIMULATED
2026-08-30 09:00:00,BLR_ST02,BTM Layout CAAQMS,12.9135,77.6101,66.5,132.2,45.6,8.8,1.42,37.3,20.5,122,Moderate,PM2.5,DEMO,SIMULATED
2026-08-30 09:00:00,BLR_ST03,Peenya Industrial Area,13.0285,77.5197,102.2,205.5,70.7,21.4,2.45,23.8,36.3,241,Poor,PM2.5,DEMO,SIMULATED
2026-08-30 09:00:00,BLR_ST04,Hebbal CAAQMS,13.0358,77.597,88.6,179.3,62.2,10.8,2.07,35.2,23.1,195,Moderate,PM2.5,DEMO,SIMULATED
2026-08-30 09:00:00,BLR_ST05,Whitefield Export Promotion Industrial Park,12.9815,77.7289,77.0,158.0,51.1,10.6,1.68,35.9,21.1,157,Moderate,PM2.5,DEMO,SIMULATED
2026-08-30 09:00:00,BLR_ST06,Indiranagar 100ft Road,12.9784,77.6408,49.9,99.0,37.2,6.9,1.12,37.3,15.7,99,Satisfactory,PM10,DEMO,SIMULATED
2026-08-30 09:00:00,BLR_ST07,Jayanagar 4th Block,12.9299,77.5826,50.6,100.6,36.2,6.8,1.18,47.7,15.9,101,Moderate,PM10,DEMO,SIMULATED
2026-08-30 09:00:00,BLR_ST08,City Railway Station / Majestic,12.9778,77.5713,88.0,172.6,64.7,12.7,2.25,26.8,25.4,193,Moderate,PM2.5,DEMO,SIMULATED
2026-08-30 09:00:00,BLR_ST09,Saneguruvanahalli (Basaveshwaranagar),12.9912,77.5456,54.0,107.4,37.2,7.2,1.14,41.7,17.2,106,Moderate,PM10,DEMO,SIMULATED
2026-08-30 09:00:00,BLR_ST10,BWSSB Kadabeesanahalli (Outer Ring Road),12.9352,77.6894,83.5,165.4,58.1,10.2,1.96,29.1,22.3,179,Moderate,PM2.5,DEMO,SIMULATED
2026-08-30 09:00:00,BLR_ST11,Hombegowda Nagar (Lalbagh Vicinity),12.9388,77.5936,46.3,90.2,32.3,6.0,1.03,50.7,14.1,90,Satisfactory,PM10,DEMO,SIMULATED
2026-08-30 09:00:00,BLR_ST12,Yelahanka New Town,13.1007,77.5963,51.1,100.6,35.5,6.3,1.14,43.5,15.8,101,Moderate,PM10,DEMO,SIMULATED
2026-08-30 09:00:00,BLR_ST13,Electronic City Phase 1,12.8452,77.6602,66.2,131.9,44.4,8.5,1.4,35.0,17.9,122,Moderate,PM10,DEMO,SIMULATED
2026-08-30 09:00:00,BLR_ST14,Mysore Road / Nayandahalli,12.9463,77.5255,82.8,166.2,58.2,11.0,1.89,31.1,22.0,176,Moderate,PM2.5,DEMO,SIMULATED
2026-08-30 10:00:00,BLR_ST01,Silk Board Junction,12.9176,77.6238,90.9,172.6,59.4,11.5,2.06,31.5,24.1,204,Poor,PM2.5,DEMO,SIMULATED
2026-08-30 10:00:00,BLR_ST02,BTM Layout CAAQMS,12.9135,77.6101,54.7,108.8,37.5,7.6,1.17,34.5,17.7,107,Moderate,PM10,DEMO,SIMULATED
2026-08-30 10:00:00,BLR_ST03,Peenya Industrial Area,13.0285,77.5197,94.5,190.0,65.4,20.8,2.27,24.8,35.2,216,Poor,PM2.5,DEMO,SIMULATED
2026-08-30 10:00:00,BLR_ST04,Hebbal CAAQMS,13.0358,77.597,74.3,150.4,52.2,9.5,1.74,33.2,20.3,148,Moderate,PM2.5,DEMO,SIMULATED
2026-08-30 10:00:00,BLR_ST05,Whitefield Export Promotion Industrial Park,12.9815,77.7289,70.5,144.5,46.7,10.1,1.54,36.9,20.3,136,Moderate,PM2.5,DEMO,SIMULATED
2026-08-30 10:00:00,BLR_ST06,Indiranagar 100ft Road,12.9784,77.6408,51.1,101.2,38.0,7.4,1.15,42.9,16.9,102,Moderate,PM10,DEMO,SIMULATED
2026-08-30 10:00:00,BLR_ST07,Jayanagar 4th Block,12.9299,77.5826,44.9,89.4,32.2,6.3,1.05,47.6,14.8,90,Satisfactory,PM10,DEMO,SIMULATED
2026-08-30 10:00:00,BLR_ST08,City Railway Station / Majestic,12.9778,77.5713,86.0,168.5,63.2,13.0,2.19,29.5,26.1,187,Moderate,PM2.5,DEMO,SIMULATED
2026-08-30 10:00:00,BLR_ST09,Saneguruvanahalli (Basaveshwaranagar),12.9912,77.5456,47.0,93.3,32.3,6.6,0.99,40.7,15.6,93,Satisfactory,PM10,DEMO,SIMULATED
2026-08-30 10:00:00,BLR_ST10,BWSSB Kadabeesanahalli (Outer Ring Road),12.9352,77.6894,84.1,166.6,58.5,10.7,1.97,32.9,23.5,181,Moderate,PM2.5,DEMO,SIMULATED
2026-08-30 10:00:00,BLR_ST11,Hombegowda Nagar (Lalbagh Vicinity),12.9388,77.5936,37.8,73.7,26.4,5.1,0.84,46.5,12.1,74,Satisfactory,PM10,DEMO,SIMULATED
2026-08-30 10:00:00,BLR_ST12,Yelahanka New Town,13.1007,77.5963,50.9,100.1,35.3,6.6,1.13,48.7,16.5,101,Moderate,PM10,DEMO,SIMULATED
2026-08-30 10:00:00,BLR_ST13,Electronic City Phase 1,12.8452,77.6602,70.4,140.1,47.2,9.4,1.48,41.8,19.9,135,Moderate,PM2.5,DEMO,SIMULATED
2026-08-30 10:00:00,BLR_ST14,Mysore Road / Nayandahalli,12.9463,77.5255,75.6,151.7,53.1,10.6,1.73,31.9,21.1,152,Moderate,PM2.5,DEMO,SIMULATED
2026-08-30 11:00:00,BLR_ST01,Silk Board Junction,12.9176,77.6238,79.1,150.2,51.7,11.1,1.79,34.6,23.3,164,Moderate,PM2.5,DEMO,SIMULATED
2026-08-30 11:00:00,BLR_ST02,BTM Layout CAAQMS,12.9135,77.6101,57.7,114.7,39.6,9.0,1.23,45.9,20.8,111,Moderate,PM10,DEMO,SIMULATED
2026-08-30 11:00:00,BLR_ST03,Peenya Industrial Area,13.0285,77.5197,92.2,185.5,63.8,22.5,2.21,30.6,38.2,208,Poor,PM2.5,DEMO,SIMULATED
2026-08-30 11:00:00,BLR_ST04,Hebbal CAAQMS,13.0358,77.597,72.0,145.8,50.6,10.2,1.69,40.7,21.9,141,Moderate,PM2.5,DEMO,SIMULATED
2026-08-30 11:00:00,BLR_ST05,Whitefield Export Promotion Industrial Park,12.9815,77.7289,61.2,125.5,40.5,9.8,1.33,40.5,19.6,118,Moderate,PM10,DEMO,SIMULATED
2026-08-30 11:00:00,BLR_ST06,Indiranagar 100ft Road,12.9784,77.6408,49.3,97.7,36.7,8.0,1.11,52.2,18.1,98,Satisfactory,PM10,DEMO,SIMULATED
2026-08-30 11:00:00,BLR_ST07,Jayanagar 4th Block,12.9299,77.5826,38.5,76.7,27.6,6.0,0.9,51.6,14.1,77,Satisfactory,PM10,DEMO,SIMULATED
2026-08-30 11:00:00,BLR_ST08,City Railway Station / Majestic,12.9778,77.5713,79.8,156.4,58.7,13.5,2.04,34.5,26.9,166,Moderate,PM2.5,DEMO,SIMULATED
2026-08-30 11:00:00,BLR_ST09,Saneguruvanahalli (Basaveshwaranagar),12.9912,77.5456,47.9,95.3,33.0,7.5,1.01,52.5,17.8,95,Satisfactory,PM10,DEMO,SIMULATED
2026-08-30 11:00:00,BLR_ST10,BWSSB Kadabeesanahalli (Outer Ring Road),12.9352,77.6894,75.2,149.0,52.4,10.7,1.76,37.1,23.4,151,Moderate,PM2.5,DEMO,SIMULATED
2026-08-30 11:00:00,BLR_ST11,Hombegowda Nagar (Lalbagh Vicinity),12.9388,77.5936,38.6,75.3,27.0,5.8,0.86,60.1,13.8,76,Satisfactory,PM10,DEMO,SIMULATED
2026-08-30 11:00:00,BLR_ST12,Yelahanka New Town,13.1007,77.5963,43.5,85.7,30.2,6.3,0.97,52.7,15.7,86,Satisfactory,PM10,DEMO,SIMULATED
2026-08-30 11:00:00,BLR_ST13,Electronic City Phase 1,12.8452,77.6602,62.7,124.8,42.0,9.3,1.32,47.1,19.7,117,Moderate,PM10,DEMO,SIMULATED
2026-08-30 11:00:00,BLR_ST14,Mysore Road / Nayandahalli,12.9463,77.5255,64.1,128.7,45.1,10.0,1.47,34.2,19.9,120,Moderate,PM10,DEMO,SIMULATED
2026-08-30 12:00:00,BLR_ST01,Silk Board Junction,12.9176,77.6238,74.4,141.2,48.6,11.4,1.68,42.0,24.0,149,Moderate,PM2.5,DEMO,SIMULATED
2026-08-30 12:00:00,BLR_ST02,BTM Layout CAAQMS,12.9135,77.6101,54.1,107.6,37.1,9.2,1.16,55.5,21.3,106,Moderate,PM10,DEMO,SIMULATED
2026-08-30 12:00:00,BLR_ST03,Peenya Industrial Area,13.0285,77.5197,88.5,178.0,61.3,23.7,2.12,37.8,40.2,195,Moderate,PM2.5,DEMO,SIMULATED
2026-08-30 12:00:00,BLR_ST04,Hebbal CAAQMS,13.0358,77.597,66.7,135.0,46.9,10.3,1.56,48.6,22.2,124,Moderate,PM10,DEMO,SIMULATED
2026-08-30 12:00:00,BLR_ST05,Whitefield Export Promotion Industrial Park,12.9815,77.7289,59.2,121.3,39.2,10.4,1.29,50.5,20.7,115,Moderate,PM10,DEMO,SIMULATED
2026-08-30 12:00:00,BLR_ST06,Indiranagar 100ft Road,12.9784,77.6408,44.2,87.7,32.9,7.8,0.99,60.5,17.8,88,Satisfactory,PM10,DEMO,SIMULATED
2026-08-30 12:00:00,BLR_ST07,Jayanagar 4th Block,12.9299,77.5826,36.8,73.2,26.4,6.3,0.86,63.6,14.7,74,Satisfactory,PM10,DEMO,SIMULATED
2026-08-30 12:00:00,BLR_ST08,City Railway Station / Majestic,12.9778,77.5713,65.8,129.1,48.4,12.1,1.68,36.8,24.3,120,Moderate,PM2.5,DEMO,SIMULATED
2026-08-30 12:00:00,BLR_ST09,Saneguruvanahalli (Basaveshwaranagar),12.9912,77.5456,41.0,81.5,28.2,7.0,0.87,57.9,16.6,82,Satisfactory,PM10,DEMO,SIMULATED
2026-08-30 12:00:00,BLR_ST10,BWSSB Kadabeesanahalli (Outer Ring Road),12.9352,77.6894,69.2,137.2,48.2,10.8,1.62,44.1,23.6,131,Moderate,PM2.5,DEMO,SIMULATED
2026-08-30 12:00:00,BLR_ST11,Hombegowda Nagar (Lalbagh Vicinity),12.9388,77.5936,35.6,69.4,24.9,5.9,0.79,71.4,13.9,72,Satisfactory,O3,DEMO,SIMULATED
2026-08-30 12:00:00,BLR_ST12,Yelahanka New Town,13.1007,77.5963,35.4,69.7,24.6,5.6,0.79,55.2,13.9,70,Satisfactory,PM10,DEMO,SIMULATED
2026-08-30 12:00:00,BLR_ST13,Electronic City Phase 1,12.8452,77.6602,57.2,113.9,38.4,9.3,1.21,55.4,19.7,110,Moderate,PM10,DEMO,SIMULATED
2026-08-30 12:00:00,BLR_ST14,Mysore Road / Nayandahalli,12.9463,77.5255,58.7,117.8,41.2,10.0,1.34,40.4,19.9,113,Moderate,PM10,DEMO,SIMULATED
2026-08-30 13:00:00,BLR_ST01,Silk Board Junction,12.9176,77.6238,78.1,148.3,51.1,12.5,1.77,52.8,26.3,161,Moderate,PM2.5,DEMO,SIMULATED
2026-08-30 13:00:00,BLR_ST02,BTM Layout CAAQMS,12.9135,77.6101,43.8,87.0,30.0,7.7,0.94,53.8,18.0,87,Satisfactory,PM10,DEMO,SIMULATED
2026-08-30 13:00:00,BLR_ST03,Peenya Industrial Area,13.0285,77.5197,72.6,146.0,50.2,20.2,1.74,37.2,34.3,143,Moderate,PM2.5,DEMO,SIMULATED
2026-08-30 13:00:00,BLR_ST04,Hebbal CAAQMS,13.0358,77.597,58.4,118.1,41.0,9.4,1.37,50.9,20.2,113,Moderate,PM10,DEMO,SIMULATED
2026-08-30 13:00:00,BLR_ST05,Whitefield Export Promotion Industrial Park,12.9815,77.7289,52.0,106.6,34.4,9.5,1.13,53.2,19.0,105,Moderate,PM10,DEMO,SIMULATED
2026-08-30 13:00:00,BLR_ST06,Indiranagar 100ft Road,12.9784,77.6408,42.2,83.6,31.4,7.8,0.95,69.1,17.6,84,Satisfactory,PM10,DEMO,SIMULATED
2026-08-30 13:00:00,BLR_ST07,Jayanagar 4th Block,12.9299,77.5826,34.1,67.8,24.4,6.1,0.8,70.5,14.2,71,Satisfactory,O3,DEMO,SIMULATED
2026-08-30 13:00:00,BLR_ST08,City Railway Station / Majestic,12.9778,77.5713,71.3,139.7,52.4,13.7,1.82,47.7,27.4,138,Moderate,PM2.5,DEMO,SIMULATED
2026-08-30 13:00:00,BLR_ST09,Saneguruvanahalli (Basaveshwaranagar),12.9912,77.5456,41.6,82.6,28.6,7.4,0.88,70.3,17.6,83,Satisfactory,PM10,DEMO,SIMULATED
2026-08-30 13:00:00,BLR_ST10,BWSSB Kadabeesanahalli (Outer Ring Road),12.9352,77.6894,69.6,138.0,48.5,11.3,1.63,53.2,24.7,133,Moderate,PM2.5,DEMO,SIMULATED
2026-08-30 13:00:00,BLR_ST11,Hombegowda Nagar (Lalbagh Vicinity),12.9388,77.5936,33.5,65.2,23.4,5.8,0.74,80.4,13.6,81,Satisfactory,O3,DEMO,SIMULATED
2026-08-30 13:00:00,BLR_ST12,Yelahanka New Town,13.1007,77.5963,33.3,65.6,23.1,5.5,0.74,62.3,13.7,66,Satisfactory,PM10,DEMO,SIMULATED
2026-08-30 13:00:00,BLR_ST13,Electronic City Phase 1,12.8452,77.6602,49.1,97.8,32.9,8.3,1.03,57.0,17.6,98,Satisfactory,PM10,DEMO,SIMULATED
2026-08-30 13:00:00,BLR_ST14,Mysore Road / Nayandahalli,12.9463,77.5255,58.4,117.3,41.1,10.4,1.34,48.2,20.7,112,Moderate,PM10,DEMO,SIMULATED
2026-08-30 14:00:00,BLR_ST01,Silk Board Junction,12.9176,77.6238,68.3,129.8,44.7,11.1,1.55,49.3,23.3,128,Moderate,PM2.5,DEMO,SIMULATED
2026-08-30 14:00:00,BLR_ST02,BTM Layout CAAQMS,12.9135,77.6101,48.4,96.2,33.2,8.7,1.04,63.6,20.1,96,Satisfactory,PM10,DEMO,SIMULATED
2026-08-30 14:00:00,BLR_ST03,Peenya Industrial Area,13.0285,77.5197,79.8,160.4,55.2,22.5,1.91,43.6,38.2,166,Moderate,PM2.5,DEMO,SIMULATED
2026-08-30 14:00:00,BLR_ST04,Hebbal CAAQMS,13.0358,77.597,57.7,116.7,40.5,9.4,1.35,53.7,20.2,112,Moderate,PM10,DEMO,SIMULATED
2026-08-30 14:00:00,BLR_ST05,Whitefield Export Promotion Industrial Park,12.9815,77.7289,51.6,105.8,34.2,9.5,1.12,56.4,19.1,105,Moderate,PM10,DEMO,SIMULATED
2026-08-30 14:00:00,BLR_ST06,Indiranagar 100ft Road,12.9784,77.6408,43.5,86.1,32.3,8.1,0.98,76.0,18.4,86,Satisfactory,PM10,DEMO,SIMULATED
2026-08-30 14:00:00,BLR_ST07,Jayanagar 4th Block,12.9299,77.5826,33.2,66.1,23.8,6.0,0.78,73.4,14.0,74,Satisfactory,O3,DEMO,SIMULATED
2026-08-30 14:00:00,BLR_ST08,City Railway Station / Majestic,12.9778,77.5713,64.8,127.1,47.7,12.6,1.65,46.3,25.2,119,Moderate,PM10,DEMO,SIMULATED
2026-08-30 14:00:00,BLR_ST09,Saneguruvanahalli (Basaveshwaranagar),12.9912,77.5456,40.0,79.4,27.5,7.2,0.85,72.1,17.1,80,Satisfactory,PM10,DEMO,SIMULATED
2026-08-30 14:00:00,BLR_ST10,BWSSB Kadabeesanahalli (Outer Ring Road),12.9352,77.6894,66.9,132.6,46.6,11.0,1.57,54.5,24.0,124,Moderate,PM2.5,DEMO,SIMULATED
2026-08-30 14:00:00,BLR_ST11,Hombegowda Nagar (Lalbagh Vicinity),12.9388,77.5936,32.5,63.3,22.7,5.7,0.72,83.3,13.4,84,Satisfactory,O3,DEMO,SIMULATED
2026-08-30 14:00:00,BLR_ST12,Yelahanka New Town,13.1007,77.5963,37.5,73.8,26.0,6.2,0.83,74.8,15.6,75,Satisfactory,O3,DEMO,SIMULATED
2026-08-30 14:00:00,BLR_ST13,Electronic City Phase 1,12.8452,77.6602,53.5,106.5,35.9,9.2,1.13,66.2,19.4,105,Moderate,PM10,DEMO,SIMULATED
2026-08-30 14:00:00,BLR_ST14,Mysore Road / Nayandahalli,12.9463,77.5255,57.6,115.6,40.5,10.3,1.32,50.7,20.6,111,Moderate,PM10,DEMO,SIMULATED
2026-08-30 15:00:00,BLR_ST01,Silk Board Junction,12.9176,77.6238,67.2,127.6,43.9,10.9,1.52,46.0,22.9,125,Moderate,PM2.5,DEMO,SIMULATED
2026-08-30 15:00:00,BLR_ST02,BTM Layout CAAQMS,12.9135,77.6101,47.4,94.2,32.5,8.5,1.01,59.0,19.7,94,Satisfactory,PM10,DEMO,SIMULATED
2026-08-30 15:00:00,BLR_ST03,Peenya Industrial Area,13.0285,77.5197,74.9,150.7,51.9,21.2,1.8,38.9,35.9,150,Moderate,PM2.5,DEMO,SIMULATED
2026-08-30 15:00:00,BLR_ST04,Hebbal CAAQMS,13.0358,77.597,65.5,132.6,46.0,10.7,1.53,57.9,23.0,123,Moderate,PM10,DEMO,SIMULATED
2026-08-30 15:00:00,BLR_ST05,Whitefield Export Promotion Industrial Park,12.9815,77.7289,52.9,108.5,35.1,9.8,1.15,54.8,19.6,107,Moderate,PM10,DEMO,SIMULATED
2026-08-30 15:00:00,BLR_ST06,Indiranagar 100ft Road,12.9784,77.6408,38.4,76.1,28.6,7.2,0.86,63.7,16.3,77,Satisfactory,PM10,DEMO,SIMULATED
2026-08-30 15:00:00,BLR_ST07,Jayanagar 4th Block,12.9299,77.5826,32.2,64.1,23.1,5.8,0.75,67.6,13.7,68,Satisfactory,O3,DEMO,SIMULATED
2026-08-30 15:00:00,BLR_ST08,City Railway Station / Majestic,12.9778,77.5713,69.4,136.1,51.1,13.5,1.77,47.1,27.1,132,Moderate,PM2.5,DEMO,SIMULATED
2026-08-30 15:00:00,BLR_ST09,Saneguruvanahalli (Basaveshwaranagar),12.9912,77.5456,36.5,72.5,25.1,6.6,0.77,62.5,15.6,73,Satisfactory,PM10,DEMO,SIMULATED
2026-08-30 15:00:00,BLR_ST10,BWSSB Kadabeesanahalli (Outer Ring Road),12.9352,77.6894,62.1,123.0,43.2,10.2,1.46,48.0,22.3,116,Moderate,PM10,DEMO,SIMULATED
2026-08-30 15:00:00,BLR_ST11,Hombegowda Nagar (Lalbagh Vicinity),12.9388,77.5936,34.3,66.8,23.9,6.0,0.76,83.4,14.1,84,Satisfactory,O3,DEMO,SIMULATED
2026-08-30 15:00:00,BLR_ST12,Yelahanka New Town,13.1007,77.5963,38.2,75.2,26.5,6.4,0.85,72.3,15.9,76,Satisfactory,PM10,DEMO,SIMULATED
2026-08-30 15:00:00,BLR_ST13,Electronic City Phase 1,12.8452,77.6602,49.9,99.4,33.5,8.6,1.05,58.6,18.1,99,Satisfactory,PM10,DEMO,SIMULATED
2026-08-30 15:00:00,BLR_ST14,Mysore Road / Nayandahalli,12.9463,77.5255,56.6,113.7,39.8,10.2,1.3,47.3,20.3,110,Moderate,PM10,DEMO,SIMULATED
2026-08-30 16:00:00,BLR_ST01,Silk Board Junction,12.9176,77.6238,73.7,139.9,48.2,11.9,1.67,43.7,25.0,146,Moderate,PM2.5,DEMO,SIMULATED
2026-08-30 16:00:00,BLR_ST02,BTM Layout CAAQMS,12.9135,77.6101,46.0,91.4,31.5,8.2,0.98,49.6,19.0,92,Satisfactory,PM10,DEMO,SIMULATED
2026-08-30 16:00:00,BLR_ST03,Peenya Industrial Area,13.0285,77.5197,87.4,175.7,60.5,24.6,2.1,39.2,41.6,191,Moderate,PM2.5,DEMO,SIMULATED
2026-08-30 16:00:00,BLR_ST04,Hebbal CAAQMS,13.0358,77.597,64.0,129.6,45.0,10.4,1.5,49.0,22.3,121,Moderate,PM10,DEMO,SIMULATED
2026-08-30 16:00:00,BLR_ST05,Whitefield Export Promotion Industrial Park,12.9815,77.7289,60.5,124.1,40.1,11.1,1.32,54.3,22.3,117,Moderate,PM10,DEMO,SIMULATED
2026-08-30 16:00:00,BLR_ST06,Indiranagar 100ft Road,12.9784,77.6408,42.8,84.8,31.8,8.0,0.96,61.5,18.0,85,Satisfactory,PM10,DEMO,SIMULATED
2026-08-30 16:00:00,BLR_ST07,Jayanagar 4th Block,12.9299,77.5826,33.0,65.6,23.6,5.9,0.77,59.9,13.9,66,Satisfactory,PM10,DEMO,SIMULATED
2026-08-30 16:00:00,BLR_ST08,City Railway Station / Majestic,12.9778,77.5713,64.2,125.9,47.2,12.4,1.64,37.7,24.9,118,Moderate,PM10,DEMO,SIMULATED
2026-08-30 16:00:00,BLR_ST09,Saneguruvanahalli (Basaveshwaranagar),12.9912,77.5456,39.7,78.9,27.3,7.1,0.84,58.9,16.9,79,Satisfactory,PM10,DEMO,SIMULATED
2026-08-30 16:00:00,BLR_ST10,BWSSB Kadabeesanahalli (Outer Ring Road),12.9352,77.6894,62.4,123.6,43.4,10.2,1.46,41.7,22.3,117,Moderate,PM10,DEMO,SIMULATED
2026-08-30 16:00:00,BLR_ST11,Hombegowda Nagar (Lalbagh Vicinity),12.9388,77.5936,31.4,61.1,21.9,5.4,0.7,66.1,12.9,67,Satisfactory,O3,DEMO,SIMULATED
2026-08-30 16:00:00,BLR_ST12,Yelahanka New Town,13.1007,77.5963,34.5,67.9,23.9,5.7,0.77,56.5,14.3,69,Satisfactory,PM10,DEMO,SIMULATED
2026-08-30 16:00:00,BLR_ST13,Electronic City Phase 1,12.8452,77.6602,52.3,104.2,35.1,9.0,1.1,53.2,18.9,104,Moderate,PM10,DEMO,SIMULATED
2026-08-30 16:00:00,BLR_ST14,Mysore Road / Nayandahalli,12.9463,77.5255,58.0,116.3,40.7,10.3,1.33,41.9,20.7,112,Moderate,PM10,DEMO,SIMULATED
2026-08-30 17:00:00,BLR_ST01,Silk Board Junction,12.9176,77.6238,73.4,139.5,48.0,11.6,1.66,36.1,24.3,145,Moderate,PM2.5,DEMO,SIMULATED
2026-08-30 17:00:00,BLR_ST02,BTM Layout CAAQMS,12.9135,77.6101,52.4,104.2,36.0,9.1,1.12,46.8,21.2,104,Moderate,PM10,DEMO,SIMULATED
2026-08-30 17:00:00,BLR_ST03,Peenya Industrial Area,13.0285,77.5197,84.9,170.7,58.7,23.3,2.04,31.6,39.5,183,Moderate,PM2.5,DEMO,SIMULATED
2026-08-30 17:00:00,BLR_ST04,Hebbal CAAQMS,13.0358,77.597,57.2,115.7,40.2,9.1,1.34,36.2,19.5,111,Moderate,PM10,DEMO,SIMULATED
2026-08-30 17:00:00,BLR_ST05,Whitefield Export Promotion Industrial Park,12.9815,77.7289,58.1,119.2,38.5,10.4,1.27,43.2,20.9,114,Moderate,PM10,DEMO,SIMULATED
2026-08-30 17:00:00,BLR_ST06,Indiranagar 100ft Road,12.9784,77.6408,42.0,83.3,31.3,7.6,0.94,50.0,17.3,84,Satisfactory,PM10,DEMO,SIMULATED
2026-08-30 17:00:00,BLR_ST07,Jayanagar 4th Block,12.9299,77.5826,33.5,66.6,24.0,5.9,0.78,50.3,13.8,67,Satisfactory,PM10,DEMO,SIMULATED
2026-08-30 17:00:00,BLR_ST08,City Railway Station / Majestic,12.9778,77.5713,71.0,139.3,52.2,13.4,1.81,34.5,26.9,137,Moderate,PM2.5,DEMO,SIMULATED
2026-08-30 17:00:00,BLR_ST09,Saneguruvanahalli (Basaveshwaranagar),12.9912,77.5456,39.2,78.0,27.0,6.8,0.83,48.2,16.3,78,Satisfactory,PM10,DEMO,SIMULATED
2026-08-30 17:00:00,BLR_ST10,BWSSB Kadabeesanahalli (Outer Ring Road),12.9352,77.6894,67.7,134.2,47.2,10.8,1.59,37.5,23.6,126,Moderate,PM2.5,DEMO,SIMULATED
2026-08-30 17:00:00,BLR_ST11,Hombegowda Nagar (Lalbagh Vicinity),12.9388,77.5936,29.6,57.7,20.7,5.0,0.66,51.6,11.8,59,Satisfactory,PM10,DEMO,SIMULATED
2026-08-30 17:00:00,BLR_ST12,Yelahanka New Town,13.1007,77.5963,36.5,71.8,25.3,5.9,0.81,49.5,14.7,72,Satisfactory,PM10,DEMO,SIMULATED
2026-08-30 17:00:00,BLR_ST13,Electronic City Phase 1,12.8452,77.6602,56.2,111.9,37.7,9.4,1.18,47.3,19.8,109,Moderate,PM10,DEMO,SIMULATED
2026-08-30 17:00:00,BLR_ST14,Mysore Road / Nayandahalli,12.9463,77.5255,58.1,116.6,40.8,10.1,1.33,34.8,20.2,112,Moderate,PM10,DEMO,SIMULATED
2026-08-30 18:00:00,BLR_ST01,Silk Board Junction,12.9176,77.6238,82.0,155.7,53.6,12.1,1.86,33.2,25.4,174,Moderate,PM2.5,DEMO,SIMULATED
2026-08-30 18:00:00,BLR_ST02,BTM Layout CAAQMS,12.9135,77.6101,46.4,92.2,31.8,7.6,0.99,34.2,17.6,92,Satisfactory,PM10,DEMO,SIMULATED
2026-08-30 18:00:00,BLR_ST03,Peenya Industrial Area,13.0285,77.5197,88.0,177.0,60.9,22.6,2.11,27.0,38.4,193,Moderate,PM2.5,DEMO,SIMULATED
2026-08-30 18:00:00,BLR_ST04,Hebbal CAAQMS,13.0358,77.597,71.4,144.5,50.2,10.6,1.67,37.3,22.8,139,Moderate,PM2.5,DEMO,SIMULATED
2026-08-30 18:00:00,BLR_ST05,Whitefield Export Promotion Industrial Park,12.9815,77.7289,59.5,122.0,39.4,10.0,1.3,36.4,20.0,116,Moderate,PM10,DEMO,SIMULATED
2026-08-30 18:00:00,BLR_ST06,Indiranagar 100ft Road,12.9784,77.6408,47.9,95.0,35.6,8.2,1.08,47.0,18.5,95,Satisfactory,PM10,DEMO,SIMULATED
2026-08-30 18:00:00,BLR_ST07,Jayanagar 4th Block,12.9299,77.5826,40.5,80.5,29.0,6.7,0.95,50.2,15.6,81,Satisfactory,PM10,DEMO,SIMULATED
2026-08-30 18:00:00,BLR_ST08,City Railway Station / Majestic,12.9778,77.5713,73.0,143.1,53.7,12.9,1.86,29.2,25.9,144,Moderate,PM2.5,DEMO,SIMULATED
2026-08-30 18:00:00,BLR_ST09,Saneguruvanahalli (Basaveshwaranagar),12.9912,77.5456,39.1,77.7,26.9,6.4,0.83,39.6,15.2,78,Satisfactory,PM10,DEMO,SIMULATED
2026-08-30 18:00:00,BLR_ST10,BWSSB Kadabeesanahalli (Outer Ring Road),12.9352,77.6894,76.8,152.3,53.5,11.5,1.8,35.1,25.1,156,Moderate,PM2.5,DEMO,SIMULATED
2026-08-30 18:00:00,BLR_ST11,Hombegowda Nagar (Lalbagh Vicinity),12.9388,77.5936,33.4,65.2,23.3,5.3,0.74,48.1,12.5,66,Satisfactory,PM10,DEMO,SIMULATED
2026-08-30 18:00:00,BLR_ST12,Yelahanka New Town,13.1007,77.5963,40.8,80.3,28.3,6.2,0.91,45.6,15.4,81,Satisfactory,PM10,DEMO,SIMULATED
2026-08-30 18:00:00,BLR_ST13,Electronic City Phase 1,12.8452,77.6602,62.1,123.7,41.7,9.7,1.31,43.2,20.6,117,Moderate,PM10,DEMO,SIMULATED
2026-08-30 18:00:00,BLR_ST14,Mysore Road / Nayandahalli,12.9463,77.5255,61.8,124.1,43.4,10.1,1.41,30.5,20.2,117,Moderate,PM10,DEMO,SIMULATED
2026-08-30 19:00:00,BLR_ST01,Silk Board Junction,12.9176,77.6238,88.3,167.6,57.7,11.7,2.0,29.8,24.5,194,Moderate,PM2.5,DEMO,SIMULATED
2026-08-30 19:00:00,BLR_ST02,BTM Layout CAAQMS,12.9135,77.6101,58.0,115.3,39.8,8.5,1.24,35.7,19.6,111,Moderate,PM10,DEMO,SIMULATED
2026-08-30 19:00:00,BLR_ST03,Peenya Industrial Area,13.0285,77.5197,101.8,204.8,70.5,23.4,2.44,26.1,39.7,240,Poor,PM2.5,DEMO,SIMULATED
2026-08-30 19:00:00,BLR_ST04,Hebbal CAAQMS,13.0358,77.597,80.0,161.9,56.2,10.7,1.87,34.9,22.8,167,Moderate,PM2.5,DEMO,SIMULATED
2026-08-30 19:00:00,BLR_ST05,Whitefield Export Promotion Industrial Park,12.9815,77.7289,73.4,150.5,48.6,11.0,1.6,37.5,22.1,145,Moderate,PM2.5,DEMO,SIMULATED
2026-08-30 19:00:00,BLR_ST06,Indiranagar 100ft Road,12.9784,77.6408,46.1,91.4,34.3,7.0,1.04,37.7,15.9,92,Satisfactory,PM10,DEMO,SIMULATED
2026-08-30 19:00:00,BLR_ST07,Jayanagar 4th Block,12.9299,77.5826,45.3,90.2,32.5,6.7,1.06,46.9,15.6,90,Satisfactory,PM10,DEMO,SIMULATED
2026-08-30 19:00:00,BLR_ST08,City Railway Station / Majestic,12.9778,77.5713,76.7,150.3,56.4,12.2,1.96,25.7,24.3,156,Moderate,PM2.5,DEMO,SIMULATED
2026-08-30 19:00:00,BLR_ST09,Saneguruvanahalli (Basaveshwaranagar),12.9912,77.5456,50.4,100.2,34.7,7.4,1.07,42.6,17.6,101,Moderate,PM10,DEMO,SIMULATED
2026-08-30 19:00:00,BLR_ST10,BWSSB Kadabeesanahalli (Outer Ring Road),12.9352,77.6894,86.5,171.4,60.2,11.5,2.03,33.0,25.3,188,Moderate,PM2.5,DEMO,SIMULATED
2026-08-30 19:00:00,BLR_ST11,Hombegowda Nagar (Lalbagh Vicinity),12.9388,77.5936,38.0,74.1,26.5,5.4,0.84,45.6,12.7,75,Satisfactory,PM10,DEMO,SIMULATED
2026-08-30 19:00:00,BLR_ST12,Yelahanka New Town,13.1007,77.5963,44.3,87.2,30.7,6.0,0.98,41.4,15.0,87,Satisfactory,PM10,DEMO,SIMULATED
2026-08-30 19:00:00,BLR_ST13,Electronic City Phase 1,12.8452,77.6602,69.9,139.1,46.8,9.8,1.47,40.5,20.7,134,Moderate,PM2.5,DEMO,SIMULATED
2026-08-30 19:00:00,BLR_ST14,Mysore Road / Nayandahalli,12.9463,77.5255,82.3,165.2,57.8,12.0,1.88,33.9,24.0,175,Moderate,PM2.5,DEMO,SIMULATED
2026-08-30 20:00:00,BLR_ST01,Silk Board Junction,12.9176,77.6238,105.9,201.1,69.2,12.5,2.4,31.1,26.2,253,Poor,PM2.5,DEMO,SIMULATED
2026-08-30 20:00:00,BLR_ST02,BTM Layout CAAQMS,12.9135,77.6101,69.5,138.1,47.7,9.0,1.48,37.1,21.0,132,Moderate,PM2.5,DEMO,SIMULATED
2026-08-30 20:00:00,BLR_ST03,Peenya Industrial Area,13.0285,77.5197,98.6,198.3,68.2,20.2,2.37,21.9,34.3,229,Poor,PM2.5,DEMO,SIMULATED
2026-08-30 20:00:00,BLR_ST04,Hebbal CAAQMS,13.0358,77.597,83.6,169.3,58.8,9.9,1.96,31.7,21.3,179,Moderate,PM2.5,DEMO,SIMULATED
2026-08-30 20:00:00,BLR_ST05,Whitefield Export Promotion Industrial Park,12.9815,77.7289,70.1,143.7,46.4,9.4,1.53,31.1,18.8,134,Moderate,PM2.5,DEMO,SIMULATED
2026-08-30 20:00:00,BLR_ST06,Indiranagar 100ft Road,12.9784,77.6408,60.6,120.2,45.1,8.2,1.36,43.1,18.6,114,Moderate,PM10,DEMO,SIMULATED
2026-08-30 20:00:00,BLR_ST07,Jayanagar 4th Block,12.9299,77.5826,45.2,89.9,32.4,5.9,1.06,40.6,13.9,90,Satisfactory,PM10,DEMO,SIMULATED
2026-08-30 20:00:00,BLR_ST08,City Railway Station / Majestic,12.9778,77.5713,101.0,198.0,74.3,14.3,2.58,29.4,28.5,237,Poor,PM2.5,DEMO,SIMULATED
2026-08-30 20:00:00,BLR_ST09,Saneguruvanahalli (Basaveshwaranagar),12.9912,77.5456,52.7,104.6,36.2,6.9,1.11,38.7,16.3,104,Moderate,PM10,DEMO,SIMULATED
2026-08-30 20:00:00,BLR_ST10,BWSSB Kadabeesanahalli (Outer Ring Road),12.9352,77.6894,88.1,174.7,61.4,10.5,2.07,29.2,23.0,194,Moderate,PM2.5,DEMO,SIMULATED
2026-08-30 20:00:00,BLR_ST11,Hombegowda Nagar (Lalbagh Vicinity),12.9388,77.5936,47.3,92.3,33.0,6.0,1.05,49.4,14.1,92,Satisfactory,PM10,DEMO,SIMULATED
2026-08-30 20:00:00,BLR_ST12,Yelahanka New Town,13.1007,77.5963,53.2,104.7,36.9,6.4,1.18,43.2,16.1,104,Moderate,PM10,DEMO,SIMULATED
2026-08-30 20:00:00,BLR_ST13,Electronic City Phase 1,12.8452,77.6602,71.6,142.6,48.0,8.9,1.51,36.1,18.9,139,Moderate,PM2.5,DEMO,SIMULATED
2026-08-30 20:00:00,BLR_ST14,Mysore Road / Nayandahalli,12.9463,77.5255,79.3,159.2,55.7,10.3,1.81,28.4,20.6,165,Moderate,PM2.5,DEMO,SIMULATED
2026-08-30 21:00:00,BLR_ST01,Silk Board Junction,12.9176,77.6238,94.5,179.5,61.8,10.6,2.14,26.2,22.2,216,Poor,PM2.5,DEMO,SIMULATED
2026-08-30 21:00:00,BLR_ST02,BTM Layout CAAQMS,12.9135,77.6101,63.3,125.7,43.4,7.8,1.35,31.9,18.2,118,Moderate,PM10,DEMO,SIMULATED
2026-08-30 21:00:00,BLR_ST03,Peenya Industrial Area,13.0285,77.5197,113.9,229.0,78.8,22.2,2.73,23.9,37.7,280,Poor,PM2.5,DEMO,SIMULATED
2026-08-30 21:00:00,BLR_ST04,Hebbal CAAQMS,13.0358,77.597,82.4,166.9,57.9,9.3,1.93,29.5,20.0,175,Moderate,PM2.5,DEMO,SIMULATED
2026-08-30 21:00:00,BLR_ST05,Whitefield Export Promotion Industrial Park,12.9815,77.7289,74.9,153.5,49.6,9.6,1.63,31.5,19.1,150,Moderate,PM2.5,DEMO,SIMULATED
2026-08-30 21:00:00,BLR_ST06,Indiranagar 100ft Road,12.9784,77.6408,60.8,120.5,45.3,7.9,1.37,40.9,17.8,115,Moderate,PM10,DEMO,SIMULATED
2026-08-30 21:00:00,BLR_ST07,Jayanagar 4th Block,12.9299,77.5826,52.5,104.4,37.6,6.6,1.23,44.6,15.3,104,Moderate,PM10,DEMO,SIMULATED
2026-08-30 21:00:00,BLR_ST08,City Railway Station / Majestic,12.9778,77.5713,97.9,191.9,72.0,13.2,2.5,26.9,26.4,227,Poor,PM2.5,DEMO,SIMULATED
2026-08-30 21:00:00,BLR_ST09,Saneguruvanahalli (Basaveshwaranagar),12.9912,77.5456,57.6,114.5,39.6,7.1,1.22,40.0,17.0,111,Moderate,PM10,DEMO,SIMULATED
2026-08-30 21:00:00,BLR_ST10,BWSSB Kadabeesanahalli (Outer Ring Road),12.9352,77.6894,86.6,171.7,60.3,9.8,2.03,27.2,21.5,189,Moderate,PM2.5,DEMO,SIMULATED
2026-08-30 21:00:00,BLR_ST11,Hombegowda Nagar (Lalbagh Vicinity),12.9388,77.5936,48.9,95.4,34.2,5.9,1.09,48.3,13.9,95,Satisfactory,PM10,DEMO,SIMULATED
2026-08-30 21:00:00,BLR_ST12,Yelahanka New Town,13.1007,77.5963,56.3,110.9,39.1,6.5,1.25,43.3,16.2,108,Moderate,PM10,DEMO,SIMULATED
2026-08-30 21:00:00,BLR_ST13,Electronic City Phase 1,12.8452,77.6602,80.6,160.6,54.1,9.6,1.7,38.4,20.2,169,Moderate,PM2.5,DEMO,SIMULATED
2026-08-30 21:00:00,BLR_ST14,Mysore Road / Nayandahalli,12.9463,77.5255,89.0,178.7,62.5,11.0,2.04,30.1,22.1,197,Moderate,PM2.5,DEMO,SIMULATED
2026-08-30 22:00:00,BLR_ST01,Silk Board Junction,12.9176,77.6238,114.4,217.2,58.5,10.5,2.03,26.1,22.1,282,Poor,PM2.5,DEMO,SIMULATED
2026-08-30 22:00:00,BLR_ST02,BTM Layout CAAQMS,12.9135,77.6101,85.4,169.6,45.8,8.7,1.43,35.4,20.2,185,Moderate,PM2.5,DEMO,SIMULATED
2026-08-30 22:00:00,BLR_ST03,Peenya Industrial Area,13.0285,77.5197,130.9,263.3,70.9,21.0,2.46,22.6,35.6,309,Very Poor,PM2.5,DEMO,SIMULATED
2026-08-30 22:00:00,BLR_ST04,Hebbal CAAQMS,13.0358,77.597,97.9,198.1,53.8,9.1,1.79,28.8,19.5,227,Poor,PM2.5,DEMO,SIMULATED
2026-08-30 22:00:00,BLR_ST05,Whitefield Export Promotion Industrial Park,12.9815,77.7289,93.8,192.2,48.6,9.8,1.6,32.3,19.7,214,Poor,PM2.5,DEMO,SIMULATED
2026-08-30 22:00:00,BLR_ST06,Indiranagar 100ft Road,12.9784,77.6408,67.1,133.0,39.1,7.1,1.18,37.0,16.1,124,Moderate,PM2.5,DEMO,SIMULATED
2026-08-30 22:00:00,BLR_ST07,Jayanagar 4th Block,12.9299,77.5826,57.5,114.3,32.2,5.9,1.05,40.1,13.8,110,Moderate,PM10,DEMO,SIMULATED
2026-08-30 22:00:00,BLR_ST08,City Railway Station / Majestic,12.9778,77.5713,111.3,218.3,64.1,12.3,2.22,25.1,24.6,271,Poor,PM2.5,DEMO,SIMULATED
2026-08-30 22:00:00,BLR_ST09,Saneguruvanahalli (Basaveshwaranagar),12.9912,77.5456,70.1,139.3,37.7,7.1,1.16,39.9,17.0,134,Moderate,PM2.5,DEMO,SIMULATED
2026-08-30 22:00:00,BLR_ST10,BWSSB Kadabeesanahalli (Outer Ring Road),12.9352,77.6894,123.0,243.7,67.0,11.5,2.26,31.6,25.1,303,Very Poor,PM2.5,DEMO,SIMULATED
2026-08-30 22:00:00,BLR_ST11,Hombegowda Nagar (Lalbagh Vicinity),12.9388,77.5936,53.4,104.1,29.2,5.3,0.93,43.2,12.5,104,Moderate,PM10,DEMO,SIMULATED
2026-08-30 22:00:00,BLR_ST12,Yelahanka New Town,13.1007,77.5963,66.4,130.6,36.1,6.3,1.15,41.8,15.7,122,Moderate,PM2.5,DEMO,SIMULATED
2026-08-30 22:00:00,BLR_ST13,Electronic City Phase 1,12.8452,77.6602,83.1,165.5,43.6,8.1,1.37,32.5,17.1,177,Moderate,PM2.5,DEMO,SIMULATED
2026-08-30 22:00:00,BLR_ST14,Mysore Road / Nayandahalli,12.9463,77.5255,111.3,223.4,61.2,11.3,1.99,30.9,22.7,271,Poor,PM2.5,DEMO,SIMULATED
2026-08-30 23:00:00,BLR_ST01,Silk Board Junction,12.9176,77.6238,115.4,219.2,59.1,11.9,2.05,29.5,25.0,285,Poor,PM2.5,DEMO,SIMULATED
2026-08-30 23:00:00,BLR_ST02,BTM Layout CAAQMS,12.9135,77.6101,67.2,133.5,36.1,7.7,1.12,31.2,17.8,125,Moderate,PM2.5,DEMO,SIMULATED
2026-08-30 23:00:00,BLR_ST03,Peenya Industrial Area,13.0285,77.5197,115.1,231.3,62.3,20.7,2.16,22.3,35.1,284,Poor,PM2.5,DEMO,SIMULATED
2026-08-30 23:00:00,BLR_ST04,Hebbal CAAQMS,13.0358,77.597,90.4,182.9,49.7,9.4,1.66,29.8,20.2,202,Poor,PM2.5,DEMO,SIMULATED
2026-08-30 23:00:00,BLR_ST05,Whitefield Export Promotion Industrial Park,12.9815,77.7289,85.0,174.3,44.1,10.0,1.45,32.9,20.0,184,Moderate,PM2.5,DEMO,SIMULATED
2026-08-30 23:00:00,BLR_ST06,Indiranagar 100ft Road,12.9784,77.6408,63.0,124.9,36.7,7.5,1.11,39.0,17.0,117,Moderate,PM10,DEMO,SIMULATED
2026-08-30 23:00:00,BLR_ST07,Jayanagar 4th Block,12.9299,77.5826,58.0,115.5,32.5,6.7,1.06,45.4,15.6,111,Moderate,PM10,DEMO,SIMULATED
2026-08-30 23:00:00,BLR_ST08,City Railway Station / Majestic,12.9778,77.5713,109.0,213.8,62.8,13.5,2.18,27.6,27.1,264,Poor,PM2.5,DEMO,SIMULATED
2026-08-30 23:00:00,BLR_ST09,Saneguruvanahalli (Basaveshwaranagar),12.9912,77.5456,57.2,113.7,30.8,6.5,0.95,36.6,15.6,110,Moderate,PM10,DEMO,SIMULATED
2026-08-30 23:00:00,BLR_ST10,BWSSB Kadabeesanahalli (Outer Ring Road),12.9352,77.6894,92.8,183.9,50.6,9.7,1.71,26.8,21.2,210,Poor,PM2.5,DEMO,SIMULATED
2026-08-30 23:00:00,BLR_ST11,Hombegowda Nagar (Lalbagh Vicinity),12.9388,77.5936,53.7,104.7,29.3,6.0,0.93,48.7,14.1,104,Moderate,PM10,DEMO,SIMULATED
2026-08-30 23:00:00,BLR_ST12,Yelahanka New Town,13.1007,77.5963,54.3,106.9,29.5,5.8,0.94,38.4,14.4,106,Moderate,PM10,DEMO,SIMULATED
2026-08-30 23:00:00,BLR_ST13,Electronic City Phase 1,12.8452,77.6602,84.0,167.3,44.1,9.2,1.39,36.8,19.4,180,Moderate,PM2.5,DEMO,SIMULATED
2026-08-30 23:00:00,BLR_ST14,Mysore Road / Nayandahalli,12.9463,77.5255,90.9,182.4,50.0,10.4,1.63,28.3,20.8,204,Poor,PM2.5,DEMO,SIMULATED
2026-08-31 00:00:00,BLR_ST01,Silk Board Junction,12.9176,77.6238,83.7,158.9,42.8,10.7,1.48,26.3,22.3,179,Moderate,PM2.5,DEMO,SIMULATED
2026-08-31 00:00:00,BLR_ST02,BTM Layout CAAQMS,12.9135,77.6101,55.7,110.6,29.9,7.8,0.93,31.8,18.1,108,Moderate,PM10,DEMO,SIMULATED
2026-08-31 00:00:00,BLR_ST03,Peenya Industrial Area,13.0285,77.5197,106.2,213.5,57.5,23.5,1.99,25.3,39.9,254,Poor,PM2.5,DEMO,SIMULATED
2026-08-31 00:00:00,BLR_ST04,Hebbal CAAQMS,13.0358,77.597,78.0,157.8,42.9,10.0,1.43,31.7,21.4,160,Moderate,PM2.5,DEMO,SIMULATED
2026-08-31 00:00:00,BLR_ST05,Whitefield Export Promotion Industrial Park,12.9815,77.7289,69.2,141.9,35.9,10.0,1.18,32.9,20.1,131,Moderate,PM2.5,DEMO,SIMULATED
2026-08-31 00:00:00,BLR_ST06,Indiranagar 100ft Road,12.9784,77.6408,51.7,102.4,30.1,7.6,0.91,39.4,17.2,103,Moderate,PM10,DEMO,SIMULATED
2026-08-31 00:00:00,BLR_ST07,Jayanagar 4th Block,12.9299,77.5826,43.4,86.4,24.4,6.2,0.8,41.9,14.4,87,Satisfactory,PM10,DEMO,SIMULATED
2026-08-31 00:00:00,BLR_ST08,City Railway Station / Majestic,12.9778,77.5713,85.7,168.1,49.4,13.1,1.71,26.7,26.2,186,Moderate,PM2.5,DEMO,SIMULATED
2026-08-31 00:00:00,BLR_ST09,Saneguruvanahalli (Basaveshwaranagar),12.9912,77.5456,49.9,99.1,26.9,7.0,0.83,39.2,16.7,99,Satisfactory,PM10,DEMO,SIMULATED
2026-08-31 00:00:00,BLR_ST10,BWSSB Kadabeesanahalli (Outer Ring Road),12.9352,77.6894,77.1,152.7,42.0,9.9,1.42,27.4,21.7,157,Moderate,PM2.5,DEMO,SIMULATED
2026-08-31 00:00:00,BLR_ST11,Hombegowda Nagar (Lalbagh Vicinity),12.9388,77.5936,38.2,74.5,20.9,5.2,0.66,42.7,12.3,75,Satisfactory,PM10,DEMO,SIMULATED
2026-08-31 00:00:00,BLR_ST12,Yelahanka New Town,13.1007,77.5963,48.3,95.2,26.3,6.3,0.84,42.0,15.8,95,Satisfactory,PM10,DEMO,SIMULATED
2026-08-31 00:00:00,BLR_ST13,Electronic City Phase 1,12.8452,77.6602,71.7,142.7,37.6,9.7,1.18,38.7,20.4,140,Moderate,PM2.5,DEMO,SIMULATED
2026-08-31 00:00:00,BLR_ST14,Mysore Road / Nayandahalli,12.9463,77.5255,71.7,143.8,39.4,10.1,1.28,27.5,20.2,140,Moderate,PM2.5,DEMO,SIMULATED
2026-08-31 01:00:00,BLR_ST01,Silk Board Junction,12.9176,77.6238,89.3,169.6,45.7,11.4,1.58,28.1,23.8,198,Moderate,PM2.5,DEMO,SIMULATED
2026-08-31 01:00:00,BLR_ST02,BTM Layout CAAQMS,12.9135,77.6101,62.2,123.7,33.4,8.7,1.04,35.6,20.3,117,Moderate,PM10,DEMO,SIMULATED
2026-08-31 01:00:00,BLR_ST03,Peenya Industrial Area,13.0285,77.5197,92.7,186.3,50.2,20.5,1.74,22.1,34.8,210,Poor,PM2.5,DEMO,SIMULATED
2026-08-31 01:00:00,BLR_ST04,Hebbal CAAQMS,13.0358,77.597,77.3,156.5,42.5,9.9,1.42,31.4,21.3,158,Moderate,PM2.5,DEMO,SIMULATED
2026-08-31 01:00:00,BLR_ST05,Whitefield Export Promotion Industrial Park,12.9815,77.7289,64.2,131.6,33.3,9.3,1.09,30.6,18.6,122,Moderate,PM10,DEMO,SIMULATED
2026-08-31 01:00:00,BLR_ST06,Indiranagar 100ft Road,12.9784,77.6408,51.7,102.4,30.1,7.6,0.91,39.4,17.2,103,Moderate,PM10,DEMO,SIMULATED
2026-08-31 01:00:00,BLR_ST07,Jayanagar 4th Block,12.9299,77.5826,43.7,87.0,24.5,6.2,0.8,42.1,14.5,87,Satisfactory,PM10,DEMO,SIMULATED
2026-08-31 01:00:00,BLR_ST08,City Railway Station / Majestic,12.9778,77.5713,86.3,169.3,49.7,13.2,1.72,26.9,26.4,188,Moderate,PM2.5,DEMO,SIMULATED
2026-08-31 01:00:00,BLR_ST09,Saneguruvanahalli (Basaveshwaranagar),12.9912,77.5456,44.9,89.3,24.2,6.3,0.74,35.3,15.1,90,Satisfactory,PM10,DEMO,SIMULATED
2026-08-31 01:00:00,BLR_ST10,BWSSB Kadabeesanahalli (Outer Ring Road),12.9352,77.6894,78.8,156.2,43.0,10.1,1.45,28.0,22.2,163,Moderate,PM2.5,DEMO,SIMULATED
2026-08-31 01:00:00,BLR_ST11,Hombegowda Nagar (Lalbagh Vicinity),12.9388,77.5936,40.4,78.8,22.1,5.5,0.7,45.2,13.1,79,Satisfactory,PM10,DEMO,SIMULATED
2026-08-31 01:00:00,BLR_ST12,Yelahanka New Town,13.1007,77.5963,42.5,83.6,23.1,5.5,0.74,36.9,13.8,84,Satisfactory,PM10,DEMO,SIMULATED
2026-08-31 01:00:00,BLR_ST13,Electronic City Phase 1,12.8452,77.6602,62.8,125.0,32.9,8.5,1.04,33.9,17.9,118,Moderate,PM10,DEMO,SIMULATED
2026-08-31 01:00:00,BLR_ST14,Mysore Road / Nayandahalli,12.9463,77.5255,79.5,159.6,43.7,11.2,1.42,30.5,22.4,165,Moderate,PM2.5,DEMO,SIMULATED
2026-08-31 02:00:00,BLR_ST01,Silk Board Junction,12.9176,77.6238,82.9,157.4,42.4,10.6,1.47,26.1,22.1,177,Moderate,PM2.5,DEMO,SIMULATED
2026-08-31 02:00:00,BLR_ST02,BTM Layout CAAQMS,12.9135,77.6101,59.9,119.1,32.2,8.4,1.0,34.3,19.5,114,Moderate,PM10,DEMO,SIMULATED
2026-08-31 02:00:00,BLR_ST03,Peenya Industrial Area,13.0285,77.5197,107.5,216.0,58.2,23.8,2.02,25.6,40.3,259,Poor,PM2.5,DEMO,SIMULATED
2026-08-31 02:00:00,BLR_ST04,Hebbal CAAQMS,13.0358,77.597,75.7,153.1,41.6,9.7,1.39,30.7,20.8,153,Moderate,PM2.5,DEMO,SIMULATED
2026-08-31 02:00:00,BLR_ST05,Whitefield Export Promotion Industrial Park,12.9815,77.7289,70.6,144.7,36.6,10.2,1.2,33.6,20.5,136,Moderate,PM2.5,DEMO,SIMULATED
2026-08-31 02:00:00,BLR_ST06,Indiranagar 100ft Road,12.9784,77.6408,50.7,100.6,29.5,7.4,0.89,38.7,16.9,101,Moderate,PM10,DEMO,SIMULATED
2026-08-31 02:00:00,BLR_ST07,Jayanagar 4th Block,12.9299,77.5826,39.8,79.3,22.3,5.7,0.73,38.4,13.2,80,Satisfactory,PM10,DEMO,SIMULATED
2026-08-31 02:00:00,BLR_ST08,City Railway Station / Majestic,12.9778,77.5713,84.5,165.6,48.6,12.9,1.69,26.3,25.8,182,Moderate,PM2.5,DEMO,SIMULATED
2026-08-31 02:00:00,BLR_ST09,Saneguruvanahalli (Basaveshwaranagar),12.9912,77.5456,51.3,101.9,27.6,7.2,0.85,40.3,17.2,102,Moderate,PM10,DEMO,SIMULATED
2026-08-31 02:00:00,BLR_ST10,BWSSB Kadabeesanahalli (Outer Ring Road),12.9352,77.6894,85.3,169.0,46.5,11.0,1.57,30.3,24.0,184,Moderate,PM2.5,DEMO,SIMULATED
2026-08-31 02:00:00,BLR_ST11,Hombegowda Nagar (Lalbagh Vicinity),12.9388,77.5936,39.4,76.9,21.5,5.4,0.69,44.1,12.7,77,Satisfactory,PM10,DEMO,SIMULATED
2026-08-31 02:00:00,BLR_ST12,Yelahanka New Town,13.1007,77.5963,48.9,96.3,26.6,6.4,0.85,42.5,15.9,96,Satisfactory,PM10,DEMO,SIMULATED
2026-08-31 02:00:00,BLR_ST13,Electronic City Phase 1,12.8452,77.6602,70.0,139.4,36.7,9.4,1.15,37.8,19.9,134,Moderate,PM2.5,DEMO,SIMULATED
2026-08-31 02:00:00,BLR_ST14,Mysore Road / Nayandahalli,12.9463,77.5255,79.4,159.4,43.7,11.2,1.42,30.5,22.3,165,Moderate,PM2.5,DEMO,SIMULATED
2026-08-31 03:00:00,BLR_ST01,Silk Board Junction,12.9176,77.6238,82.1,155.9,42.0,10.5,1.45,25.8,21.9,174,Moderate,PM2.5,DEMO,SIMULATED
2026-08-31 03:00:00,BLR_ST02,BTM Layout CAAQMS,12.9135,77.6101,58.0,115.2,31.1,8.1,0.97,33.1,18.9,111,Moderate,PM10,DEMO,SIMULATED
2026-08-31 03:00:00,BLR_ST03,Peenya Industrial Area,13.0285,77.5197,92.4,185.8,50.0,20.4,1.73,22.0,34.7,209,Poor,PM2.5,DEMO,SIMULATED
2026-08-31 03:00:00,BLR_ST04,Hebbal CAAQMS,13.0358,77.597,83.9,169.9,46.2,10.8,1.54,34.1,23.1,180,Moderate,PM2.5,DEMO,SIMULATED
2026-08-31 03:00:00,BLR_ST05,Whitefield Export Promotion Industrial Park,12.9815,77.7289,76.5,156.9,39.7,11.1,1.3,36.4,22.2,155,Moderate,PM2.5,DEMO,SIMULATED
2026-08-31 03:00:00,BLR_ST06,Indiranagar 100ft Road,12.9784,77.6408,46.8,92.7,27.2,6.9,0.82,35.6,15.5,93,Satisfactory,PM10,DEMO,SIMULATED
2026-08-31 03:00:00,BLR_ST07,Jayanagar 4th Block,12.9299,77.5826,47.5,94.5,26.6,6.7,0.87,45.8,15.8,95,Satisfactory,PM10,DEMO,SIMULATED
2026-08-31 03:00:00,BLR_ST08,City Railway Station / Majestic,12.9778,77.5713,77.2,151.3,44.4,11.8,1.54,24.0,23.6,158,Moderate,PM2.5,DEMO,SIMULATED
2026-08-31 03:00:00,BLR_ST09,Saneguruvanahalli (Basaveshwaranagar),12.9912,77.5456,47.4,94.3,25.5,6.7,0.79,37.3,15.9,94,Satisfactory,PM10,DEMO,SIMULATED
2026-08-31 03:00:00,BLR_ST10,BWSSB Kadabeesanahalli (Outer Ring Road),12.9352,77.6894,86.1,170.6,46.9,11.1,1.58,30.6,24.2,187,Moderate,PM2.5,DEMO,SIMULATED
2026-08-31 03:00:00,BLR_ST11,Hombegowda Nagar (Lalbagh Vicinity),12.9388,77.5936,42.4,82.7,23.2,5.8,0.74,47.4,13.7,83,Satisfactory,PM10,DEMO,SIMULATED
2026-08-31 03:00:00,BLR_ST12,Yelahanka New Town,13.1007,77.5963,50.4,99.3,27.4,6.6,0.88,43.8,16.4,99,Satisfactory,PM10,DEMO,SIMULATED
2026-08-31 03:00:00,BLR_ST13,Electronic City Phase 1,12.8452,77.6602,68.7,136.7,36.0,9.3,1.13,37.1,19.6,130,Moderate,PM2.5,DEMO,SIMULATED
2026-08-31 03:00:00,BLR_ST14,Mysore Road / Nayandahalli,12.9463,77.5255,77.0,154.5,42.3,10.8,1.38,29.5,21.6,157,Moderate,PM2.5,DEMO,SIMULATED
2026-08-31 04:00:00,BLR_ST01,Silk Board Junction,12.9176,77.6238,99.4,188.8,50.9,12.6,1.76,31.2,26.5,232,Poor,PM2.5,DEMO,SIMULATED
2026-08-31 04:00:00,BLR_ST02,BTM Layout CAAQMS,12.9135,77.6101,58.5,116.3,31.4,8.2,0.98,33.4,19.0,112,Moderate,PM10,DEMO,SIMULATED
2026-08-31 04:00:00,BLR_ST03,Peenya Industrial Area,13.0285,77.5197,108.9,219.0,59.0,24.1,2.05,25.9,40.8,263,Poor,PM2.5,DEMO,SIMULATED
2026-08-31 04:00:00,BLR_ST04,Hebbal CAAQMS,13.0358,77.597,82.8,167.5,45.5,10.6,1.52,33.5,22.7,176,Moderate,PM2.5,DEMO,SIMULATED
2026-08-31 04:00:00,BLR_ST05,Whitefield Export Promotion Industrial Park,12.9815,77.7289,68.8,141.0,35.7,9.9,1.17,32.7,19.9,130,Moderate,PM2.5,DEMO,SIMULATED
2026-08-31 04:00:00,BLR_ST06,Indiranagar 100ft Road,12.9784,77.6408,53.2,105.4,31.0,7.8,0.94,40.4,17.6,105,Moderate,PM10,DEMO,SIMULATED
2026-08-31 04:00:00,BLR_ST07,Jayanagar 4th Block,12.9299,77.5826,45.2,90.0,25.4,6.4,0.83,43.5,15.0,90,Satisfactory,PM10,DEMO,SIMULATED
2026-08-31 04:00:00,BLR_ST08,City Railway Station / Majestic,12.9778,77.5713,86.0,168.6,49.5,13.1,1.72,26.7,26.2,187,Moderate,PM2.5,DEMO,SIMULATED
2026-08-31 04:00:00,BLR_ST09,Saneguruvanahalli (Basaveshwaranagar),12.9912,77.5456,49.9,99.2,26.9,7.0,0.83,39.2,16.7,99,Satisfactory,PM10,DEMO,SIMULATED
2026-08-31 04:00:00,BLR_ST10,BWSSB Kadabeesanahalli (Outer Ring Road),12.9352,77.6894,79.4,157.2,43.2,10.2,1.46,28.1,22.3,165,Moderate,PM2.5,DEMO,SIMULATED
2026-08-31 04:00:00,BLR_ST11,Hombegowda Nagar (Lalbagh Vicinity),12.9388,77.5936,37.8,73.6,20.6,5.1,0.66,42.1,12.2,74,Satisfactory,PM10,DEMO,SIMULATED
2026-08-31 04:00:00,BLR_ST12,Yelahanka New Town,13.1007,77.5963,46.5,91.5,25.2,6.0,0.81,40.3,15.1,92,Satisfactory,PM10,DEMO,SIMULATED
2026-08-31 04:00:00,BLR_ST13,Electronic City Phase 1,12.8452,77.6602,67.2,133.9,35.3,9.1,1.11,36.2,19.1,125,Moderate,PM2.5,DEMO,SIMULATED
2026-08-31 04:00:00,BLR_ST14,Mysore Road / Nayandahalli,12.9463,77.5255,82.0,164.5,45.1,11.5,1.47,31.4,23.0,174,Moderate,PM2.5,DEMO,SIMULATED
2026-08-31 05:00:00,BLR_ST01,Silk Board Junction,12.9176,77.6238,86.5,164.3,44.3,10.9,1.53,26.8,22.8,188,Moderate,PM2.5,DEMO,SIMULATED
2026-08-31 05:00:00,BLR_ST02,BTM Layout CAAQMS,12.9135,77.6101,54.6,108.5,29.3,7.6,0.91,30.8,17.6,107,Moderate,PM10,DEMO,SIMULATED
2026-08-31 05:00:00,BLR_ST03,Peenya Industrial Area,13.0285,77.5197,92.8,186.7,50.3,20.3,1.74,21.8,34.4,210,Poor,PM2.5,DEMO,SIMULATED
2026-08-31 05:00:00,BLR_ST04,Hebbal CAAQMS,13.0358,77.597,74.3,150.4,40.9,9.4,1.36,29.8,20.2,148,Moderate,PM2.5,DEMO,SIMULATED
2026-08-31 05:00:00,BLR_ST05,Whitefield Export Promotion Industrial Park,12.9815,77.7289,73.9,151.4,38.3,10.6,1.26,34.7,21.1,147,Moderate,PM2.5,DEMO,SIMULATED
2026-08-31 05:00:00,BLR_ST06,Indiranagar 100ft Road,12.9784,77.6408,52.4,103.8,30.5,7.6,0.92,39.3,17.2,104,Moderate,PM10,DEMO,SIMULATED
2026-08-31 05:00:00,BLR_ST07,Jayanagar 4th Block,12.9299,77.5826,44.6,88.7,25.0,6.2,0.82,42.4,14.6,89,Satisfactory,PM10,DEMO,SIMULATED
2026-08-31 05:00:00,BLR_ST08,City Railway Station / Majestic,12.9778,77.5713,91.9,180.2,52.9,13.8,1.84,28.2,27.7,207,Poor,PM2.5,DEMO,SIMULATED
2026-08-31 05:00:00,BLR_ST09,Saneguruvanahalli (Basaveshwaranagar),12.9912,77.5456,46.5,92.4,25.0,6.5,0.77,36.1,15.4,93,Satisfactory,PM10,DEMO,SIMULATED
2026-08-31 05:00:00,BLR_ST10,BWSSB Kadabeesanahalli (Outer Ring Road),12.9352,77.6894,80.3,159.1,43.7,10.2,1.47,28.1,22.3,168,Moderate,PM2.5,DEMO,SIMULATED
2026-08-31 05:00:00,BLR_ST11,Hombegowda Nagar (Lalbagh Vicinity),12.9388,77.5936,39.0,76.0,21.3,5.3,0.68,43.0,12.4,76,Satisfactory,PM10,DEMO,SIMULATED
2026-08-31 05:00:00,BLR_ST12,Yelahanka New Town,13.1007,77.5963,50.7,99.9,27.6,6.5,0.88,43.5,16.3,100,Satisfactory,PM10,DEMO,SIMULATED
2026-08-31 05:00:00,BLR_ST13,Electronic City Phase 1,12.8452,77.6602,70.7,140.8,37.1,9.4,1.17,37.6,19.9,136,Moderate,PM2.5,DEMO,SIMULATED
2026-08-31 05:00:00,BLR_ST14,Mysore Road / Nayandahalli,12.9463,77.5255,73.2,146.9,40.2,10.1,1.31,27.7,20.3,145,Moderate,PM2.5,DEMO,SIMULATED
2026-08-31 06:00:00,BLR_ST01,Silk Board Junction,12.9176,77.6238,79.4,150.7,51.9,12.2,1.8,30.2,25.6,165,Moderate,PM2.5,DEMO,SIMULATED
2026-08-31 06:00:00,BLR_ST02,BTM Layout CAAQMS,12.9135,77.6101,48.7,96.8,33.4,8.3,1.04,33.7,19.2,97,Satisfactory,PM10,DEMO,SIMULATED
2026-08-31 06:00:00,BLR_ST03,Peenya Industrial Area,13.0285,77.5197,88.2,177.4,61.1,23.6,2.12,25.4,40.0,194,Moderate,PM2.5,DEMO,SIMULATED
2026-08-31 06:00:00,BLR_ST04,Hebbal CAAQMS,13.0358,77.597,68.1,137.8,47.8,10.6,1.59,33.4,22.6,128,Moderate,PM2.5,DEMO,SIMULATED
2026-08-31 06:00:00,BLR_ST05,Whitefield Export Promotion Industrial Park,12.9815,77.7289,52.6,107.9,34.9,9.2,1.15,30.3,18.4,106,Moderate,PM10,DEMO,SIMULATED
2026-08-31 06:00:00,BLR_ST06,Indiranagar 100ft Road,12.9784,77.6408,39.9,79.0,29.7,7.1,0.9,36.7,16.0,79,Satisfactory,PM10,DEMO,SIMULATED
2026-08-31 06:00:00,BLR_ST07,Jayanagar 4th Block,12.9299,77.5826,33.3,66.2,23.8,5.7,0.78,38.7,13.3,67,Satisfactory,PM10,DEMO,SIMULATED
2026-08-31 06:00:00,BLR_ST08,City Railway Station / Majestic,12.9778,77.5713,63.9,125.3,47.0,11.8,1.63,24.0,23.6,118,Moderate,PM10,DEMO,SIMULATED
2026-08-31 06:00:00,BLR_ST09,Saneguruvanahalli (Basaveshwaranagar),12.9912,77.5456,40.8,81.0,28.0,6.9,0.86,38.8,16.5,81,Satisfactory,PM10,DEMO,SIMULATED
2026-08-31 06:00:00,BLR_ST10,BWSSB Kadabeesanahalli (Outer Ring Road),12.9352,77.6894,70.3,139.4,49.0,10.9,1.65,30.2,23.9,135,Moderate,PM2.5,DEMO,SIMULATED
2026-08-31 06:00:00,BLR_ST11,Hombegowda Nagar (Lalbagh Vicinity),12.9388,77.5936,30.3,59.1,21.2,5.0,0.67,40.9,11.8,60,Satisfactory,PM10,DEMO,SIMULATED
2026-08-31 06:00:00,BLR_ST12,Yelahanka New Town,13.1007,77.5963,39.9,78.6,27.7,6.3,0.89,41.9,15.7,79,Satisfactory,PM10,DEMO,SIMULATED
2026-08-31 06:00:00,BLR_ST13,Electronic City Phase 1,12.8452,77.6602,54.1,107.8,36.3,8.8,1.14,35.3,18.6,106,Moderate,PM10,DEMO,SIMULATED
2026-08-31 06:00:00,BLR_ST14,Mysore Road / Nayandahalli,12.9463,77.5255,61.3,123.1,43.1,10.4,1.4,28.4,20.8,116,Moderate,PM10,DEMO,SIMULATED
2026-08-31 07:00:00,BLR_ST01,Silk Board Junction,12.9176,77.6238,77.1,146.5,50.4,10.8,1.75,26.8,22.7,157,Moderate,PM2.5,DEMO,SIMULATED
2026-08-31 07:00:00,BLR_ST02,BTM Layout CAAQMS,12.9135,77.6101,58.1,115.4,39.9,9.0,1.24,36.8,20.9,111,Moderate,PM10,DEMO,SIMULATED
2026-08-31 07:00:00,BLR_ST03,Peenya Industrial Area,13.0285,77.5197,83.5,167.9,57.8,20.4,2.0,22.0,34.6,179,Moderate,PM2.5,DEMO,SIMULATED
2026-08-31 07:00:00,BLR_ST04,Hebbal CAAQMS,13.0358,77.597,69.2,140.1,48.6,9.8,1.62,31.1,21.0,131,Moderate,PM2.5,DEMO,SIMULATED
2026-08-31 07:00:00,BLR_ST05,Whitefield Export Promotion Industrial Park,12.9815,77.7289,61.1,125.2,40.5,9.8,1.33,32.1,19.5,118,Moderate,PM10,DEMO,SIMULATED
2026-08-31 07:00:00,BLR_ST06,Indiranagar 100ft Road,12.9784,77.6408,49.3,97.7,36.7,8.0,1.11,41.5,18.1,98,Satisfactory,PM10,DEMO,SIMULATED
2026-08-31 07:00:00,BLR_ST07,Jayanagar 4th Block,12.9299,77.5826,41.4,82.4,29.7,6.5,0.97,44.1,15.2,83,Satisfactory,PM10,DEMO,SIMULATED
2026-08-31 07:00:00,BLR_ST08,City Railway Station / Majestic,12.9778,77.5713,74.3,145.7,54.7,12.5,1.9,25.6,25.1,148,Moderate,PM2.5,DEMO,SIMULATED
2026-08-31 07:00:00,BLR_ST09,Saneguruvanahalli (Basaveshwaranagar),12.9912,77.5456,44.6,88.6,30.7,6.9,0.94,38.8,16.5,89,Satisfactory,PM10,DEMO,SIMULATED
2026-08-31 07:00:00,BLR_ST10,BWSSB Kadabeesanahalli (Outer Ring Road),12.9352,77.6894,76.5,151.6,53.3,10.9,1.8,30.1,23.8,155,Moderate,PM2.5,DEMO,SIMULATED
2026-08-31 07:00:00,BLR_ST11,Hombegowda Nagar (Lalbagh Vicinity),12.9388,77.5936,35.1,68.5,24.5,5.3,0.78,43.5,12.5,69,Satisfactory,PM10,DEMO,SIMULATED
2026-08-31 07:00:00,BLR_ST12,Yelahanka New Town,13.1007,77.5963,40.0,78.8,27.8,5.8,0.89,38.5,14.4,79,Satisfactory,PM10,DEMO,SIMULATED
2026-08-31 07:00:00,BLR_ST13,Electronic City Phase 1,12.8452,77.6602,56.1,111.7,37.6,8.4,1.18,33.5,17.6,109,Moderate,PM10,DEMO,SIMULATED
2026-08-31 07:00:00,BLR_ST14,Mysore Road / Nayandahalli,12.9463,77.5255,73.1,146.7,51.4,11.4,1.67,31.0,22.7,144,Moderate,PM2.5,DEMO,SIMULATED
2026-08-31 08:00:00,BLR_ST01,Silk Board Junction,12.9176,77.6238,85.8,163.0,56.1,10.9,1.94,27.1,22.8,186,Moderate,PM2.5,DEMO,SIMULATED
2026-08-31 08:00:00,BLR_ST02,BTM Layout CAAQMS,12.9135,77.6101,57.8,114.9,39.7,8.1,1.24,33.1,18.7,111,Moderate,PM10,DEMO,SIMULATED
2026-08-31 08:00:00,BLR_ST03,Peenya Industrial Area,13.0285,77.5197,92.9,186.9,64.3,20.4,2.23,22.2,34.7,211,Poor,PM2.5,DEMO,SIMULATED
2026-08-31 08:00:00,BLR_ST04,Hebbal CAAQMS,13.0358,77.597,83.8,169.6,58.9,10.7,1.96,34.1,22.9,180,Moderate,PM2.5,DEMO,SIMULATED
2026-08-31 08:00:00,BLR_ST05,Whitefield Export Promotion Industrial Park,12.9815,77.7289,76.2,156.3,50.5,11.0,1.66,36.4,21.9,154,Moderate,PM2.5,DEMO,SIMULATED
2026-08-31 08:00:00,BLR_ST06,Indiranagar 100ft Road,12.9784,77.6408,55.8,110.5,41.5,8.1,1.25,42.6,18.4,108,Moderate,PM10,DEMO,SIMULATED
2026-08-31 08:00:00,BLR_ST07,Jayanagar 4th Block,12.9299,77.5826,45.1,89.7,32.3,6.4,1.06,43.5,14.9,90,Satisfactory,PM10,DEMO,SIMULATED
2026-08-31 08:00:00,BLR_ST08,City Railway Station / Majestic,12.9778,77.5713,84.4,165.6,62.1,12.8,2.16,26.3,25.6,182,Moderate,PM2.5,DEMO,SIMULATED
2026-08-31 08:00:00,BLR_ST09,Saneguruvanahalli (Basaveshwaranagar),12.9912,77.5456,48.6,96.6,33.4,6.8,1.03,38.3,16.2,97,Satisfactory,PM10,DEMO,SIMULATED
2026-08-31 08:00:00,BLR_ST10,BWSSB Kadabeesanahalli (Outer Ring Road),12.9352,77.6894,90.0,178.3,62.7,11.5,2.11,32.0,25.2,200,Moderate,PM2.5,DEMO,SIMULATED
2026-08-31 08:00:00,BLR_ST11,Hombegowda Nagar (Lalbagh Vicinity),12.9388,77.5936,44.1,86.0,30.8,6.0,0.98,49.4,14.1,86,Satisfactory,PM10,DEMO,SIMULATED
2026-08-31 08:00:00,BLR_ST12,Yelahanka New Town,13.1007,77.5963,47.9,94.3,33.3,6.2,1.06,41.7,15.5,94,Satisfactory,PM10,DEMO,SIMULATED
2026-08-31 08:00:00,BLR_ST13,Electronic City Phase 1,12.8452,77.6602,71.0,141.4,47.6,9.5,1.5,38.4,20.1,137,Moderate,PM2.5,DEMO,SIMULATED
2026-08-31 08:00:00,BLR_ST14,Mysore Road / Nayandahalli,12.9463,77.5255,75.9,152.3,53.3,10.6,1.74,29.2,21.2,153,Moderate,PM2.5,DEMO,SIMULATED
2026-08-31 09:00:00,BLR_ST01,Silk Board Junction,12.9176,77.6238,93.8,178.1,61.3,11.3,2.12,28.9,23.7,214,Poor,PM2.5,DEMO,SIMULATED
2026-08-31 09:00:00,BLR_ST02,BTM Layout CAAQMS,12.9135,77.6101,58.7,116.7,40.3,7.8,1.26,32.9,18.1,112,Moderate,PM10,DEMO,SIMULATED
2026-08-31 09:00:00,BLR_ST03,Peenya Industrial Area,13.0285,77.5197,104.3,209.7,72.2,21.8,2.5,24.3,37.1,248,Poor,PM2.5,DEMO,SIMULATED
2026-08-31 09:00:00,BLR_ST04,Hebbal CAAQMS,13.0358,77.597,84.8,171.6,59.6,10.3,1.99,33.7,22.1,183,Moderate,PM2.5,DEMO,SIMULATED
2026-08-31 09:00:00,BLR_ST05,Whitefield Export Promotion Industrial Park,12.9815,77.7289,74.0,151.6,49.0,10.1,1.61,34.5,20.3,147,Moderate,PM2.5,DEMO,SIMULATED
2026-08-31 09:00:00,BLR_ST06,Indiranagar 100ft Road,12.9784,77.6408,57.8,114.7,43.0,8.0,1.3,43.2,18.2,111,Moderate,PM10,DEMO,SIMULATED
2026-08-31 09:00:00,BLR_ST07,Jayanagar 4th Block,12.9299,77.5826,44.3,88.2,31.8,6.0,1.04,41.8,13.9,88,Satisfactory,PM10,DEMO,SIMULATED
2026-08-31 09:00:00,BLR_ST08,City Railway Station / Majestic,12.9778,77.5713,93.6,183.6,68.9,13.5,2.39,28.6,27.1,213,Poor,PM2.5,DEMO,SIMULATED
2026-08-31 09:00:00,BLR_ST09,Saneguruvanahalli (Basaveshwaranagar),12.9912,77.5456,54.2,107.6,37.2,7.2,1.15,41.7,17.2,106,Moderate,PM10,DEMO,SIMULATED
2026-08-31 09:00:00,BLR_ST10,BWSSB Kadabeesanahalli (Outer Ring Road),12.9352,77.6894,93.4,185.1,65.1,11.4,2.19,32.5,24.9,212,Poor,PM2.5,DEMO,SIMULATED
2026-08-31 09:00:00,BLR_ST11,Hombegowda Nagar (Lalbagh Vicinity),12.9388,77.5936,43.1,84.0,30.1,5.6,0.96,47.2,13.2,84,Satisfactory,PM10,DEMO,SIMULATED
2026-08-31 09:00:00,BLR_ST12,Yelahanka New Town,13.1007,77.5963,53.1,104.6,36.9,6.6,1.18,45.3,16.4,104,Moderate,PM10,DEMO,SIMULATED
2026-08-31 09:00:00,BLR_ST13,Electronic City Phase 1,12.8452,77.6602,71.3,141.9,47.8,9.1,1.5,37.7,19.2,138,Moderate,PM2.5,DEMO,SIMULATED
2026-08-31 09:00:00,BLR_ST14,Mysore Road / Nayandahalli,12.9463,77.5255,76.6,153.7,53.8,10.2,1.75,28.8,20.4,156,Moderate,PM2.5,DEMO,SIMULATED
2026-08-31 10:00:00,BLR_ST01,Silk Board Junction,12.9176,77.6238,86.2,163.8,56.4,10.9,1.95,29.9,22.9,187,Moderate,PM2.5,DEMO,SIMULATED
2026-08-31 10:00:00,BLR_ST02,BTM Layout CAAQMS,12.9135,77.6101,56.6,112.5,38.8,7.9,1.21,35.7,18.3,109,Moderate,PM10,DEMO,SIMULATED
2026-08-31 10:00:00,BLR_ST03,Peenya Industrial Area,13.0285,77.5197,104.9,210.9,72.6,23.1,2.52,27.5,39.1,250,Poor,PM2.5,DEMO,SIMULATED
2026-08-31 10:00:00,BLR_ST04,Hebbal CAAQMS,13.0358,77.597,83.4,168.8,58.6,10.6,1.95,37.3,22.8,178,Moderate,PM2.5,DEMO,SIMULATED
2026-08-31 10:00:00,BLR_ST05,Whitefield Export Promotion Industrial Park,12.9815,77.7289,75.8,155.4,50.2,10.9,1.65,39.7,21.8,153,Moderate,PM2.5,DEMO,SIMULATED
2026-08-31 10:00:00,BLR_ST06,Indiranagar 100ft Road,12.9784,77.6408,47.3,93.8,35.2,6.9,1.06,39.7,15.6,94,Satisfactory,PM10,DEMO,SIMULATED
2026-08-31 10:00:00,BLR_ST07,Jayanagar 4th Block,12.9299,77.5826,46.0,91.5,32.9,6.5,1.08,48.8,15.2,92,Satisfactory,PM10,DEMO,SIMULATED
2026-08-31 10:00:00,BLR_ST08,City Railway Station / Majestic,12.9778,77.5713,80.4,157.6,59.1,12.2,2.05,27.6,24.4,168,Moderate,PM2.5,DEMO,SIMULATED
2026-08-31 10:00:00,BLR_ST09,Saneguruvanahalli (Basaveshwaranagar),12.9912,77.5456,46.4,92.2,31.9,6.5,0.98,40.2,15.4,92,Satisfactory,PM10,DEMO,SIMULATED
2026-08-31 10:00:00,BLR_ST10,BWSSB Kadabeesanahalli (Outer Ring Road),12.9352,77.6894,85.1,168.6,59.2,10.9,2.0,33.3,23.8,184,Moderate,PM2.5,DEMO,SIMULATED
2026-08-31 10:00:00,BLR_ST11,Hombegowda Nagar (Lalbagh Vicinity),12.9388,77.5936,41.4,80.7,28.9,5.6,0.92,50.9,13.3,81,Satisfactory,PM10,DEMO,SIMULATED
2026-08-31 10:00:00,BLR_ST12,Yelahanka New Town,13.1007,77.5963,49.8,98.0,34.6,6.4,1.11,47.6,16.1,98,Satisfactory,PM10,DEMO,SIMULATED
2026-08-31 10:00:00,BLR_ST13,Electronic City Phase 1,12.8452,77.6602,63.0,125.4,42.2,8.4,1.33,37.4,17.8,118,Moderate,PM10,DEMO,SIMULATED
2026-08-31 10:00:00,BLR_ST14,Mysore Road / Nayandahalli,12.9463,77.5255,82.9,166.3,58.2,11.6,1.9,35.0,23.2,177,Moderate,PM2.5,DEMO,SIMULATED
2026-08-31 11:00:00,BLR_ST01,Silk Board Junction,12.9176,77.6238,85.4,162.3,55.9,12.0,1.93,37.4,25.2,185,Moderate,PM2.5,DEMO,SIMULATED
2026-08-31 11:00:00,BLR_ST02,BTM Layout CAAQMS,12.9135,77.6101,54.8,108.9,37.6,8.5,1.17,43.6,19.7,107,Moderate,PM10,DEMO,SIMULATED
2026-08-31 11:00:00,BLR_ST03,Peenya Industrial Area,13.0285,77.5197,91.3,183.5,63.2,22.3,2.19,30.2,37.8,205,Poor,PM2.5,DEMO,SIMULATED
2026-08-31 11:00:00,BLR_ST04,Hebbal CAAQMS,13.0358,77.597,74.3,150.3,52.2,10.5,1.74,41.9,22.6,148,Moderate,PM2.5,DEMO,SIMULATED
2026-08-31 11:00:00,BLR_ST05,Whitefield Export Promotion Industrial Park,12.9815,77.7289,61.6,126.3,40.8,9.9,1.34,40.8,19.7,118,Moderate,PM10,DEMO,SIMULATED
2026-08-31 11:00:00,BLR_ST06,Indiranagar 100ft Road,12.9784,77.6408,50.6,100.3,37.6,8.2,1.14,53.6,18.6,101,Moderate,PM10,DEMO,SIMULATED
2026-08-31 11:00:00,BLR_ST07,Jayanagar 4th Block,12.9299,77.5826,35.7,71.1,25.6,5.6,0.84,47.9,13.1,72,Satisfactory,PM10,DEMO,SIMULATED
2026-08-31 11:00:00,BLR_ST08,City Railway Station / Majestic,12.9778,77.5713,83.8,164.4,61.7,14.1,2.14,36.3,28.3,180,Moderate,PM2.5,DEMO,SIMULATED
2026-08-31 11:00:00,BLR_ST09,Saneguruvanahalli (Basaveshwaranagar),12.9912,77.5456,47.8,95.0,32.9,7.4,1.01,52.3,17.7,95,Satisfactory,PM10,DEMO,SIMULATED
2026-08-31 11:00:00,BLR_ST10,BWSSB Kadabeesanahalli (Outer Ring Road),12.9352,77.6894,68.3,135.3,47.6,9.7,1.6,33.7,21.2,128,Moderate,PM2.5,DEMO,SIMULATED
2026-08-31 11:00:00,BLR_ST11,Hombegowda Nagar (Lalbagh Vicinity),12.9388,77.5936,40.1,78.2,28.0,6.0,0.89,62.4,14.3,79,Satisfactory,PM10,DEMO,SIMULATED
2026-08-31 11:00:00,BLR_ST12,Yelahanka New Town,13.1007,77.5963,41.5,81.7,28.8,6.0,0.92,50.2,14.9,82,Satisfactory,PM10,DEMO,SIMULATED
2026-08-31 11:00:00,BLR_ST13,Electronic City Phase 1,12.8452,77.6602,57.3,114.1,38.4,8.5,1.21,43.0,18.0,110,Moderate,PM10,DEMO,SIMULATED
2026-08-31 11:00:00,BLR_ST14,Mysore Road / Nayandahalli,12.9463,77.5255,72.3,145.1,50.8,11.2,1.65,38.6,22.5,142,Moderate,PM2.5,DEMO,SIMULATED
2026-08-31 12:00:00,BLR_ST01,Silk Board Junction,12.9176,77.6238,70.3,133.6,46.0,10.8,1.59,39.7,22.7,135,Moderate,PM2.5,DEMO,SIMULATED
2026-08-31 12:00:00,BLR_ST02,BTM Layout CAAQMS,12.9135,77.6101,53.6,106.5,36.8,9.1,1.15,55.0,21.1,105,Moderate,PM10,DEMO,SIMULATED
2026-08-31 12:00:00,BLR_ST03,Peenya Industrial Area,13.0285,77.5197,84.7,170.2,58.6,22.6,2.03,36.2,38.4,183,Moderate,PM2.5,DEMO,SIMULATED
2026-08-31 12:00:00,BLR_ST04,Hebbal CAAQMS,13.0358,77.597,66.7,135.0,46.9,10.3,1.56,48.6,22.2,124,Moderate,PM10,DEMO,SIMULATED
2026-08-31 12:00:00,BLR_ST05,Whitefield Export Promotion Industrial Park,12.9815,77.7289,56.9,116.6,37.7,10.0,1.24,48.6,19.9,112,Moderate,PM10,DEMO,SIMULATED
2026-08-31 12:00:00,BLR_ST06,Indiranagar 100ft Road,12.9784,77.6408,42.7,84.5,31.7,7.6,0.96,58.3,17.1,85,Satisfactory,PM10,DEMO,SIMULATED
2026-08-31 12:00:00,BLR_ST07,Jayanagar 4th Block,12.9299,77.5826,35.2,70.0,25.2,6.0,0.82,60.8,14.1,71,Satisfactory,PM10,DEMO,SIMULATED
2026-08-31 12:00:00,BLR_ST08,City Railway Station / Majestic,12.9778,77.5713,67.1,131.6,49.4,12.4,1.71,37.5,24.8,124,Moderate,PM2.5,DEMO,SIMULATED
2026-08-31 12:00:00,BLR_ST09,Saneguruvanahalli (Basaveshwaranagar),12.9912,77.5456,40.1,79.7,27.6,6.8,0.85,56.6,16.2,80,Satisfactory,PM10,DEMO,SIMULATED
2026-08-31 12:00:00,BLR_ST10,BWSSB Kadabeesanahalli (Outer Ring Road),12.9352,77.6894,67.6,133.9,47.0,10.5,1.59,43.0,23.0,126,Moderate,PM2.5,DEMO,SIMULATED
2026-08-31 12:00:00,BLR_ST11,Hombegowda Nagar (Lalbagh Vicinity),12.9388,77.5936,30.6,59.8,21.4,5.1,0.68,61.5,12.0,62,Satisfactory,O3,DEMO,SIMULATED
2026-08-31 12:00:00,BLR_ST12,Yelahanka New Town,13.1007,77.5963,41.7,82.2,29.0,6.6,0.93,65.1,16.4,83,Satisfactory,PM10,DEMO,SIMULATED
2026-08-31 12:00:00,BLR_ST13,Electronic City Phase 1,12.8452,77.6602,54.9,109.3,36.8,8.9,1.16,53.1,18.9,107,Moderate,PM10,DEMO,SIMULATED
2026-08-31 12:00:00,BLR_ST14,Mysore Road / Nayandahalli,12.9463,77.5255,69.1,138.8,48.6,11.7,1.58,47.6,23.5,131,Moderate,PM2.5,DEMO,SIMULATED
2026-08-31 13:00:00,BLR_ST01,Silk Board Junction,12.9176,77.6238,77.6,147.4,50.7,12.5,1.76,52.5,26.1,159,Moderate,PM2.5,DEMO,SIMULATED
2026-08-31 13:00:00,BLR_ST02,BTM Layout CAAQMS,12.9135,77.6101,46.2,91.9,31.7,8.2,0.99,56.8,19.0,92,Satisfactory,PM10,DEMO,SIMULATED
2026-08-31 13:00:00,BLR_ST03,Peenya Industrial Area,13.0285,77.5197,78.9,158.7,54.6,22.0,1.89,40.4,37.3,163,Moderate,PM2.5,DEMO,SIMULATED
2026-08-31 13:00:00,BLR_ST04,Hebbal CAAQMS,13.0358,77.597,61.4,124.2,43.1,9.9,1.44,53.5,21.3,117,Moderate,PM10,DEMO,SIMULATED
2026-08-31 13:00:00,BLR_ST05,Whitefield Export Promotion Industrial Park,12.9815,77.7289,52.8,108.2,35.0,9.6,1.15,54.0,19.3,106,Moderate,PM10,DEMO,SIMULATED
2026-08-31 13:00:00,BLR_ST06,Indiranagar 100ft Road,12.9784,77.6408,37.7,74.8,28.1,7.0,0.85,61.8,15.8,75,Satisfactory,PM10,DEMO,SIMULATED
2026-08-31 13:00:00,BLR_ST07,Jayanagar 4th Block,12.9299,77.5826,33.0,65.7,23.7,5.9,0.77,68.4,13.8,69,Satisfactory,O3,DEMO,SIMULATED
2026-08-31 13:00:00,BLR_ST08,City Railway Station / Majestic,12.9778,77.5713,73.4,144.0,54.0,14.1,1.87,49.1,28.3,145,Moderate,PM2.5,DEMO,SIMULATED
2026-08-31 13:00:00,BLR_ST09,Saneguruvanahalli (Basaveshwaranagar),12.9912,77.5456,38.9,77.4,26.8,6.9,0.82,65.9,16.5,78,Satisfactory,PM10,DEMO,SIMULATED
2026-08-31 13:00:00,BLR_ST10,BWSSB Kadabeesanahalli (Outer Ring Road),12.9352,77.6894,63.7,126.3,44.4,10.3,1.5,48.7,22.6,118,Moderate,PM10,DEMO,SIMULATED
2026-08-31 13:00:00,BLR_ST11,Hombegowda Nagar (Lalbagh Vicinity),12.9388,77.5936,29.7,58.0,20.8,5.1,0.66,71.4,12.1,72,Satisfactory,O3,DEMO,SIMULATED
2026-08-31 13:00:00,BLR_ST12,Yelahanka New Town,13.1007,77.5963,35.3,69.4,24.5,5.8,0.78,65.9,14.5,70,Satisfactory,PM10,DEMO,SIMULATED
2026-08-31 13:00:00,BLR_ST13,Electronic City Phase 1,12.8452,77.6602,51.7,102.9,34.6,8.8,1.09,59.9,18.5,103,Moderate,PM10,DEMO,SIMULATED
2026-08-31 13:00:00,BLR_ST14,Mysore Road / Nayandahalli,12.9463,77.5255,66.2,132.9,46.5,11.7,1.51,54.6,23.5,123,Moderate,PM10,DEMO,SIMULATED
2026-08-31 14:00:00,BLR_ST01,Silk Board Junction,12.9176,77.6238,70.8,134.5,46.3,11.5,1.6,51.1,24.1,137,Moderate,PM2.5,DEMO,SIMULATED
2026-08-31 14:00:00,BLR_ST02,BTM Layout CAAQMS,12.9135,77.6101,48.4,96.1,33.2,8.7,1.03,63.5,20.1,96,Satisfactory,PM10,DEMO,SIMULATED
2026-08-31 14:00:00,BLR_ST03,Peenya Industrial Area,13.0285,77.5197,82.3,165.5,57.0,23.2,1.98,45.0,39.4,175,Moderate,PM2.5,DEMO,SIMULATED
2026-08-31 14:00:00,BLR_ST04,Hebbal CAAQMS,13.0358,77.597,57.0,115.4,40.1,9.3,1.34,53.1,20.0,111,Moderate,PM10,DEMO,SIMULATED
2026-08-31 14:00:00,BLR_ST05,Whitefield Export Promotion Industrial Park,12.9815,77.7289,58.8,120.5,38.9,10.9,1.28,64.2,21.7,115,Moderate,PM10,DEMO,SIMULATED
2026-08-31 14:00:00,BLR_ST06,Indiranagar 100ft Road,12.9784,77.6408,43.9,87.0,32.7,8.2,0.99,76.7,18.6,87,Satisfactory,PM10,DEMO,SIMULATED
2026-08-31 14:00:00,BLR_ST07,Jayanagar 4th Block,12.9299,77.5826,35.3,70.1,25.3,6.4,0.82,77.9,14.9,78,Satisfactory,O3,DEMO,SIMULATED
2026-08-31 14:00:00,BLR_ST08,City Railway Station / Majestic,12.9778,77.5713,66.6,130.7,49.0,13.0,1.7,47.6,26.0,123,Moderate,PM2.5,DEMO,SIMULATED
2026-08-31 14:00:00,BLR_ST09,Saneguruvanahalli (Basaveshwaranagar),12.9912,77.5456,35.4,70.3,24.3,6.3,0.75,63.9,15.1,71,Satisfactory,PM10,DEMO,SIMULATED
2026-08-31 14:00:00,BLR_ST10,BWSSB Kadabeesanahalli (Outer Ring Road),12.9352,77.6894,67.8,134.4,47.2,11.1,1.59,55.3,24.4,127,Moderate,PM2.5,DEMO,SIMULATED
2026-08-31 14:00:00,BLR_ST11,Hombegowda Nagar (Lalbagh Vicinity),12.9388,77.5936,29.5,57.5,20.6,5.1,0.66,75.6,12.1,76,Satisfactory,O3,DEMO,SIMULATED
2026-08-31 14:00:00,BLR_ST12,Yelahanka New Town,13.1007,77.5963,37.7,74.2,26.2,6.3,0.84,75.2,15.7,76,Satisfactory,O3,DEMO,SIMULATED
2026-08-31 14:00:00,BLR_ST13,Electronic City Phase 1,12.8452,77.6602,52.2,104.0,35.0,9.0,1.1,64.6,19.0,104,Moderate,PM10,DEMO,SIMULATED
2026-08-31 14:00:00,BLR_ST14,Mysore Road / Nayandahalli,12.9463,77.5255,66.5,133.4,46.7,11.9,1.52,58.5,23.8,123,Moderate,PM10,DEMO,SIMULATED
2026-08-31 15:00:00,BLR_ST01,Silk Board Junction,12.9176,77.6238,71.3,135.5,46.7,11.6,1.62,48.9,24.3,138,Moderate,PM2.5,DEMO,SIMULATED
2026-08-31 15:00:00,BLR_ST02,BTM Layout CAAQMS,12.9135,77.6101,48.2,95.8,33.1,8.6,1.03,60.0,20.1,96,Satisfactory,PM10,DEMO,SIMULATED
2026-08-31 15:00:00,BLR_ST03,Peenya Industrial Area,13.0285,77.5197,72.3,145.4,50.0,20.4,1.73,37.5,34.6,142,Moderate,PM2.5,DEMO,SIMULATED
2026-08-31 15:00:00,BLR_ST04,Hebbal CAAQMS,13.0358,77.597,54.3,109.8,38.1,8.9,1.27,48.0,19.0,107,Moderate,PM10,DEMO,SIMULATED
2026-08-31 15:00:00,BLR_ST05,Whitefield Export Promotion Industrial Park,12.9815,77.7289,59.0,120.9,39.1,10.9,1.28,61.1,21.8,115,Moderate,PM10,DEMO,SIMULATED
2026-08-31 15:00:00,BLR_ST06,Indiranagar 100ft Road,12.9784,77.6408,43.7,86.6,32.5,8.2,0.98,72.5,18.5,87,Satisfactory,PM10,DEMO,SIMULATED
2026-08-31 15:00:00,BLR_ST07,Jayanagar 4th Block,12.9299,77.5826,35.4,70.4,25.4,6.4,0.83,74.2,15.0,75,Satisfactory,O3,DEMO,SIMULATED
2026-08-31 15:00:00,BLR_ST08,City Railway Station / Majestic,12.9778,77.5713,70.2,137.7,51.7,13.7,1.79,47.6,27.4,135,Moderate,PM2.5,DEMO,SIMULATED
2026-08-31 15:00:00,BLR_ST09,Saneguruvanahalli (Basaveshwaranagar),12.9912,77.5456,37.2,73.9,25.6,6.7,0.79,63.7,15.9,74,Satisfactory,PM10,DEMO,SIMULATED
2026-08-31 15:00:00,BLR_ST10,BWSSB Kadabeesanahalli (Outer Ring Road),12.9352,77.6894,68.4,135.5,47.6,11.2,1.6,52.9,24.6,129,Moderate,PM2.5,DEMO,SIMULATED
2026-08-31 15:00:00,BLR_ST11,Hombegowda Nagar (Lalbagh Vicinity),12.9388,77.5936,29.8,58.2,20.8,5.2,0.66,72.6,12.3,73,Satisfactory,O3,DEMO,SIMULATED
2026-08-31 15:00:00,BLR_ST12,Yelahanka New Town,13.1007,77.5963,37.5,73.9,26.1,6.2,0.83,71.1,15.6,74,Satisfactory,PM10,DEMO,SIMULATED
2026-08-31 15:00:00,BLR_ST13,Electronic City Phase 1,12.8452,77.6602,47.1,93.9,31.6,8.1,0.99,55.4,17.1,94,Satisfactory,PM10,DEMO,SIMULATED
2026-08-31 15:00:00,BLR_ST14,Mysore Road / Nayandahalli,12.9463,77.5255,61.4,123.2,43.1,11.0,1.4,51.2,22.0,116,Moderate,PM10,DEMO,SIMULATED
2026-08-31 16:00:00,BLR_ST01,Silk Board Junction,12.9176,77.6238,69.3,131.7,45.3,11.2,1.57,41.1,23.5,132,Moderate,PM2.5,DEMO,SIMULATED
2026-08-31 16:00:00,BLR_ST02,BTM Layout CAAQMS,12.9135,77.6101,48.2,95.8,33.1,8.6,1.03,52.0,20.0,96,Satisfactory,PM10,DEMO,SIMULATED
2026-08-31 16:00:00,BLR_ST03,Peenya Industrial Area,13.0285,77.5197,82.4,165.7,57.0,23.1,1.98,37.0,39.3,175,Moderate,PM2.5,DEMO,SIMULATED
2026-08-31 16:00:00,BLR_ST04,Hebbal CAAQMS,13.0358,77.597,61.6,124.6,43.3,10.0,1.44,47.1,21.5,117,Moderate,PM10,DEMO,SIMULATED
2026-08-31 16:00:00,BLR_ST05,Whitefield Export Promotion Industrial Park,12.9815,77.7289,55.3,113.3,36.6,10.2,1.2,49.6,20.3,110,Moderate,PM10,DEMO,SIMULATED
2026-08-31 16:00:00,BLR_ST06,Indiranagar 100ft Road,12.9784,77.6408,40.2,79.7,29.9,7.5,0.9,57.8,17.0,80,Satisfactory,PM10,DEMO,SIMULATED
2026-08-31 16:00:00,BLR_ST07,Jayanagar 4th Block,12.9299,77.5826,31.0,61.8,22.2,5.6,0.73,56.4,13.1,63,Satisfactory,PM10,DEMO,SIMULATED
2026-08-31 16:00:00,BLR_ST08,City Railway Station / Majestic,12.9778,77.5713,67.8,132.9,49.9,13.1,1.73,39.8,26.3,127,Moderate,PM2.5,DEMO,SIMULATED
2026-08-31 16:00:00,BLR_ST09,Saneguruvanahalli (Basaveshwaranagar),12.9912,77.5456,34.3,68.3,23.6,6.1,0.73,50.9,14.6,69,Satisfactory,PM10,DEMO,SIMULATED
2026-08-31 16:00:00,BLR_ST10,BWSSB Kadabeesanahalli (Outer Ring Road),12.9352,77.6894,64.7,128.3,45.1,10.6,1.52,43.3,23.1,120,Moderate,PM10,DEMO,SIMULATED
2026-08-31 16:00:00,BLR_ST11,Hombegowda Nagar (Lalbagh Vicinity),12.9388,77.5936,30.3,59.1,21.2,5.3,0.67,63.8,12.4,65,Satisfactory,O3,DEMO,SIMULATED
2026-08-31 16:00:00,BLR_ST12,Yelahanka New Town,13.1007,77.5963,39.7,78.2,27.6,6.6,0.88,65.1,16.4,79,Satisfactory,PM10,DEMO,SIMULATED
2026-08-31 16:00:00,BLR_ST13,Electronic City Phase 1,12.8452,77.6602,47.5,94.6,31.8,8.1,1.0,48.3,17.2,95,Satisfactory,PM10,DEMO,SIMULATED
2026-08-31 16:00:00,BLR_ST14,Mysore Road / Nayandahalli,12.9463,77.5255,65.5,131.5,46.0,11.7,1.5,47.3,23.4,122,Moderate,PM10,DEMO,SIMULATED
2026-08-31 17:00:00,BLR_ST01,Silk Board Junction,12.9176,77.6238,75.4,143.2,49.3,11.9,1.71,37.0,24.9,152,Moderate,PM2.5,DEMO,SIMULATED
2026-08-31 17:00:00,BLR_ST02,BTM Layout CAAQMS,12.9135,77.6101,51.2,101.8,35.1,8.9,1.09,45.7,20.7,102,Moderate,PM10,DEMO,SIMULATED
2026-08-31 17:00:00,BLR_ST03,Peenya Industrial Area,13.0285,77.5197,88.4,177.7,61.1,24.2,2.12,32.8,41.1,195,Moderate,PM2.5,DEMO,SIMULATED
2026-08-31 17:00:00,BLR_ST04,Hebbal CAAQMS,13.0358,77.597,56.8,114.9,39.9,9.0,1.33,36.0,19.3,111,Moderate,PM10,DEMO,SIMULATED
2026-08-31 17:00:00,BLR_ST05,Whitefield Export Promotion Industrial Park,12.9815,77.7289,52.2,107.1,34.6,9.4,1.14,38.8,18.8,106,Moderate,PM10,DEMO,SIMULATED
2026-08-31 17:00:00,BLR_ST06,Indiranagar 100ft Road,12.9784,77.6408,38.4,76.1,28.6,7.0,0.86,45.7,15.8,77,Satisfactory,PM10,DEMO,SIMULATED
2026-08-31 17:00:00,BLR_ST07,Jayanagar 4th Block,12.9299,77.5826,33.1,65.8,23.7,5.8,0.77,49.8,13.6,66,Satisfactory,PM10,DEMO,SIMULATED
2026-08-31 17:00:00,BLR_ST08,City Railway Station / Majestic,12.9778,77.5713,69.0,135.4,50.8,13.1,1.76,33.6,26.1,131,Moderate,PM2.5,DEMO,SIMULATED
2026-08-31 17:00:00,BLR_ST09,Saneguruvanahalli (Basaveshwaranagar),12.9912,77.5456,41.4,82.4,28.5,7.2,0.88,50.9,17.2,83,Satisfactory,PM10,DEMO,SIMULATED
2026-08-31 17:00:00,BLR_ST10,BWSSB Kadabeesanahalli (Outer Ring Road),12.9352,77.6894,62.8,124.5,43.8,10.0,1.47,34.8,21.9,117,Moderate,PM10,DEMO,SIMULATED
2026-08-31 17:00:00,BLR_ST11,Hombegowda Nagar (Lalbagh Vicinity),12.9388,77.5936,31.8,62.0,22.2,5.4,0.71,55.5,12.7,63,Satisfactory,PM10,DEMO,SIMULATED
2026-08-31 17:00:00,BLR_ST12,Yelahanka New Town,13.1007,77.5963,36.2,71.2,25.1,5.8,0.8,49.1,14.6,72,Satisfactory,PM10,DEMO,SIMULATED
2026-08-31 17:00:00,BLR_ST13,Electronic City Phase 1,12.8452,77.6602,52.8,105.2,35.4,8.8,1.11,44.5,18.6,104,Moderate,PM10,DEMO,SIMULATED
2026-08-31 17:00:00,BLR_ST14,Mysore Road / Nayandahalli,12.9463,77.5255,63.9,128.3,44.9,11.1,1.46,38.3,22.3,120,Moderate,PM10,DEMO,SIMULATED
2026-08-31 18:00:00,BLR_ST01,Silk Board Junction,12.9176,77.6238,85.4,162.1,55.8,12.6,1.93,34.6,26.5,185,Moderate,PM2.5,DEMO,SIMULATED
2026-08-31 18:00:00,BLR_ST02,BTM Layout CAAQMS,12.9135,77.6101,48.7,96.7,33.4,7.9,1.04,35.8,18.4,97,Satisfactory,PM10,DEMO,SIMULATED
2026-08-31 18:00:00,BLR_ST03,Peenya Industrial Area,13.0285,77.5197,90.4,181.7,62.5,23.2,2.17,27.7,39.4,202,Poor,PM2.5,DEMO,SIMULATED
2026-08-31 18:00:00,BLR_ST04,Hebbal CAAQMS,13.0358,77.597,70.3,142.4,49.4,10.5,1.65,36.7,22.5,135,Moderate,PM2.5,DEMO,SIMULATED
2026-08-31 18:00:00,BLR_ST05,Whitefield Export Promotion Industrial Park,12.9815,77.7289,62.5,128.1,41.4,10.5,1.36,38.3,21.0,120,Moderate,PM10,DEMO,SIMULATED
2026-08-31 18:00:00,BLR_ST06,Indiranagar 100ft Road,12.9784,77.6408,47.2,93.6,35.1,8.0,1.06,46.3,18.2,94,Satisfactory,PM10,DEMO,SIMULATED
2026-08-31 18:00:00,BLR_ST07,Jayanagar 4th Block,12.9299,77.5826,39.6,78.8,28.4,6.5,0.93,49.1,15.3,79,Satisfactory,PM10,DEMO,SIMULATED
2026-08-31 18:00:00,BLR_ST08,City Railway Station / Majestic,12.9778,77.5713,67.3,132.0,49.5,11.9,1.72,27.0,23.9,125,Moderate,PM2.5,DEMO,SIMULATED
2026-08-31 18:00:00,BLR_ST09,Saneguruvanahalli (Basaveshwaranagar),12.9912,77.5456,40.6,80.7,27.9,6.6,0.86,41.1,15.8,81,Satisfactory,PM10,DEMO,SIMULATED
2026-08-31 18:00:00,BLR_ST10,BWSSB Kadabeesanahalli (Outer Ring Road),12.9352,77.6894,71.1,140.8,49.5,10.6,1.67,32.5,23.2,138,Moderate,PM2.5,DEMO,SIMULATED
2026-08-31 18:00:00,BLR_ST11,Hombegowda Nagar (Lalbagh Vicinity),12.9388,77.5936,31.6,61.6,22.1,5.0,0.7,45.4,11.8,62,Satisfactory,PM10,DEMO,SIMULATED
2026-08-31 18:00:00,BLR_ST12,Yelahanka New Town,13.1007,77.5963,35.7,70.3,24.8,5.4,0.79,40.0,13.5,71,Satisfactory,PM10,DEMO,SIMULATED
2026-08-31 18:00:00,BLR_ST13,Electronic City Phase 1,12.8452,77.6602,53.7,106.9,36.0,8.4,1.13,37.3,17.8,106,Moderate,PM10,DEMO,SIMULATED
2026-08-31 18:00:00,BLR_ST14,Mysore Road / Nayandahalli,12.9463,77.5255,67.3,135.2,47.3,11.0,1.54,33.2,22.0,125,Moderate,PM2.5,DEMO,SIMULATED
2026-08-31 19:00:00,BLR_ST01,Silk Board Junction,12.9176,77.6238,85.8,163.0,56.1,11.3,1.94,29.0,23.8,186,Moderate,PM2.5,DEMO,SIMULATED
2026-08-31 19:00:00,BLR_ST02,BTM Layout CAAQMS,12.9135,77.6101,60.9,121.0,41.8,8.9,1.3,37.4,20.6,115,Moderate,PM10,DEMO,SIMULATED
2026-08-31 19:00:00,BLR_ST03,Peenya Industrial Area,13.0285,77.5197,98.8,198.6,68.3,22.7,2.37,25.3,38.5,230,Poor,PM2.5,DEMO,SIMULATED
2026-08-31 19:00:00,BLR_ST04,Hebbal CAAQMS,13.0358,77.597,78.8,159.6,55.4,10.5,1.85,34.4,22.5,163,Moderate,PM2.5,DEMO,SIMULATED
2026-08-31 19:00:00,BLR_ST05,Whitefield Export Promotion Industrial Park,12.9815,77.7289,62.3,127.8,41.3,9.4,1.36,31.9,18.7,119,Moderate,PM10,DEMO,SIMULATED
2026-08-31 19:00:00,BLR_ST06,Indiranagar 100ft Road,12.9784,77.6408,49.6,98.3,36.9,7.5,1.11,40.6,17.1,98,Satisfactory,PM10,DEMO,SIMULATED
2026-08-31 19:00:00,BLR_ST07,Jayanagar 4th Block,12.9299,77.5826,38.2,76.1,27.4,5.6,0.89,39.6,13.2,77,Satisfactory,PM10,DEMO,SIMULATED
2026-08-31 19:00:00,BLR_ST08,City Railway Station / Majestic,12.9778,77.5713,77.3,151.5,56.8,12.2,1.97,25.8,24.5,158,Moderate,PM2.5,DEMO,SIMULATED
2026-08-31 19:00:00,BLR_ST09,Saneguruvanahalli (Basaveshwaranagar),12.9912,77.5456,50.0,99.3,34.4,7.3,1.06,42.2,17.4,99,Satisfactory,PM10,DEMO,SIMULATED
2026-08-31 19:00:00,BLR_ST10,BWSSB Kadabeesanahalli (Outer Ring Road),12.9352,77.6894,84.8,168.0,59.0,11.3,1.99,32.3,24.8,183,Moderate,PM2.5,DEMO,SIMULATED
2026-08-31 19:00:00,BLR_ST11,Hombegowda Nagar (Lalbagh Vicinity),12.9388,77.5936,38.6,75.2,27.0,5.5,0.86,46.4,12.9,76,Satisfactory,PM10,DEMO,SIMULATED
2026-08-31 19:00:00,BLR_ST12,Yelahanka New Town,13.1007,77.5963,40.3,79.3,28.0,5.5,0.9,37.7,13.6,80,Satisfactory,PM10,DEMO,SIMULATED
2026-08-31 19:00:00,BLR_ST13,Electronic City Phase 1,12.8452,77.6602,58.8,117.1,39.4,8.2,1.24,34.1,17.4,112,Moderate,PM10,DEMO,SIMULATED
2026-08-31 19:00:00,BLR_ST14,Mysore Road / Nayandahalli,12.9463,77.5255,81.8,164.1,57.4,11.9,1.87,33.7,23.9,173,Moderate,PM2.5,DEMO,SIMULATED
2026-08-31 20:00:00,BLR_ST01,Silk Board Junction,12.9176,77.6238,105.4,200.1,68.9,12.4,2.39,30.9,26.0,252,Poor,PM2.5,DEMO,SIMULATED
2026-08-31 20:00:00,BLR_ST02,BTM Layout CAAQMS,12.9135,77.6101,65.4,130.0,44.9,8.5,1.4,34.9,19.7,121,Moderate,PM10,DEMO,SIMULATED
2026-08-31 20:00:00,BLR_ST03,Peenya Industrial Area,13.0285,77.5197,99.2,199.3,68.6,20.3,2.38,22.0,34.5,231,Poor,PM2.5,DEMO,SIMULATED
2026-08-31 20:00:00,BLR_ST04,Hebbal CAAQMS,13.0358,77.597,89.6,181.4,63.0,10.6,2.1,34.0,22.8,199,Moderate,PM2.5,DEMO,SIMULATED
2026-08-31 20:00:00,BLR_ST05,Whitefield Export Promotion Industrial Park,12.9815,77.7289,73.2,150.2,48.5,9.8,1.6,32.5,19.6,145,Moderate,PM2.5,DEMO,SIMULATED
2026-08-31 20:00:00,BLR_ST06,Indiranagar 100ft Road,12.9784,77.6408,60.4,119.7,44.9,8.2,1.36,43.0,18.6,114,Moderate,PM10,DEMO,SIMULATED
2026-08-31 20:00:00,BLR_ST07,Jayanagar 4th Block,12.9299,77.5826,48.0,95.6,34.4,6.3,1.12,43.2,14.8,96,Satisfactory,PM10,DEMO,SIMULATED
2026-08-31 20:00:00,BLR_ST08,City Railway Station / Majestic,12.9778,77.5713,96.6,189.4,71.1,13.7,2.47,28.1,27.3,223,Poor,PM2.5,DEMO,SIMULATED
2026-08-31 20:00:00,BLR_ST09,Saneguruvanahalli (Basaveshwaranagar),12.9912,77.5456,54.4,108.2,37.4,7.1,1.15,40.0,16.9,106,Moderate,PM10,DEMO,SIMULATED
2026-08-31 20:00:00,BLR_ST10,BWSSB Kadabeesanahalli (Outer Ring Road),12.9352,77.6894,86.4,171.3,60.2,10.3,2.03,28.7,22.5,188,Moderate,PM2.5,DEMO,SIMULATED
2026-08-31 20:00:00,BLR_ST11,Hombegowda Nagar (Lalbagh Vicinity),12.9388,77.5936,39.8,77.6,27.8,5.0,0.88,41.6,11.9,78,Satisfactory,PM10,DEMO,SIMULATED
2026-08-31 20:00:00,BLR_ST12,Yelahanka New Town,13.1007,77.5963,46.4,91.3,32.2,5.6,1.03,37.6,14.0,91,Satisfactory,PM10,DEMO,SIMULATED
2026-08-31 20:00:00,BLR_ST13,Electronic City Phase 1,12.8452,77.6602,68.3,136.1,45.8,8.5,1.44,34.4,18.0,128,Moderate,PM2.5,DEMO,SIMULATED
2026-08-31 20:00:00,BLR_ST14,Mysore Road / Nayandahalli,12.9463,77.5255,90.2,181.0,63.4,11.7,2.06,32.3,23.5,202,Poor,PM2.5,DEMO,SIMULATED
2026-08-31 21:00:00,BLR_ST01,Silk Board Junction,12.9176,77.6238,100.2,190.3,65.5,11.2,2.27,27.8,23.6,235,Poor,PM2.5,DEMO,SIMULATED
2026-08-31 21:00:00,BLR_ST02,BTM Layout CAAQMS,12.9135,77.6101,73.2,145.5,50.2,9.1,1.56,37.0,21.0,145,Moderate,PM2.5,DEMO,SIMULATED
2026-08-31 21:00:00,BLR_ST03,Peenya Industrial Area,13.0285,77.5197,111.0,223.1,76.8,21.6,2.66,23.3,36.7,270,Poor,PM2.5,DEMO,SIMULATED
2026-08-31 21:00:00,BLR_ST04,Hebbal CAAQMS,13.0358,77.597,91.1,184.4,64.0,10.3,2.13,32.6,22.1,205,Poor,PM2.5,DEMO,SIMULATED
2026-08-31 21:00:00,BLR_ST05,Whitefield Export Promotion Industrial Park,12.9815,77.7289,74.1,152.0,49.1,9.5,1.61,31.1,18.9,148,Moderate,PM2.5,DEMO,SIMULATED
2026-08-31 21:00:00,BLR_ST06,Indiranagar 100ft Road,12.9784,77.6408,63.7,126.3,47.4,8.2,1.43,42.9,18.7,118,Moderate,PM10,DEMO,SIMULATED
2026-08-31 21:00:00,BLR_ST07,Jayanagar 4th Block,12.9299,77.5826,51.8,103.1,37.1,6.5,1.21,44.1,15.2,103,Moderate,PM10,DEMO,SIMULATED
2026-08-31 21:00:00,BLR_ST08,City Railway Station / Majestic,12.9778,77.5713,96.6,189.4,71.1,13.0,2.47,26.6,26.0,223,Poor,PM2.5,DEMO,SIMULATED
2026-08-31 21:00:00,BLR_ST09,Saneguruvanahalli (Basaveshwaranagar),12.9912,77.5456,60.0,119.3,41.3,7.4,1.27,41.7,17.7,114,Moderate,PM10,DEMO,SIMULATED
2026-08-31 21:00:00,BLR_ST10,BWSSB Kadabeesanahalli (Outer Ring Road),12.9352,77.6894,84.4,167.2,58.8,9.6,1.98,26.5,20.9,182,Moderate,PM2.5,DEMO,SIMULATED
2026-08-31 21:00:00,BLR_ST11,Hombegowda Nagar (Lalbagh Vicinity),12.9388,77.5936,45.1,87.9,31.5,5.4,1.0,44.5,12.8,88,Satisfactory,PM10,DEMO,SIMULATED
2026-08-31 21:00:00,BLR_ST12,Yelahanka New Town,13.1007,77.5963,55.7,109.7,38.7,6.4,1.24,42.8,16.0,107,Moderate,PM10,DEMO,SIMULATED
2026-08-31 21:00:00,BLR_ST13,Electronic City Phase 1,12.8452,77.6602,73.3,145.9,49.1,8.7,1.54,34.9,18.4,145,Moderate,PM2.5,DEMO,SIMULATED
2026-08-31 21:00:00,BLR_ST14,Mysore Road / Nayandahalli,12.9463,77.5255,93.5,187.7,65.7,11.6,2.14,31.7,23.2,213,Poor,PM2.5,DEMO,SIMULATED
2026-08-31 22:00:00,BLR_ST01,Silk Board Junction,12.9176,77.6238,136.0,258.3,69.6,12.5,2.41,31.0,26.3,313,Very Poor,PM2.5,DEMO,SIMULATED
2026-08-31 22:00:00,BLR_ST02,BTM Layout CAAQMS,12.9135,77.6101,80.9,160.7,43.4,8.2,1.35,33.5,19.1,170,Moderate,PM2.5,DEMO,SIMULATED
2026-08-31 22:00:00,BLR_ST03,Peenya Industrial Area,13.0285,77.5197,147.4,296.3,79.8,23.6,2.77,25.4,40.1,322,Very Poor,PM2.5,DEMO,SIMULATED
2026-08-31 22:00:00,BLR_ST04,Hebbal CAAQMS,13.0358,77.597,95.5,193.4,52.5,8.9,1.75,28.1,19.0,219,Poor,PM2.5,DEMO,SIMULATED
2026-08-31 22:00:00,BLR_ST05,Whitefield Export Promotion Industrial Park,12.9815,77.7289,92.8,190.2,48.1,9.7,1.58,32.0,19.5,210,Poor,PM2.5,DEMO,SIMULATED
2026-08-31 22:00:00,BLR_ST06,Indiranagar 100ft Road,12.9784,77.6408,77.6,153.9,45.2,8.2,1.37,42.9,18.7,159,Moderate,PM2.5,DEMO,SIMULATED
2026-08-31 22:00:00,BLR_ST07,Jayanagar 4th Block,12.9299,77.5826,60.2,119.8,33.8,6.2,1.1,42.0,14.5,114,Moderate,PM10,DEMO,SIMULATED
2026-08-31 22:00:00,BLR_ST08,City Railway Station / Majestic,12.9778,77.5713,114.1,223.8,65.7,12.6,2.28,25.7,25.3,281,Poor,PM2.5,DEMO,SIMULATED
2026-08-31 22:00:00,BLR_ST09,Saneguruvanahalli (Basaveshwaranagar),12.9912,77.5456,72.6,144.3,39.1,7.4,1.2,41.4,17.6,143,Moderate,PM2.5,DEMO,SIMULATED
2026-08-31 22:00:00,BLR_ST10,BWSSB Kadabeesanahalli (Outer Ring Road),12.9352,77.6894,111.2,220.4,60.6,10.4,2.04,28.6,22.7,271,Poor,PM2.5,DEMO,SIMULATED
2026-08-31 22:00:00,BLR_ST11,Hombegowda Nagar (Lalbagh Vicinity),12.9388,77.5936,57.6,112.3,31.5,5.7,1.0,46.6,13.5,109,Moderate,PM10,DEMO,SIMULATED
2026-08-31 22:00:00,BLR_ST12,Yelahanka New Town,13.1007,77.5963,65.6,129.1,35.6,6.2,1.14,41.3,15.5,120,Moderate,PM10,DEMO,SIMULATED
2026-08-31 22:00:00,BLR_ST13,Electronic City Phase 1,12.8452,77.6602,84.5,168.2,44.3,8.3,1.39,33.0,17.4,182,Moderate,PM2.5,DEMO,SIMULATED
2026-08-31 22:00:00,BLR_ST14,Mysore Road / Nayandahalli,12.9463,77.5255,110.5,221.9,60.8,11.3,1.98,30.7,22.5,269,Poor,PM2.5,DEMO,SIMULATED
2026-08-31 23:00:00,BLR_ST01,Silk Board Junction,12.9176,77.6238,117.8,223.7,60.3,12.2,2.09,30.1,25.5,293,Poor,PM2.5,DEMO,SIMULATED
2026-08-31 23:00:00,BLR_ST02,BTM Layout CAAQMS,12.9135,77.6101,76.8,152.5,41.2,8.8,1.28,35.7,20.3,156,Moderate,PM2.5,DEMO,SIMULATED
2026-08-31 23:00:00,BLR_ST03,Peenya Industrial Area,13.0285,77.5197,114.2,229.5,61.8,20.5,2.14,22.1,34.8,281,Poor,PM2.5,DEMO,SIMULATED
2026-08-31 23:00:00,BLR_ST04,Hebbal CAAQMS,13.0358,77.597,87.5,177.1,48.1,9.1,1.6,28.9,19.5,192,Moderate,PM2.5,DEMO,SIMULATED
2026-08-31 23:00:00,BLR_ST05,Whitefield Export Promotion Industrial Park,12.9815,77.7289,90.3,185.2,46.8,10.6,1.54,34.9,21.3,202,Poor,PM2.5,DEMO,SIMULATED
2026-08-31 23:00:00,BLR_ST06,Indiranagar 100ft Road,12.9784,77.6408,64.7,128.2,37.7,7.7,1.14,40.0,17.5,120,Moderate,PM10,DEMO,SIMULATED
2026-08-31 23:00:00,BLR_ST07,Jayanagar 4th Block,12.9299,77.5826,56.4,112.2,31.6,6.5,1.03,44.1,15.2,109,Moderate,PM10,DEMO,SIMULATED
2026-08-31 23:00:00,BLR_ST08,City Railway Station / Majestic,12.9778,77.5713,100.9,197.9,58.1,12.5,2.02,25.5,25.0,237,Poor,PM2.5,DEMO,SIMULATED
2026-08-31 23:00:00,BLR_ST09,Saneguruvanahalli (Basaveshwaranagar),12.9912,77.5456,54.8,108.9,29.5,6.3,0.91,35.0,14.9,107,Moderate,PM10,DEMO,SIMULATED
2026-08-31 23:00:00,BLR_ST10,BWSSB Kadabeesanahalli (Outer Ring Road),12.9352,77.6894,90.6,179.5,49.4,9.5,1.66,26.1,20.7,203,Poor,PM2.5,DEMO,SIMULATED
2026-08-31 23:00:00,BLR_ST11,Hombegowda Nagar (Lalbagh Vicinity),12.9388,77.5936,47.6,92.9,26.0,5.3,0.83,43.3,12.5,93,Satisfactory,PM10,DEMO,SIMULATED
2026-08-31 23:00:00,BLR_ST12,Yelahanka New Town,13.1007,77.5963,55.0,108.4,29.9,5.8,0.96,38.9,14.6,107,Moderate,PM10,DEMO,SIMULATED
2026-08-31 23:00:00,BLR_ST13,Electronic City Phase 1,12.8452,77.6602,78.3,156.0,41.1,8.6,1.29,34.3,18.1,161,Moderate,PM2.5,DEMO,SIMULATED
2026-08-31 23:00:00,BLR_ST14,Mysore Road / Nayandahalli,12.9463,77.5255,89.2,179.0,49.0,10.2,1.6,27.8,20.4,197,Moderate,PM2.5,DEMO,SIMULATED
2026-09-01 00:00:00,BLR_ST01,Silk Board Junction,12.9176,77.6238,84.6,160.7,43.3,10.8,1.5,26.6,22.6,182,Moderate,PM2.5,DEMO,SIMULATED
2026-09-01 00:00:00,BLR_ST02,BTM Layout CAAQMS,12.9135,77.6101,59.2,117.6,31.8,8.3,0.99,33.9,19.3,113,Moderate,PM10,DEMO,SIMULATED
2026-09-01 00:00:00,BLR_ST03,Peenya Industrial Area,13.0285,77.5197,102.3,205.7,55.4,22.6,1.92,24.4,38.4,242,Poor,PM2.5,DEMO,SIMULATED
2026-09-01 00:00:00,BLR_ST04,Hebbal CAAQMS,13.0358,77.597,75.0,151.7,41.2,9.6,1.37,30.4,20.6,150,Moderate,PM2.5,DEMO,SIMULATED
2026-09-01 00:00:00,BLR_ST05,Whitefield Export Promotion Industrial Park,12.9815,77.7289,63.7,130.6,33.0,9.2,1.09,30.3,18.5,121,Moderate,PM10,DEMO,SIMULATED
2026-09-01 00:00:00,BLR_ST06,Indiranagar 100ft Road,12.9784,77.6408,49.7,98.5,28.9,7.3,0.87,37.9,16.5,99,Satisfactory,PM10,DEMO,SIMULATED
2026-09-01 00:00:00,BLR_ST07,Jayanagar 4th Block,12.9299,77.5826,40.1,79.9,22.5,5.7,0.73,38.7,13.3,80,Satisfactory,PM10,DEMO,SIMULATED
2026-09-01 00:00:00,BLR_ST08,City Railway Station / Majestic,12.9778,77.5713,86.8,170.1,50.0,13.3,1.73,27.0,26.5,189,Moderate,PM2.5,DEMO,SIMULATED
2026-09-01 00:00:00,BLR_ST09,Saneguruvanahalli (Basaveshwaranagar),12.9912,77.5456,46.6,92.6,25.1,6.6,0.77,36.7,15.6,93,Satisfactory,PM10,DEMO,SIMULATED
2026-09-01 00:00:00,BLR_ST10,BWSSB Kadabeesanahalli (Outer Ring Road),12.9352,77.6894,79.8,158.1,43.5,10.3,1.47,28.3,22.5,166,Moderate,PM2.5,DEMO,SIMULATED
2026-09-01 00:00:00,BLR_ST11,Hombegowda Nagar (Lalbagh Vicinity),12.9388,77.5936,38.6,75.2,21.1,5.3,0.67,43.1,12.5,76,Satisfactory,PM10,DEMO,SIMULATED
2026-09-01 00:00:00,BLR_ST12,Yelahanka New Town,13.1007,77.5963,45.0,88.5,24.4,5.9,0.78,39.1,14.7,89,Satisfactory,PM10,DEMO,SIMULATED
2026-09-01 00:00:00,BLR_ST13,Electronic City Phase 1,12.8452,77.6602,61.2,121.8,32.1,8.3,1.01,33.0,17.4,115,Moderate,PM10,DEMO,SIMULATED
2026-09-01 00:00:00,BLR_ST14,Mysore Road / Nayandahalli,12.9463,77.5255,84.5,169.6,46.4,11.9,1.51,32.4,23.8,182,Moderate,PM2.5,DEMO,SIMULATED
2026-09-01 01:00:00,BLR_ST01,Silk Board Junction,12.9176,77.6238,97.6,185.4,49.9,12.4,1.73,30.7,26.1,226,Poor,PM2.5,DEMO,SIMULATED
2026-09-01 01:00:00,BLR_ST02,BTM Layout CAAQMS,12.9135,77.6101,65.5,130.2,35.2,9.2,1.1,37.5,21.4,121,Moderate,PM10,DEMO,SIMULATED
2026-09-01 01:00:00,BLR_ST03,Peenya Industrial Area,13.0285,77.5197,102.7,206.4,55.6,22.7,1.93,24.4,38.5,243,Poor,PM2.5,DEMO,SIMULATED
2026-09-01 01:00:00,BLR_ST04,Hebbal CAAQMS,13.0358,77.597,71.3,144.3,39.2,9.2,1.31,29.0,19.6,138,Moderate,PM2.5,DEMO,SIMULATED
2026-09-01 01:00:00,BLR_ST05,Whitefield Export Promotion Industrial Park,12.9815,77.7289,68.7,140.9,35.6,10.0,1.17,32.7,19.9,130,Moderate,PM2.5,DEMO,SIMULATED
2026-09-01 01:00:00,BLR_ST06,Indiranagar 100ft Road,12.9784,77.6408,47.5,94.1,27.6,7.0,0.83,36.2,15.8,94,Satisfactory,PM10,DEMO,SIMULATED
2026-09-01 01:00:00,BLR_ST07,Jayanagar 4th Block,12.9299,77.5826,42.0,83.5,23.5,6.0,0.77,40.4,13.9,84,Satisfactory,PM10,DEMO,SIMULATED
2026-09-01 01:00:00,BLR_ST08,City Railway Station / Majestic,12.9778,77.5713,85.0,166.6,48.9,13.0,1.7,26.5,26.0,184,Moderate,PM2.5,DEMO,SIMULATED
2026-09-01 01:00:00,BLR_ST09,Saneguruvanahalli (Basaveshwaranagar),12.9912,77.5456,44.1,87.6,23.7,6.2,0.73,34.7,14.8,88,Satisfactory,PM10,DEMO,SIMULATED
2026-09-01 01:00:00,BLR_ST10,BWSSB Kadabeesanahalli (Outer Ring Road),12.9352,77.6894,80.6,159.7,43.9,10.4,1.48,28.6,22.7,169,Moderate,PM2.5,DEMO,SIMULATED
2026-09-01 01:00:00,BLR_ST11,Hombegowda Nagar (Lalbagh Vicinity),12.9388,77.5936,39.6,77.2,21.7,5.4,0.69,44.3,12.8,78,Satisfactory,PM10,DEMO,SIMULATED
2026-09-01 01:00:00,BLR_ST12,Yelahanka New Town,13.1007,77.5963,45.9,90.3,24.9,6.0,0.8,39.9,15.0,90,Satisfactory,PM10,DEMO,SIMULATED
2026-09-01 01:00:00,BLR_ST13,Electronic City Phase 1,12.8452,77.6602,61.1,121.6,32.0,8.2,1.01,33.0,17.4,115,Moderate,PM10,DEMO,SIMULATED
2026-09-01 01:00:00,BLR_ST14,Mysore Road / Nayandahalli,12.9463,77.5255,74.3,149.2,40.9,10.5,1.33,28.5,20.9,148,Moderate,PM2.5,DEMO,SIMULATED
2026-09-01 02:00:00,BLR_ST01,Silk Board Junction,12.9176,77.6238,85.7,162.8,43.9,10.9,1.52,27.0,22.9,186,Moderate,PM2.5,DEMO,SIMULATED
2026-09-01 02:00:00,BLR_ST02,BTM Layout CAAQMS,12.9135,77.6101,61.3,121.8,32.9,8.6,1.03,35.1,20.0,115,Moderate,PM10,DEMO,SIMULATED
2026-09-01 02:00:00,BLR_ST03,Peenya Industrial Area,13.0285,77.5197,103.1,207.3,55.8,22.8,1.94,24.6,38.7,244,Poor,PM2.5,DEMO,SIMULATED
2026-09-01 02:00:00,BLR_ST04,Hebbal CAAQMS,13.0358,77.597,71.7,145.2,39.4,9.2,1.31,29.1,19.7,140,Moderate,PM2.5,DEMO,SIMULATED
2026-09-01 02:00:00,BLR_ST05,Whitefield Export Promotion Industrial Park,12.9815,77.7289,64.8,133.0,33.6,9.4,1.11,30.9,18.8,123,Moderate,PM10,DEMO,SIMULATED
2026-09-01 02:00:00,BLR_ST06,Indiranagar 100ft Road,12.9784,77.6408,49.2,97.5,28.6,7.2,0.86,37.5,16.3,98,Satisfactory,PM10,DEMO,SIMULATED
2026-09-01 02:00:00,BLR_ST07,Jayanagar 4th Block,12.9299,77.5826,47.6,94.7,26.7,6.8,0.87,45.9,15.8,95,Satisfactory,PM10,DEMO,SIMULATED
2026-09-01 02:00:00,BLR_ST08,City Railway Station / Majestic,12.9778,77.5713,82.2,161.3,47.4,12.6,1.64,25.6,25.1,174,Moderate,PM2.5,DEMO,SIMULATED
2026-09-01 02:00:00,BLR_ST09,Saneguruvanahalli (Basaveshwaranagar),12.9912,77.5456,49.5,98.3,26.6,7.0,0.82,38.9,16.6,98,Satisfactory,PM10,DEMO,SIMULATED
2026-09-01 02:00:00,BLR_ST10,BWSSB Kadabeesanahalli (Outer Ring Road),12.9352,77.6894,86.6,171.6,47.2,11.1,1.59,30.8,24.4,189,Moderate,PM2.5,DEMO,SIMULATED
2026-09-01 02:00:00,BLR_ST11,Hombegowda Nagar (Lalbagh Vicinity),12.9388,77.5936,38.9,75.8,21.3,5.3,0.68,43.5,12.6,76,Satisfactory,PM10,DEMO,SIMULATED
2026-09-01 02:00:00,BLR_ST12,Yelahanka New Town,13.1007,77.5963,44.5,87.6,24.2,5.8,0.77,38.7,14.5,88,Satisfactory,PM10,DEMO,SIMULATED
2026-09-01 02:00:00,BLR_ST13,Electronic City Phase 1,12.8452,77.6602,70.9,141.2,37.2,9.6,1.17,38.3,20.2,137,Moderate,PM2.5,DEMO,SIMULATED
2026-09-01 02:00:00,BLR_ST14,Mysore Road / Nayandahalli,12.9463,77.5255,83.8,168.3,46.1,11.8,1.5,32.2,23.6,180,Moderate,PM2.5,DEMO,SIMULATED
2026-09-01 03:00:00,BLR_ST01,Silk Board Junction,12.9176,77.6238,98.9,187.8,50.6,12.6,1.75,31.1,26.4,230,Poor,PM2.5,DEMO,SIMULATED
2026-09-01 03:00:00,BLR_ST02,BTM Layout CAAQMS,12.9135,77.6101,55.5,110.2,29.8,7.8,0.93,31.7,18.1,108,Moderate,PM10,DEMO,SIMULATED
2026-09-01 03:00:00,BLR_ST03,Peenya Industrial Area,13.0285,77.5197,97.6,196.2,52.8,21.6,1.83,23.2,36.6,226,Poor,PM2.5,DEMO,SIMULATED
2026-09-01 03:00:00,BLR_ST04,Hebbal CAAQMS,13.0358,77.597,83.2,168.4,45.8,10.7,1.53,33.8,22.9,178,Moderate,PM2.5,DEMO,SIMULATED
2026-09-01 03:00:00,BLR_ST05,Whitefield Export Promotion Industrial Park,12.9815,77.7289,66.2,135.7,34.3,9.6,1.13,31.5,19.2,125,Moderate,PM10,DEMO,SIMULATED
2026-09-01 03:00:00,BLR_ST06,Indiranagar 100ft Road,12.9784,77.6408,49.3,97.7,28.7,7.2,0.87,37.6,16.4,98,Satisfactory,PM10,DEMO,SIMULATED
2026-09-01 03:00:00,BLR_ST07,Jayanagar 4th Block,12.9299,77.5826,47.8,95.0,26.8,6.8,0.87,46.0,15.8,95,Satisfactory,PM10,DEMO,SIMULATED
2026-09-01 03:00:00,BLR_ST08,City Railway Station / Majestic,12.9778,77.5713,93.1,182.6,53.6,14.2,1.86,29.0,28.4,211,Poor,PM2.5,DEMO,SIMULATED
2026-09-01 03:00:00,BLR_ST09,Saneguruvanahalli (Basaveshwaranagar),12.9912,77.5456,46.3,92.0,24.9,6.5,0.77,36.4,15.5,92,Satisfactory,PM10,DEMO,SIMULATED
2026-09-01 03:00:00,BLR_ST10,BWSSB Kadabeesanahalli (Outer Ring Road),12.9352,77.6894,84.9,168.2,46.2,10.9,1.56,30.1,23.9,183,Moderate,PM2.5,DEMO,SIMULATED
2026-09-01 03:00:00,BLR_ST11,Hombegowda Nagar (Lalbagh Vicinity),12.9388,77.5936,40.2,78.4,22.0,5.5,0.7,44.9,13.0,79,Satisfactory,PM10,DEMO,SIMULATED
2026-09-01 03:00:00,BLR_ST12,Yelahanka New Town,13.1007,77.5963,46.7,92.0,25.4,6.1,0.81,40.6,15.2,92,Satisfactory,PM10,DEMO,SIMULATED
2026-09-01 03:00:00,BLR_ST13,Electronic City Phase 1,12.8452,77.6602,63.3,126.0,33.2,8.5,1.04,34.1,18.0,118,Moderate,PM10,DEMO,SIMULATED
2026-09-01 03:00:00,BLR_ST14,Mysore Road / Nayandahalli,12.9463,77.5255,76.3,153.1,41.9,10.7,1.37,29.3,21.5,155,Moderate,PM2.5,DEMO,SIMULATED
2026-09-01 04:00:00,BLR_ST01,Silk Board Junction,12.9176,77.6238,96.2,182.7,49.2,12.2,1.71,30.2,25.6,221,Poor,PM2.5,DEMO,SIMULATED
2026-09-01 04:00:00,BLR_ST02,BTM Layout CAAQMS,12.9135,77.6101,58.7,116.5,31.5,8.2,0.98,33.5,19.1,112,Moderate,PM10,DEMO,SIMULATED
2026-09-01 04:00:00,BLR_ST03,Peenya Industrial Area,13.0285,77.5197,93.6,188.2,50.7,20.7,1.76,22.2,35.1,213,Poor,PM2.5,DEMO,SIMULATED
2026-09-01 04:00:00,BLR_ST04,Hebbal CAAQMS,13.0358,77.597,77.5,156.9,42.6,9.9,1.42,31.4,21.3,159,Moderate,PM2.5,DEMO,SIMULATED
2026-09-01 04:00:00,BLR_ST05,Whitefield Export Promotion Industrial Park,12.9815,77.7289,71.8,147.3,37.3,10.4,1.23,34.1,20.8,140,Moderate,PM2.5,DEMO,SIMULATED
2026-09-01 04:00:00,BLR_ST06,Indiranagar 100ft Road,12.9784,77.6408,51.8,102.6,30.1,7.6,0.91,39.4,17.2,103,Moderate,PM10,DEMO,SIMULATED
2026-09-01 04:00:00,BLR_ST07,Jayanagar 4th Block,12.9299,77.5826,45.4,90.3,25.5,6.4,0.83,43.6,15.0,90,Satisfactory,PM10,DEMO,SIMULATED
2026-09-01 04:00:00,BLR_ST08,City Railway Station / Majestic,12.9778,77.5713,86.2,168.9,49.6,13.1,1.72,26.8,26.3,187,Moderate,PM2.5,DEMO,SIMULATED
2026-09-01 04:00:00,BLR_ST09,Saneguruvanahalli (Basaveshwaranagar),12.9912,77.5456,52.8,104.9,28.4,7.4,0.87,41.4,17.7,104,Moderate,PM10,DEMO,SIMULATED
2026-09-01 04:00:00,BLR_ST10,BWSSB Kadabeesanahalli (Outer Ring Road),12.9352,77.6894,81.2,160.9,44.3,10.4,1.49,28.8,22.8,171,Moderate,PM2.5,DEMO,SIMULATED
2026-09-01 04:00:00,BLR_ST11,Hombegowda Nagar (Lalbagh Vicinity),12.9388,77.5936,42.0,82.0,23.0,5.7,0.73,46.9,13.5,82,Satisfactory,PM10,DEMO,SIMULATED
2026-09-01 04:00:00,BLR_ST12,Yelahanka New Town,13.1007,77.5963,45.5,89.7,24.8,5.9,0.79,39.5,14.8,90,Satisfactory,PM10,DEMO,SIMULATED
2026-09-01 04:00:00,BLR_ST13,Electronic City Phase 1,12.8452,77.6602,64.1,127.6,33.6,8.6,1.06,34.5,18.2,119,Moderate,PM10,DEMO,SIMULATED
2026-09-01 04:00:00,BLR_ST14,Mysore Road / Nayandahalli,12.9463,77.5255,81.4,163.4,44.8,11.4,1.46,31.2,22.8,172,Moderate,PM2.5,DEMO,SIMULATED
2026-09-01 05:00:00,BLR_ST01,Silk Board Junction,12.9176,77.6238,97.4,185.0,49.8,12.2,1.73,30.2,25.6,225,Poor,PM2.5,DEMO,SIMULATED
2026-09-01 05:00:00,BLR_ST02,BTM Layout CAAQMS,12.9135,77.6101,64.2,127.6,34.5,8.9,1.07,36.2,20.7,119,Moderate,PM10,DEMO,SIMULATED
2026-09-01 05:00:00,BLR_ST03,Peenya Industrial Area,13.0285,77.5197,100.8,202.6,54.6,22.0,1.89,23.7,37.3,237,Poor,PM2.5,DEMO,SIMULATED
2026-09-01 05:00:00,BLR_ST04,Hebbal CAAQMS,13.0358,77.597,77.4,156.7,42.6,9.8,1.42,31.0,21.0,158,Moderate,PM2.5,DEMO,SIMULATED
2026-09-01 05:00:00,BLR_ST05,Whitefield Export Promotion Industrial Park,12.9815,77.7289,73.3,150.3,38.0,10.5,1.25,34.4,20.9,145,Moderate,PM2.5,DEMO,SIMULATED
2026-09-01 05:00:00,BLR_ST06,Indiranagar 100ft Road,12.9784,77.6408,49.2,97.6,28.7,7.1,0.87,37.0,16.1,98,Satisfactory,PM10,DEMO,SIMULATED
2026-09-01 05:00:00,BLR_ST07,Jayanagar 4th Block,12.9299,77.5826,45.7,91.0,25.6,6.4,0.84,43.4,15.0,91,Satisfactory,PM10,DEMO,SIMULATED
2026-09-01 05:00:00,BLR_ST08,City Railway Station / Majestic,12.9778,77.5713,90.0,176.5,51.8,13.6,1.8,27.6,27.1,200,Moderate,PM2.5,DEMO,SIMULATED
2026-09-01 05:00:00,BLR_ST09,Saneguruvanahalli (Basaveshwaranagar),12.9912,77.5456,51.8,103.0,27.9,7.2,0.86,40.2,17.1,103,Moderate,PM10,DEMO,SIMULATED
2026-09-01 05:00:00,BLR_ST10,BWSSB Kadabeesanahalli (Outer Ring Road),12.9352,77.6894,75.8,150.1,41.3,9.6,1.39,26.5,21.0,153,Moderate,PM2.5,DEMO,SIMULATED
2026-09-01 05:00:00,BLR_ST11,Hombegowda Nagar (Lalbagh Vicinity),12.9388,77.5936,44.8,87.4,24.5,6.0,0.78,49.4,14.3,88,Satisfactory,PM10,DEMO,SIMULATED
2026-09-01 05:00:00,BLR_ST12,Yelahanka New Town,13.1007,77.5963,46.5,91.5,25.3,6.0,0.81,39.8,14.9,92,Satisfactory,PM10,DEMO,SIMULATED
2026-09-01 05:00:00,BLR_ST13,Electronic City Phase 1,12.8452,77.6602,66.3,132.0,34.8,8.8,1.09,35.3,18.6,122,Moderate,PM2.5,DEMO,SIMULATED
2026-09-01 05:00:00,BLR_ST14,Mysore Road / Nayandahalli,12.9463,77.5255,79.4,159.4,43.7,11.0,1.42,30.0,22.0,165,Moderate,PM2.5,DEMO,SIMULATED
2026-09-01 06:00:00,BLR_ST01,Silk Board Junction,12.9176,77.6238,81.0,153.9,53.0,12.5,1.83,30.8,26.1,170,Moderate,PM2.5,DEMO,SIMULATED
2026-09-01 06:00:00,BLR_ST02,BTM Layout CAAQMS,12.9135,77.6101,51.4,102.1,35.3,8.7,1.1,35.5,20.2,102,Moderate,PM10,DEMO,SIMULATED
2026-09-01 06:00:00,BLR_ST03,Peenya Industrial Area,13.0285,77.5197,84.5,169.9,58.5,22.6,2.03,24.3,38.3,182,Moderate,PM2.5,DEMO,SIMULATED
2026-09-01 06:00:00,BLR_ST04,Hebbal CAAQMS,13.0358,77.597,66.9,135.4,47.0,10.4,1.57,32.8,22.2,124,Moderate,PM2.5,DEMO,SIMULATED
2026-09-01 06:00:00,BLR_ST05,Whitefield Export Promotion Industrial Park,12.9815,77.7289,56.6,116.1,37.5,9.9,1.23,32.6,19.8,112,Moderate,PM10,DEMO,SIMULATED
2026-09-01 06:00:00,BLR_ST06,Indiranagar 100ft Road,12.9784,77.6408,45.7,90.6,34.0,8.1,1.03,42.1,18.3,91,Satisfactory,PM10,DEMO,SIMULATED
2026-09-01 06:00:00,BLR_ST07,Jayanagar 4th Block,12.9299,77.5826,36.4,72.5,26.1,6.2,0.85,42.4,14.6,73,Satisfactory,PM10,DEMO,SIMULATED
2026-09-01 06:00:00,BLR_ST08,City Railway Station / Majestic,12.9778,77.5713,72.4,142.0,53.3,13.4,1.85,27.2,26.7,142,Moderate,PM2.5,DEMO,SIMULATED
2026-09-01 06:00:00,BLR_ST09,Saneguruvanahalli (Basaveshwaranagar),12.9912,77.5456,36.7,72.9,25.2,6.2,0.78,34.9,14.9,73,Satisfactory,PM10,DEMO,SIMULATED
2026-09-01 06:00:00,BLR_ST10,BWSSB Kadabeesanahalli (Outer Ring Road),12.9352,77.6894,71.2,141.2,49.6,11.1,1.67,30.6,24.2,138,Moderate,PM2.5,DEMO,SIMULATED
2026-09-01 06:00:00,BLR_ST11,Hombegowda Nagar (Lalbagh Vicinity),12.9388,77.5936,34.4,67.0,24.0,5.7,0.76,46.4,13.4,68,Satisfactory,PM10,DEMO,SIMULATED
2026-09-01 06:00:00,BLR_ST12,Yelahanka New Town,13.1007,77.5963,37.0,72.8,25.7,5.8,0.82,38.9,14.6,73,Satisfactory,PM10,DEMO,SIMULATED
2026-09-01 06:00:00,BLR_ST13,Electronic City Phase 1,12.8452,77.6602,56.8,113.2,38.1,9.3,1.2,37.1,19.6,110,Moderate,PM10,DEMO,SIMULATED
2026-09-01 06:00:00,BLR_ST14,Mysore Road / Nayandahalli,12.9463,77.5255,58.8,118.1,41.3,10.0,1.35,27.3,20.0,113,Moderate,PM10,DEMO,SIMULATED
2026-09-01 07:00:00,BLR_ST01,Silk Board Junction,12.9176,77.6238,89.7,170.3,58.6,12.6,2.03,31.2,26.4,199,Moderate,PM2.5,DEMO,SIMULATED
2026-09-01 07:00:00,BLR_ST02,BTM Layout CAAQMS,12.9135,77.6101,56.1,111.4,38.5,8.7,1.2,35.5,20.2,109,Moderate,PM10,DEMO,SIMULATED
2026-09-01 07:00:00,BLR_ST03,Peenya Industrial Area,13.0285,77.5197,89.8,180.6,62.1,22.0,2.15,23.7,37.2,199,Moderate,PM2.5,DEMO,SIMULATED
2026-09-01 07:00:00,BLR_ST04,Hebbal CAAQMS,13.0358,77.597,72.7,147.1,51.1,10.3,1.7,32.6,22.1,143,Moderate,PM2.5,DEMO,SIMULATED
2026-09-01 07:00:00,BLR_ST05,Whitefield Export Promotion Industrial Park,12.9815,77.7289,69.7,142.9,46.2,11.2,1.52,36.7,22.3,133,Moderate,PM2.5,DEMO,SIMULATED
2026-09-01 07:00:00,BLR_ST06,Indiranagar 100ft Road,12.9784,77.6408,45.7,90.6,34.0,7.4,1.03,38.5,16.8,91,Satisfactory,PM10,DEMO,SIMULATED
2026-09-01 07:00:00,BLR_ST07,Jayanagar 4th Block,12.9299,77.5826,35.7,71.0,25.6,5.6,0.84,38.0,13.1,72,Satisfactory,PM10,DEMO,SIMULATED
2026-09-01 07:00:00,BLR_ST08,City Railway Station / Majestic,12.9778,77.5713,73.4,143.8,54.0,12.4,1.87,25.3,24.7,145,Moderate,PM2.5,DEMO,SIMULATED
2026-09-01 07:00:00,BLR_ST09,Saneguruvanahalli (Basaveshwaranagar),12.9912,77.5456,43.8,87.1,30.2,6.8,0.93,38.1,16.2,87,Satisfactory,PM10,DEMO,SIMULATED
2026-09-01 07:00:00,BLR_ST10,BWSSB Kadabeesanahalli (Outer Ring Road),12.9352,77.6894,74.2,147.1,51.7,10.5,1.74,29.2,23.1,148,Moderate,PM2.5,DEMO,SIMULATED
2026-09-01 07:00:00,BLR_ST11,Hombegowda Nagar (Lalbagh Vicinity),12.9388,77.5936,37.0,72.2,25.9,5.6,0.82,45.8,13.2,73,Satisfactory,PM10,DEMO,SIMULATED
2026-09-01 07:00:00,BLR_ST12,Yelahanka New Town,13.1007,77.5963,42.3,83.3,29.4,6.1,0.94,40.7,15.2,84,Satisfactory,PM10,DEMO,SIMULATED
2026-09-01 07:00:00,BLR_ST13,Electronic City Phase 1,12.8452,77.6602,59.8,119.0,40.1,8.9,1.26,35.7,18.8,114,Moderate,PM10,DEMO,SIMULATED
2026-09-01 07:00:00,BLR_ST14,Mysore Road / Nayandahalli,12.9463,77.5255,69.3,139.1,48.7,10.8,1.58,29.4,21.5,132,Moderate,PM2.5,DEMO,SIMULATED
2026-09-01 08:00:00,BLR_ST01,Silk Board Junction,12.9176,77.6238,95.8,182.0,62.7,12.1,2.17,30.2,25.4,220,Poor,PM2.5,DEMO,SIMULATED
2026-09-01 08:00:00,BLR_ST02,BTM Layout CAAQMS,12.9135,77.6101,61.3,121.8,42.0,8.5,1.31,35.1,19.8,115,Moderate,PM10,DEMO,SIMULATED
2026-09-01 08:00:00,BLR_ST03,Peenya Industrial Area,13.0285,77.5197,101.9,204.9,70.5,22.4,2.44,24.3,38.0,240,Poor,PM2.5,DEMO,SIMULATED
2026-09-01 08:00:00,BLR_ST04,Hebbal CAAQMS,13.0358,77.597,74.5,150.8,52.4,9.5,1.75,30.3,20.3,149,Moderate,PM2.5,DEMO,SIMULATED
2026-09-01 08:00:00,BLR_ST05,Whitefield Export Promotion Industrial Park,12.9815,77.7289,64.1,131.5,42.5,9.2,1.4,30.6,18.5,122,Moderate,PM10,DEMO,SIMULATED
2026-09-01 08:00:00,BLR_ST06,Indiranagar 100ft Road,12.9784,77.6408,47.5,94.0,35.3,6.9,1.07,36.2,15.7,94,Satisfactory,PM10,DEMO,SIMULATED
2026-09-01 08:00:00,BLR_ST07,Jayanagar 4th Block,12.9299,77.5826,43.3,86.1,31.0,6.1,1.01,41.8,14.3,86,Satisfactory,PM10,DEMO,SIMULATED
2026-09-01 08:00:00,BLR_ST08,City Railway Station / Majestic,12.9778,77.5713,93.6,183.5,68.9,14.2,2.39,29.2,28.4,213,Poor,PM2.5,DEMO,SIMULATED
2026-09-01 08:00:00,BLR_ST09,Saneguruvanahalli (Basaveshwaranagar),12.9912,77.5456,44.9,89.2,30.9,6.3,0.95,35.4,15.0,89,Satisfactory,PM10,DEMO,SIMULATED
2026-09-01 08:00:00,BLR_ST10,BWSSB Kadabeesanahalli (Outer Ring Road),12.9352,77.6894,89.5,177.3,62.3,11.4,2.1,31.8,25.0,198,Moderate,PM2.5,DEMO,SIMULATED
2026-09-01 08:00:00,BLR_ST11,Hombegowda Nagar (Lalbagh Vicinity),12.9388,77.5936,37.6,73.4,26.3,5.1,0.84,42.1,12.1,74,Satisfactory,PM10,DEMO,SIMULATED
2026-09-01 08:00:00,BLR_ST12,Yelahanka New Town,13.1007,77.5963,44.6,87.8,31.0,5.8,0.99,38.8,14.4,88,Satisfactory,PM10,DEMO,SIMULATED
2026-09-01 08:00:00,BLR_ST13,Electronic City Phase 1,12.8452,77.6602,66.6,132.5,44.6,8.9,1.4,36.0,18.8,123,Moderate,PM2.5,DEMO,SIMULATED
2026-09-01 08:00:00,BLR_ST14,Mysore Road / Nayandahalli,12.9463,77.5255,74.1,148.8,52.1,10.4,1.7,28.5,20.7,148,Moderate,PM2.5,DEMO,SIMULATED
2026-09-01 09:00:00,BLR_ST01,Silk Board Junction,12.9176,77.6238,95.1,180.5,62.2,11.5,2.15,29.3,24.0,218,Poor,PM2.5,DEMO,SIMULATED
2026-09-01 09:00:00,BLR_ST02,BTM Layout CAAQMS,12.9135,77.6101,62.9,124.9,43.1,8.4,1.34,35.2,19.4,117,Moderate,PM10,DEMO,SIMULATED
2026-09-01 09:00:00,BLR_ST03,Peenya Industrial Area,13.0285,77.5197,105.6,212.3,73.1,22.1,2.53,24.6,37.5,252,Poor,PM2.5,DEMO,SIMULATED
2026-09-01 09:00:00,BLR_ST04,Hebbal CAAQMS,13.0358,77.597,83.9,169.7,58.9,10.2,1.96,33.4,21.8,180,Moderate,PM2.5,DEMO,SIMULATED
2026-09-01 09:00:00,BLR_ST05,Whitefield Export Promotion Industrial Park,12.9815,77.7289,71.7,146.9,47.5,9.8,1.56,33.4,19.7,140,Moderate,PM2.5,DEMO,SIMULATED
2026-09-01 09:00:00,BLR_ST06,Indiranagar 100ft Road,12.9784,77.6408,51.9,102.9,38.6,7.2,1.17,38.8,16.3,103,Moderate,PM10,DEMO,SIMULATED
2026-09-01 09:00:00,BLR_ST07,Jayanagar 4th Block,12.9299,77.5826,49.0,97.6,35.1,6.6,1.15,46.3,15.4,98,Satisfactory,PM10,DEMO,SIMULATED
2026-09-01 09:00:00,BLR_ST08,City Railway Station / Majestic,12.9778,77.5713,83.0,162.7,61.1,12.0,2.12,25.3,24.0,177,Moderate,PM2.5,DEMO,SIMULATED
2026-09-01 09:00:00,BLR_ST09,Saneguruvanahalli (Basaveshwaranagar),12.9912,77.5456,54.6,108.5,37.6,7.3,1.16,42.1,17.3,107,Moderate,PM10,DEMO,SIMULATED
2026-09-01 09:00:00,BLR_ST10,BWSSB Kadabeesanahalli (Outer Ring Road),12.9352,77.6894,88.8,176.0,61.9,10.8,2.08,30.9,23.7,196,Moderate,PM2.5,DEMO,SIMULATED
2026-09-01 09:00:00,BLR_ST11,Hombegowda Nagar (Lalbagh Vicinity),12.9388,77.5936,44.0,85.9,30.8,5.7,0.98,48.2,13.5,86,Satisfactory,PM10,DEMO,SIMULATED
2026-09-01 09:00:00,BLR_ST12,Yelahanka New Town,13.1007,77.5963,45.3,89.3,31.5,5.6,1.01,38.6,14.0,90,Satisfactory,PM10,DEMO,SIMULATED
2026-09-01 09:00:00,BLR_ST13,Electronic City Phase 1,12.8452,77.6602,77.3,153.9,51.8,9.9,1.63,40.9,20.8,158,Moderate,PM2.5,DEMO,SIMULATED
2026-09-01 09:00:00,BLR_ST14,Mysore Road / Nayandahalli,12.9463,77.5255,78.4,157.4,55.1,10.4,1.79,29.5,20.9,162,Moderate,PM2.5,DEMO,SIMULATED
